{
  "version": "1.4",
  "metadata": {
    "app": "nytem-2021/solidus",
    "language": {
      "name": "ruby",
      "engine": "ruby",
      "version": "2.6.6"
    },
    "client": {
      "name": "appmap",
      "url": "https://github.com/applandinc/appmap-ruby",
      "version": "0.41.2"
    },
    "frameworks": [
      {
        "name": "rails",
        "version": "6.0.3.4"
      },
      {
        "name": "rspec",
        "version": "3.10.0"
      }
    ],
    "git": {
      "repository": "git@github.com:land-of-apps/solidus-nytem-2021.git",
      "branch": "main",
      "commit": "438fff939c2893653f43176c17ebb84894b38c20",
      "status": [],
      "git_last_annotated_tag": "v2.10.0.beta1",
      "git_last_tag": "v2.10.0.beta1",
      "git_commits_since_last_annotated_tag": 0,
      "git_commits_since_last_tag": 0
    },
    "name": "Spree::Admin::Users::ApiKeyController #destroy without ability to manage users and API keys denies access",
    "feature": "Spree::Admin::Users::ApiKeyController #destroy",
    "feature_group": "Spree admin users api key",
    "recorder": {
      "name": "rspec"
    },
    "fingerprints": [
      {
        "appmap_digest": "9fa44b5a785ffaf4e6a469b0459dbf4e9d2fa652975e71820a9401168e96cd5e",
        "canonicalization_algorithm": "beta_v1_error",
        "digest": "cc6fc83032d178a76e8989fc2e41a2253eb6d9cc319f0b52c1cdb78832595abd",
        "fingerprint_algorithm": "sha256"
      },
      {
        "appmap_digest": "9fa44b5a785ffaf4e6a469b0459dbf4e9d2fa652975e71820a9401168e96cd5e",
        "canonicalization_algorithm": "beta_v1_info",
        "digest": "cc6fc83032d178a76e8989fc2e41a2253eb6d9cc319f0b52c1cdb78832595abd",
        "fingerprint_algorithm": "sha256"
      },
      {
        "appmap_digest": "9fa44b5a785ffaf4e6a469b0459dbf4e9d2fa652975e71820a9401168e96cd5e",
        "canonicalization_algorithm": "beta_v1_debug",
        "digest": "2599cf2966cf1dd8a498a074b63bab294ee8dd4fb925de5310e4492f60b5b24a",
        "fingerprint_algorithm": "sha256"
      }
    ]
  },
  "classMap": [
    {
      "name": "activerecord",
      "type": "package",
      "children": [
        {
          "name": "ActiveRecord",
          "type": "class",
          "children": [
            {
              "name": "Inheritance",
              "type": "class",
              "children": [
                {
                  "name": "ClassMethods",
                  "type": "class",
                  "children": [
                    {
                      "name": "new",
                      "type": "function",
                      "location": "/Users/kgilpin/.rbenv/versions/2.6.6/lib/ruby/gems/2.6.0/gems/activerecord-6.0.3.4/lib/active_record/inheritance.rb:50",
                      "static": true
                    }
                  ]
                }
              ]
            },
            {
              "name": "ModelSchema",
              "type": "class",
              "children": [
                {
                  "name": "ClassMethods",
                  "type": "class",
                  "children": [
                    {
                      "name": "symbol_column_to_string",
                      "type": "function",
                      "location": "/Users/kgilpin/.rbenv/versions/2.6.6/lib/ruby/gems/2.6.0/gems/activerecord-6.0.3.4/lib/active_record/model_schema.rb:407",
                      "static": true
                    }
                  ]
                }
              ]
            },
            {
              "name": "Associations",
              "type": "class",
              "children": [
                {
                  "name": "association",
                  "type": "function",
                  "location": "/Users/kgilpin/.rbenv/versions/2.6.6/lib/ruby/gems/2.6.0/gems/activerecord-6.0.3.4/lib/active_record/associations.rb:230",
                  "static": false
                }
              ]
            },
            {
              "name": "ConnectionAdapters",
              "type": "class",
              "children": [
                {
                  "name": "TransactionManager",
                  "type": "class",
                  "children": [
                    {
                      "name": "commit_transaction",
                      "type": "function",
                      "location": "/Users/kgilpin/.rbenv/versions/2.6.6/lib/ruby/gems/2.6.0/gems/activerecord-6.0.3.4/lib/active_record/connection_adapters/abstract/transaction.rb:254",
                      "static": false
                    }
                  ]
                }
              ]
            },
            {
              "name": "LogSubscriber",
              "type": "class",
              "children": [
                {
                  "name": "reset_runtime",
                  "type": "function",
                  "location": "/Users/kgilpin/.rbenv/versions/2.6.6/lib/ruby/gems/2.6.0/gems/activerecord-6.0.3.4/lib/active_record/log_subscriber.rb:17",
                  "static": true
                }
              ]
            },
            {
              "name": "ConnectionHandling",
              "type": "class",
              "children": [
                {
                  "name": "connected?",
                  "type": "function",
                  "location": "/Users/kgilpin/.rbenv/versions/2.6.6/lib/ruby/gems/2.6.0/gems/activerecord-6.0.3.4/lib/active_record/connection_handling.rb:225",
                  "static": true
                }
              ]
            }
          ]
        }
      ]
    },
    {
      "name": "solidus_core",
      "type": "package",
      "children": [
        {
          "name": "Spree",
          "type": "class",
          "children": [
            {
              "name": "UserMethods",
              "type": "class",
              "children": [
                {
                  "name": "auto_generate_spree_api_key",
                  "type": "function",
                  "location": "/Users/kgilpin/source/land-of-apps/solidus/core/app/models/concerns/spree/user_methods.rb:51",
                  "static": false
                }
              ]
            },
            {
              "name": "AppConfiguration",
              "type": "class",
              "children": [
                {
                  "name": "generate_api_key_for_all_roles",
                  "type": "function",
                  "location": "/Users/kgilpin/source/land-of-apps/solidus/core/lib/spree/preferences/preferable_class_methods.rb:45",
                  "static": false
                },
                {
                  "name": "roles_for_auto_api_key",
                  "type": "function",
                  "location": "/Users/kgilpin/source/land-of-apps/solidus/core/lib/spree/preferences/preferable_class_methods.rb:45",
                  "static": false
                },
                {
                  "name": "preferred_guest_token_cookie_options",
                  "type": "function",
                  "location": "/Users/kgilpin/source/land-of-apps/solidus/core/lib/spree/preferences/preferable_class_methods.rb:45",
                  "static": false
                },
                {
                  "name": "redirect_back_on_unauthorized",
                  "type": "function",
                  "location": "/Users/kgilpin/source/land-of-apps/solidus/core/lib/spree/preferences/preferable_class_methods.rb:45",
                  "static": false
                }
              ]
            },
            {
              "name": "Preferences",
              "type": "class",
              "children": [
                {
                  "name": "Configuration",
                  "type": "class",
                  "children": [
                    {
                      "name": "preferences",
                      "type": "function",
                      "location": "/Users/kgilpin/source/land-of-apps/solidus/core/lib/spree/preferences/configuration.rb:40",
                      "static": false
                    }
                  ]
                },
                {
                  "name": "Preferable",
                  "type": "class",
                  "children": [
                    {
                      "name": "get_preference",
                      "type": "function",
                      "location": "/Users/kgilpin/source/land-of-apps/solidus/core/lib/spree/preferences/preferable.rb:66",
                      "static": false,
                      "labels": [
                        "provider.preferences"
                      ]
                    },
                    {
                      "name": "has_preference!",
                      "type": "function",
                      "location": "/Users/kgilpin/source/land-of-apps/solidus/core/lib/spree/preferences/preferable.rb:96",
                      "static": false
                    },
                    {
                      "name": "has_preference?",
                      "type": "function",
                      "location": "/Users/kgilpin/source/land-of-apps/solidus/core/lib/spree/preferences/preferable.rb:102",
                      "static": false
                    },
                    {
                      "name": "defined_preferences",
                      "type": "function",
                      "location": "/Users/kgilpin/source/land-of-apps/solidus/core/lib/spree/preferences/preferable.rb:107",
                      "static": false
                    }
                  ]
                },
                {
                  "name": "PreferableClassMethods",
                  "type": "class",
                  "children": [
                    {
                      "name": "defined_preferences",
                      "type": "function",
                      "location": "/Users/kgilpin/source/land-of-apps/solidus/core/lib/spree/preferences/preferable_class_methods.rb:17",
                      "static": true
                    },
                    {
                      "name": "preference_getter_method",
                      "type": "function",
                      "location": "/Users/kgilpin/source/land-of-apps/solidus/core/lib/spree/preferences/preferable_class_methods.rb:70",
                      "static": true
                    }
                  ]
                }
              ]
            },
            {
              "name": "Core",
              "type": "class",
              "children": [
                {
                  "name": "ControllerHelpers",
                  "type": "class",
                  "children": [
                    {
                      "name": "Auth",
                      "type": "class",
                      "children": [
                        {
                          "name": "set_guest_token",
                          "type": "function",
                          "location": "/Users/kgilpin/source/land-of-apps/solidus/core/lib/spree/core/controller_helpers/auth.rb:56",
                          "static": false
                        }
                      ]
                    }
                  ]
                }
              ]
            },
            {
              "name": "i18n_available_locales",
              "type": "function",
              "location": "/Users/kgilpin/source/land-of-apps/solidus/core/lib/spree/i18n.rb:8",
              "static": true
            },
            {
              "name": "BackendConfiguration",
              "type": "class",
              "children": [
                {
                  "name": "preferred_locale",
                  "type": "function",
                  "location": "/Users/kgilpin/source/land-of-apps/solidus/core/lib/spree/preferences/preferable_class_methods.rb:45",
                  "static": false
                }
              ]
            }
          ]
        }
      ]
    },
    {
      "name": "action_pack",
      "type": "package",
      "children": [
        {
          "name": "ActionDispatch",
          "type": "class",
          "children": [
            {
              "name": "Cookies",
              "type": "class",
              "children": [
                {
                  "name": "CookieJar",
                  "type": "class",
                  "children": [
                    {
                      "name": "update",
                      "type": "function",
                      "location": "/Users/kgilpin/.rbenv/versions/2.6.6/lib/ruby/gems/2.6.0/gems/actionpack-6.0.3.4/lib/action_dispatch/middleware/cookies.rb:333",
                      "static": false,
                      "labels": [
                        "provider.http.cookie"
                      ]
                    },
                    {
                      "name": "[]=",
                      "type": "function",
                      "location": "/Users/kgilpin/.rbenv/versions/2.6.6/lib/ruby/gems/2.6.0/gems/actionpack-6.0.3.4/lib/action_dispatch/middleware/cookies.rb:373",
                      "static": false,
                      "labels": [
                        "provider.http.cookie"
                      ]
                    }
                  ]
                }
              ]
            }
          ]
        }
      ]
    },
    {
      "name": "carmen",
      "type": "package",
      "children": [
        {
          "name": "Carmen",
          "type": "class",
          "children": [
            {
              "name": "i18n_backend",
              "type": "function",
              "location": "/Users/kgilpin/.rbenv/versions/2.6.6/lib/ruby/gems/2.6.0/gems/carmen-1.1.3/lib/carmen.rb:38",
              "static": true
            }
          ]
        }
      ]
    },
    {
      "name": "cancancan",
      "type": "package",
      "children": [
        {
          "name": "CanCan",
          "type": "class",
          "children": [
            {
              "name": "ControllerAdditions",
              "type": "class",
              "children": [
                {
                  "name": "authorize!",
                  "type": "function",
                  "location": "/Users/kgilpin/.rbenv/versions/2.6.6/lib/ruby/gems/2.6.0/gems/cancancan-3.1.0/lib/cancan/controller_additions.rb:337",
                  "static": false,
                  "labels": [
                    "provider.authorization"
                  ]
                }
              ]
            },
            {
              "name": "Ability",
              "type": "class",
              "children": [
                {
                  "name": "authorize!",
                  "type": "function",
                  "location": "/Users/kgilpin/.rbenv/versions/2.6.6/lib/ruby/gems/2.6.0/gems/cancancan-3.1.0/lib/cancan/ability.rb:176",
                  "static": false,
                  "labels": [
                    "provider.authorization"
                  ]
                },
                {
                  "name": "cannot?",
                  "type": "function",
                  "location": "/Users/kgilpin/.rbenv/versions/2.6.6/lib/ruby/gems/2.6.0/gems/cancancan-3.1.0/lib/cancan/ability.rb:87",
                  "static": false
                },
                {
                  "name": "can?",
                  "type": "function",
                  "location": "/Users/kgilpin/.rbenv/versions/2.6.6/lib/ruby/gems/2.6.0/gems/cancancan-3.1.0/lib/cancan/ability.rb:74",
                  "static": false
                },
                {
                  "name": "Actions",
                  "type": "class",
                  "children": [
                    {
                      "name": "aliased_actions",
                      "type": "function",
                      "location": "/Users/kgilpin/.rbenv/versions/2.6.6/lib/ruby/gems/2.6.0/gems/cancancan-3.1.0/lib/cancan/ability/actions.rb:43",
                      "static": false
                    }
                  ]
                }
              ]
            },
            {
              "name": "UnauthorizedMessageResolver",
              "type": "class",
              "children": [
                {
                  "name": "unauthorized_message",
                  "type": "function",
                  "location": "/Users/kgilpin/.rbenv/versions/2.6.6/lib/ruby/gems/2.6.0/gems/cancancan-3.1.0/lib/cancan/unauthorized_message_resolver.rb:5",
                  "static": false
                },
                {
                  "name": "translate_subject",
                  "type": "function",
                  "location": "/Users/kgilpin/.rbenv/versions/2.6.6/lib/ruby/gems/2.6.0/gems/cancancan-3.1.0/lib/cancan/unauthorized_message_resolver.rb:15",
                  "static": false
                }
              ]
            }
          ]
        }
      ]
    }
  ],
  "events": [
    {
      "id": 243,
      "event": "call",
      "thread_id": 70183062585360,
      "defined_class": "ActiveRecord::Inheritance::ClassMethods",
      "method_id": "new",
      "path": "/Users/kgilpin/.rbenv/versions/2.6.6/lib/ruby/gems/2.6.0/gems/activerecord-6.0.3.4/lib/active_record/inheritance.rb",
      "lineno": 50,
      "static": true,
      "parameters": [
        {
          "name": "attributes",
          "class": "NilClass",
          "object_id": 8,
          "value": null,
          "kind": "opt"
        },
        {
          "name": "block",
          "class": "NilClass",
          "object_id": 8,
          "value": null,
          "kind": "block"
        }
      ],
      "receiver": {
        "class": "Class",
        "object_id": 70183142099340,
        "value": "Spree::LegacyUser"
      }
    },
    {
      "id": 244,
      "event": "return",
      "thread_id": 70183062585360,
      "parent_id": 243,
      "elapsed": 0.000211,
      "return_value": {
        "class": "Spree::LegacyUser",
        "value": "#<Spree::LegacyUser:0x00007fa99378ad40>",
        "object_id": 70183150180000
      }
    },
    {
      "id": 245,
      "event": "call",
      "thread_id": 70183062585360,
      "sql_query": {
        "sql": "SAVEPOINT active_record_1",
        "database_type": "sqlite",
        "server_version": "3.33.0"
      }
    },
    {
      "id": 246,
      "event": "return",
      "thread_id": 70183062585360,
      "parent_id": 245,
      "elapsed": 0.000166
    },
    {
      "id": 247,
      "event": "call",
      "thread_id": 70183062585360,
      "sql_query": {
        "sql": "INSERT INTO \"spree_users\" (\"email\", \"created_at\", \"updated_at\") VALUES (?, ?, ?)",
        "database_type": "sqlite",
        "server_version": "3.33.0"
      }
    },
    {
      "id": 248,
      "event": "return",
      "thread_id": 70183062585360,
      "parent_id": 247,
      "elapsed": 0.000463
    },
    {
      "id": 249,
      "event": "call",
      "thread_id": 70183062585360,
      "defined_class": "Spree::UserMethods",
      "method_id": "auto_generate_spree_api_key",
      "path": "/Users/kgilpin/source/land-of-apps/solidus/core/app/models/concerns/spree/user_methods.rb",
      "lineno": 51,
      "static": false,
      "parameters": [],
      "receiver": {
        "class": "Spree::LegacyUser",
        "object_id": 70183150180000,
        "value": "#<Spree::LegacyUser:0x00007fa99378ad40>"
      }
    },
    {
      "id": 250,
      "event": "call",
      "thread_id": 70183062585360,
      "defined_class": "ActiveRecord::ModelSchema::ClassMethods",
      "method_id": "symbol_column_to_string",
      "path": "/Users/kgilpin/.rbenv/versions/2.6.6/lib/ruby/gems/2.6.0/gems/activerecord-6.0.3.4/lib/active_record/model_schema.rb",
      "lineno": 407,
      "static": true,
      "parameters": [
        {
          "name": "name_symbol",
          "class": "Symbol",
          "object_id": 12078428,
          "value": "spree_api_key",
          "kind": "req"
        }
      ],
      "receiver": {
        "class": "Class",
        "object_id": 70183142099340,
        "value": "Spree::LegacyUser"
      }
    },
    {
      "id": 251,
      "event": "return",
      "thread_id": 70183062585360,
      "parent_id": 250,
      "elapsed": 0.000006,
      "return_value": {
        "class": "String",
        "value": "spree_api_key",
        "object_id": 70183148782000
      }
    },
    {
      "id": 252,
      "event": "call",
      "thread_id": 70183062585360,
      "defined_class": "Spree::AppConfiguration",
      "method_id": "generate_api_key_for_all_roles",
      "path": "/Users/kgilpin/source/land-of-apps/solidus/core/lib/spree/preferences/preferable_class_methods.rb",
      "lineno": 45,
      "static": false,
      "parameters": [],
      "receiver": {
        "class": "Spree::AppConfiguration",
        "object_id": 70183064889180,
        "value": "#<Spree::AppConfiguration:0x00007fa9894dceb8>"
      }
    },
    {
      "id": 253,
      "event": "call",
      "thread_id": 70183062585360,
      "defined_class": "Spree::Preferences::Configuration",
      "method_id": "preferences",
      "path": "/Users/kgilpin/source/land-of-apps/solidus/core/lib/spree/preferences/configuration.rb",
      "lineno": 40,
      "static": false,
      "parameters": [],
      "receiver": {
        "class": "Spree::AppConfiguration",
        "object_id": 70183064889180,
        "value": "#<Spree::AppConfiguration:0x00007fa9894dceb8>"
      }
    },
    {
      "id": 254,
      "event": "return",
      "thread_id": 70183062585360,
      "parent_id": 253,
      "elapsed": 0.000005,
      "return_value": {
        "class": "Hash",
        "value": "{:address_requires_state=>true, :admin_interface_logo=>\"logo/solidus.svg\", :admin_products_per_page=",
        "object_id": 70183131745900
      }
    },
    {
      "id": 255,
      "event": "return",
      "thread_id": 70183062585360,
      "parent_id": 252,
      "elapsed": 0.000233
    },
    {
      "id": 256,
      "event": "call",
      "thread_id": 70183062585360,
      "defined_class": "ActiveRecord::Associations",
      "method_id": "association",
      "path": "/Users/kgilpin/.rbenv/versions/2.6.6/lib/ruby/gems/2.6.0/gems/activerecord-6.0.3.4/lib/active_record/associations.rb",
      "lineno": 230,
      "static": false,
      "parameters": [
        {
          "name": "name",
          "class": "Symbol",
          "object_id": 8851868,
          "value": "spree_roles",
          "kind": "req"
        }
      ],
      "receiver": {
        "class": "Spree::LegacyUser",
        "object_id": 70183150180000,
        "value": "#<Spree::LegacyUser:0x00007fa99378ad40>"
      }
    },
    {
      "id": 257,
      "event": "return",
      "thread_id": 70183062585360,
      "parent_id": 256,
      "elapsed": 0.000288,
      "return_value": {
        "class": "ActiveRecord::Associations::HasManyThroughAssociation",
        "value": "#<ActiveRecord::Associations::HasManyThroughAssociation:0x00007fa995228030>",
        "object_id": 70183164133400
      }
    },
    {
      "id": 258,
      "event": "call",
      "thread_id": 70183062585360,
      "sql_query": {
        "sql": "SELECT \"spree_roles\".* FROM \"spree_roles\" INNER JOIN \"spree_roles_users\" ON \"spree_roles\".\"id\" = \"spree_roles_users\".\"role_id\" WHERE \"spree_roles_users\".\"user_id\" = ?",
        "database_type": "sqlite",
        "server_version": "3.33.0"
      }
    },
    {
      "id": 259,
      "event": "return",
      "thread_id": 70183062585360,
      "parent_id": 258,
      "elapsed": 0.000175
    },
    {
      "id": 260,
      "event": "call",
      "thread_id": 70183062585360,
      "defined_class": "Spree::AppConfiguration",
      "method_id": "roles_for_auto_api_key",
      "path": "/Users/kgilpin/source/land-of-apps/solidus/core/lib/spree/preferences/preferable_class_methods.rb",
      "lineno": 45,
      "static": false,
      "parameters": [],
      "receiver": {
        "class": "Spree::AppConfiguration",
        "object_id": 70183064889180,
        "value": "#<Spree::AppConfiguration:0x00007fa9894dceb8>"
      }
    },
    {
      "id": 261,
      "event": "call",
      "thread_id": 70183062585360,
      "defined_class": "Spree::Preferences::Configuration",
      "method_id": "preferences",
      "path": "/Users/kgilpin/source/land-of-apps/solidus/core/lib/spree/preferences/configuration.rb",
      "lineno": 40,
      "static": false,
      "parameters": [],
      "receiver": {
        "class": "Spree::AppConfiguration",
        "object_id": 70183064889180,
        "value": "#<Spree::AppConfiguration:0x00007fa9894dceb8>"
      }
    },
    {
      "id": 262,
      "event": "return",
      "thread_id": 70183062585360,
      "parent_id": 261,
      "elapsed": 0.000006,
      "return_value": {
        "class": "Hash",
        "value": "{:address_requires_state=>true, :admin_interface_logo=>\"logo/solidus.svg\", :admin_products_per_page=",
        "object_id": 70183131745900
      }
    },
    {
      "id": 263,
      "event": "return",
      "thread_id": 70183062585360,
      "parent_id": 260,
      "elapsed": 0.000223,
      "return_value": {
        "class": "Array",
        "value": "[\"admin\"]",
        "object_id": 70183131154520
      }
    },
    {
      "id": 264,
      "event": "return",
      "thread_id": 70183062585360,
      "parent_id": 249,
      "elapsed": 0.032583
    },
    {
      "id": 265,
      "event": "call",
      "thread_id": 70183062585360,
      "defined_class": "ActiveRecord::ConnectionAdapters::TransactionManager",
      "method_id": "commit_transaction",
      "path": "/Users/kgilpin/.rbenv/versions/2.6.6/lib/ruby/gems/2.6.0/gems/activerecord-6.0.3.4/lib/active_record/connection_adapters/abstract/transaction.rb",
      "lineno": 254,
      "static": false,
      "parameters": [],
      "receiver": {
        "class": "ActiveRecord::ConnectionAdapters::TransactionManager",
        "object_id": 70183145589060,
        "value": "#<ActiveRecord::ConnectionAdapters::TransactionManager:0x00007fa992ec9288>"
      }
    },
    {
      "id": 266,
      "event": "call",
      "thread_id": 70183062585360,
      "sql_query": {
        "sql": "RELEASE SAVEPOINT active_record_1",
        "database_type": "sqlite",
        "server_version": "3.33.0"
      }
    },
    {
      "id": 267,
      "event": "return",
      "thread_id": 70183062585360,
      "parent_id": 266,
      "elapsed": 0.000185
    },
    {
      "id": 268,
      "event": "return",
      "thread_id": 70183062585360,
      "parent_id": 265,
      "elapsed": 0.003117
    },
    {
      "id": 269,
      "event": "call",
      "thread_id": 70183062585360,
      "defined_class": "ActionDispatch::Cookies::CookieJar",
      "method_id": "update",
      "path": "/Users/kgilpin/.rbenv/versions/2.6.6/lib/ruby/gems/2.6.0/gems/actionpack-6.0.3.4/lib/action_dispatch/middleware/cookies.rb",
      "lineno": 333,
      "static": false,
      "parameters": [
        {
          "name": "other_hash",
          "class": "ActiveSupport::HashWithIndifferentAccess",
          "object_id": 70183150147760,
          "value": "{}",
          "kind": "req"
        }
      ],
      "receiver": {
        "class": "ActionDispatch::Cookies::CookieJar",
        "object_id": 70183065688140,
        "value": "#<ActionDispatch::Cookies::CookieJar:0x00007fa989663098>"
      }
    },
    {
      "id": 270,
      "event": "return",
      "thread_id": 70183062585360,
      "parent_id": 269,
      "elapsed": 0.000014,
      "return_value": {
        "class": "ActionDispatch::Cookies::CookieJar",
        "value": "#<ActionDispatch::Cookies::CookieJar:0x00007fa989663098>",
        "object_id": 70183065688140
      }
    },
    {
      "id": 271,
      "event": "call",
      "thread_id": 70183062585360,
      "defined_class": "ActionDispatch::Cookies::CookieJar",
      "method_id": "update",
      "path": "/Users/kgilpin/.rbenv/versions/2.6.6/lib/ruby/gems/2.6.0/gems/actionpack-6.0.3.4/lib/action_dispatch/middleware/cookies.rb",
      "lineno": 333,
      "static": false,
      "parameters": [
        {
          "name": "other_hash",
          "class": "ActiveSupport::HashWithIndifferentAccess",
          "object_id": 70183150147760,
          "value": "{}",
          "kind": "req"
        }
      ],
      "receiver": {
        "class": "ActionDispatch::Cookies::CookieJar",
        "object_id": 70183065688140,
        "value": "#<ActionDispatch::Cookies::CookieJar:0x00007fa989663098>"
      }
    },
    {
      "id": 272,
      "event": "return",
      "thread_id": 70183062585360,
      "parent_id": 271,
      "elapsed": 0.000009,
      "return_value": {
        "class": "ActionDispatch::Cookies::CookieJar",
        "value": "#<ActionDispatch::Cookies::CookieJar:0x00007fa989663098>",
        "object_id": 70183065688140
      }
    },
    {
      "id": 273,
      "event": "call",
      "thread_id": 70183062585360,
      "defined_class": "ActionDispatch::Cookies::CookieJar",
      "method_id": "update",
      "path": "/Users/kgilpin/.rbenv/versions/2.6.6/lib/ruby/gems/2.6.0/gems/actionpack-6.0.3.4/lib/action_dispatch/middleware/cookies.rb",
      "lineno": 333,
      "static": false,
      "parameters": [
        {
          "name": "other_hash",
          "class": "ActiveSupport::HashWithIndifferentAccess",
          "object_id": 70183150147760,
          "value": "{}",
          "kind": "req"
        }
      ],
      "receiver": {
        "class": "ActionDispatch::Cookies::CookieJar",
        "object_id": 70183065701120,
        "value": "#<ActionDispatch::Cookies::CookieJar:0x00007fa989669600>"
      }
    },
    {
      "id": 274,
      "event": "return",
      "thread_id": 70183062585360,
      "parent_id": 273,
      "elapsed": 0.000013,
      "return_value": {
        "class": "ActionDispatch::Cookies::CookieJar",
        "value": "#<ActionDispatch::Cookies::CookieJar:0x00007fa989669600>",
        "object_id": 70183065701120
      }
    },
    {
      "id": 275,
      "event": "call",
      "thread_id": 70183062585360,
      "defined_class": "ActiveRecord::LogSubscriber",
      "method_id": "reset_runtime",
      "path": "/Users/kgilpin/.rbenv/versions/2.6.6/lib/ruby/gems/2.6.0/gems/activerecord-6.0.3.4/lib/active_record/log_subscriber.rb",
      "lineno": 17,
      "static": true,
      "parameters": [],
      "receiver": {
        "class": "Class",
        "object_id": 70183130397380,
        "value": "ActiveRecord::LogSubscriber"
      }
    },
    {
      "id": 276,
      "event": "return",
      "thread_id": 70183062585360,
      "parent_id": 275,
      "elapsed": 0.000018,
      "return_value": {
        "class": "Float",
        "value": "1.0800000163726509",
        "object_id": -33146492667559936
      }
    },
    {
      "id": 277,
      "event": "call",
      "thread_id": 70183062585360,
      "http_server_request": {
        "request_method": "DELETE",
        "path_info": "/admin/users/1/api_key",
        "normalized_path_info": "/admin/users/:user_id/api_key(.:format)"
      },
      "message": [
        {
          "name": "user_id",
          "class": "String",
          "value": "1",
          "object_id": 70183065738220
        },
        {
          "name": "controller",
          "class": "String",
          "value": "spree/admin/users/api_key",
          "object_id": 70183129722840
        },
        {
          "name": "action",
          "class": "String",
          "value": "destroy",
          "object_id": 70183065688220
        }
      ]
    },
    {
      "id": 278,
      "event": "call",
      "thread_id": 70183062585360,
      "defined_class": "Spree::Core::ControllerHelpers::Auth",
      "method_id": "set_guest_token",
      "path": "/Users/kgilpin/source/land-of-apps/solidus/core/lib/spree/core/controller_helpers/auth.rb",
      "lineno": 56,
      "static": false,
      "parameters": [],
      "receiver": {
        "class": "Spree::Admin::Users::ApiKeyController",
        "object_id": 70183150147900,
        "value": "#<Spree::Admin::Users::ApiKeyController:0x00007fa99377b278>"
      }
    },
    {
      "id": 279,
      "event": "call",
      "thread_id": 70183062585360,
      "defined_class": "ActionDispatch::Cookies::CookieJar",
      "method_id": "update",
      "path": "/Users/kgilpin/.rbenv/versions/2.6.6/lib/ruby/gems/2.6.0/gems/actionpack-6.0.3.4/lib/action_dispatch/middleware/cookies.rb",
      "lineno": 333,
      "static": false,
      "parameters": [
        {
          "name": "other_hash",
          "class": "Hash",
          "object_id": 70183065815500,
          "value": "{}",
          "kind": "req"
        }
      ],
      "receiver": {
        "class": "ActionDispatch::Cookies::CookieJar",
        "object_id": 70183065815140,
        "value": "#<ActionDispatch::Cookies::CookieJar:0x00007fa9896a10c8>"
      }
    },
    {
      "id": 280,
      "event": "return",
      "thread_id": 70183062585360,
      "parent_id": 279,
      "elapsed": 0.000008,
      "return_value": {
        "class": "ActionDispatch::Cookies::CookieJar",
        "value": "#<ActionDispatch::Cookies::CookieJar:0x00007fa9896a10c8>",
        "object_id": 70183065815140
      }
    },
    {
      "id": 281,
      "event": "call",
      "thread_id": 70183062585360,
      "defined_class": "Spree::Preferences::Preferable",
      "method_id": "get_preference",
      "path": "/Users/kgilpin/source/land-of-apps/solidus/core/lib/spree/preferences/preferable.rb",
      "lineno": 66,
      "static": false,
      "parameters": [
        {
          "name": "name",
          "class": "Symbol",
          "object_id": 8554908,
          "value": "guest_token_cookie_options",
          "kind": "req"
        }
      ],
      "receiver": {
        "class": "Spree::AppConfiguration",
        "object_id": 70183064889180,
        "value": "#<Spree::AppConfiguration:0x00007fa9894dceb8>"
      }
    },
    {
      "id": 282,
      "event": "call",
      "thread_id": 70183062585360,
      "defined_class": "Spree::Preferences::Preferable",
      "method_id": "has_preference!",
      "path": "/Users/kgilpin/source/land-of-apps/solidus/core/lib/spree/preferences/preferable.rb",
      "lineno": 96,
      "static": false,
      "parameters": [
        {
          "name": "name",
          "class": "Symbol",
          "object_id": 8554908,
          "value": "guest_token_cookie_options",
          "kind": "req"
        }
      ],
      "receiver": {
        "class": "Spree::AppConfiguration",
        "object_id": 70183064889180,
        "value": "#<Spree::AppConfiguration:0x00007fa9894dceb8>"
      }
    },
    {
      "id": 283,
      "event": "call",
      "thread_id": 70183062585360,
      "defined_class": "Spree::Preferences::Preferable",
      "method_id": "has_preference?",
      "path": "/Users/kgilpin/source/land-of-apps/solidus/core/lib/spree/preferences/preferable.rb",
      "lineno": 102,
      "static": false,
      "parameters": [
        {
          "name": "name",
          "class": "Symbol",
          "object_id": 8554908,
          "value": "guest_token_cookie_options",
          "kind": "req"
        }
      ],
      "receiver": {
        "class": "Spree::AppConfiguration",
        "object_id": 70183064889180,
        "value": "#<Spree::AppConfiguration:0x00007fa9894dceb8>"
      }
    },
    {
      "id": 284,
      "event": "call",
      "thread_id": 70183062585360,
      "defined_class": "Spree::Preferences::Preferable",
      "method_id": "defined_preferences",
      "path": "/Users/kgilpin/source/land-of-apps/solidus/core/lib/spree/preferences/preferable.rb",
      "lineno": 107,
      "static": false,
      "parameters": [],
      "receiver": {
        "class": "Spree::AppConfiguration",
        "object_id": 70183064889180,
        "value": "#<Spree::AppConfiguration:0x00007fa9894dceb8>"
      }
    },
    {
      "id": 285,
      "event": "call",
      "thread_id": 70183062585360,
      "defined_class": "Spree::Preferences::PreferableClassMethods",
      "method_id": "defined_preferences",
      "path": "/Users/kgilpin/source/land-of-apps/solidus/core/lib/spree/preferences/preferable_class_methods.rb",
      "lineno": 17,
      "static": true,
      "parameters": [],
      "receiver": {
        "class": "Class",
        "object_id": 70183130825920,
        "value": "Spree::AppConfiguration"
      }
    },
    {
      "id": 286,
      "event": "return",
      "thread_id": 70183062585360,
      "parent_id": 285,
      "elapsed": 0.000005,
      "return_value": {
        "class": "Array",
        "value": "[]",
        "object_id": 70183065931340
      }
    },
    {
      "id": 287,
      "event": "return",
      "thread_id": 70183062585360,
      "parent_id": 284,
      "elapsed": 0.00007,
      "return_value": {
        "class": "Array",
        "value": "[:address_requires_state, :admin_interface_logo, :admin_products_per_page, :admin_variants_per_page,",
        "object_id": 70183065929780
      }
    },
    {
      "id": 288,
      "event": "return",
      "thread_id": 70183062585360,
      "parent_id": 283,
      "elapsed": 0.000179,
      "return_value": {
        "class": "TrueClass",
        "value": "true",
        "object_id": 20
      }
    },
    {
      "id": 289,
      "event": "return",
      "thread_id": 70183062585360,
      "parent_id": 282,
      "elapsed": 0.000249
    },
    {
      "id": 290,
      "event": "call",
      "thread_id": 70183062585360,
      "defined_class": "Spree::Preferences::PreferableClassMethods",
      "method_id": "preference_getter_method",
      "path": "/Users/kgilpin/source/land-of-apps/solidus/core/lib/spree/preferences/preferable_class_methods.rb",
      "lineno": 70,
      "static": true,
      "parameters": [
        {
          "name": "name",
          "class": "Symbol",
          "object_id": 8554908,
          "value": "guest_token_cookie_options",
          "kind": "req"
        }
      ],
      "receiver": {
        "class": "Class",
        "object_id": 70183130825920,
        "value": "Spree::AppConfiguration"
      }
    },
    {
      "id": 291,
      "event": "return",
      "thread_id": 70183062585360,
      "parent_id": 290,
      "elapsed": 0.000007,
      "return_value": {
        "class": "Symbol",
        "value": "preferred_guest_token_cookie_options",
        "object_id": 70183130896840
      }
    },
    {
      "id": 292,
      "event": "call",
      "thread_id": 70183062585360,
      "defined_class": "Spree::AppConfiguration",
      "method_id": "preferred_guest_token_cookie_options",
      "path": "/Users/kgilpin/source/land-of-apps/solidus/core/lib/spree/preferences/preferable_class_methods.rb",
      "lineno": 45,
      "static": false,
      "parameters": [],
      "receiver": {
        "class": "Spree::AppConfiguration",
        "object_id": 70183064889180,
        "value": "#<Spree::AppConfiguration:0x00007fa9894dceb8>"
      }
    },
    {
      "id": 293,
      "event": "call",
      "thread_id": 70183062585360,
      "defined_class": "Spree::Preferences::Configuration",
      "method_id": "preferences",
      "path": "/Users/kgilpin/source/land-of-apps/solidus/core/lib/spree/preferences/configuration.rb",
      "lineno": 40,
      "static": false,
      "parameters": [],
      "receiver": {
        "class": "Spree::AppConfiguration",
        "object_id": 70183064889180,
        "value": "#<Spree::AppConfiguration:0x00007fa9894dceb8>"
      }
    },
    {
      "id": 294,
      "event": "return",
      "thread_id": 70183062585360,
      "parent_id": 293,
      "elapsed": 0.000006,
      "return_value": {
        "class": "Hash",
        "value": "{:address_requires_state=>true, :admin_interface_logo=>\"logo/solidus.svg\", :admin_products_per_page=",
        "object_id": 70183131745900
      }
    },
    {
      "id": 295,
      "event": "return",
      "thread_id": 70183062585360,
      "parent_id": 292,
      "elapsed": 0.000195,
      "return_value": {
        "class": "Hash",
        "value": "{}",
        "object_id": 70183130897760
      }
    },
    {
      "id": 296,
      "event": "return",
      "thread_id": 70183062585360,
      "parent_id": 281,
      "elapsed": 0.000633,
      "return_value": {
        "class": "Hash",
        "value": "{}",
        "object_id": 70183130897760
      }
    },
    {
      "id": 297,
      "event": "call",
      "thread_id": 70183062585360,
      "defined_class": "ActionDispatch::Cookies::CookieJar",
      "method_id": "[]=",
      "path": "/Users/kgilpin/.rbenv/versions/2.6.6/lib/ruby/gems/2.6.0/gems/actionpack-6.0.3.4/lib/action_dispatch/middleware/cookies.rb",
      "lineno": 373,
      "static": false,
      "parameters": [
        {
          "name": "name",
          "class": "Symbol",
          "object_id": 8800988,
          "value": "guest_token",
          "kind": "req"
        },
        {
          "name": "options",
          "class": "Hash",
          "object_id": 70183066046400,
          "value": "{:value=>\"BAhJIhtnc1Q5TjNsblBTZlFWeVRCZmFtVzh3BjoGRUY=--70bc1ca436045589d4db96e724c44d3ca0751f48\", :",
          "kind": "req"
        }
      ],
      "receiver": {
        "class": "ActionDispatch::Cookies::CookieJar",
        "object_id": 70183065815140,
        "value": "#<ActionDispatch::Cookies::CookieJar:0x00007fa9896a10c8>"
      }
    },
    {
      "id": 298,
      "event": "return",
      "thread_id": 70183062585360,
      "parent_id": 297,
      "elapsed": 0.000017,
      "return_value": {
        "class": "String",
        "value": "BAhJIhtnc1Q5TjNsblBTZlFWeVRCZmFtVzh3BjoGRUY=--70bc1ca436045589d4db96e724c44d3ca0751f48",
        "object_id": 70183066044960
      }
    },
    {
      "id": 299,
      "event": "return",
      "thread_id": 70183062585360,
      "parent_id": 278,
      "elapsed": 0.001107,
      "return_value": {
        "class": "Hash",
        "value": "{:value=>\"BAhJIhtnc1Q5TjNsblBTZlFWeVRCZmFtVzh3BjoGRUY=--70bc1ca436045589d4db96e724c44d3ca0751f48\", :",
        "object_id": 70183066046400
      }
    },
    {
      "id": 300,
      "event": "call",
      "thread_id": 70183062585360,
      "defined_class": "Spree",
      "method_id": "i18n_available_locales",
      "path": "/Users/kgilpin/source/land-of-apps/solidus/core/lib/spree/i18n.rb",
      "lineno": 8,
      "static": true,
      "parameters": [],
      "receiver": {
        "class": "Module",
        "object_id": 70183075442060,
        "value": "Spree"
      }
    },
    {
      "id": 301,
      "event": "return",
      "thread_id": 70183062585360,
      "parent_id": 300,
      "elapsed": 0.000236,
      "return_value": {
        "class": "Array",
        "value": "[:en]",
        "object_id": 70183066093680
      }
    },
    {
      "id": 302,
      "event": "call",
      "thread_id": 70183062585360,
      "defined_class": "Spree::Preferences::Preferable",
      "method_id": "get_preference",
      "path": "/Users/kgilpin/source/land-of-apps/solidus/core/lib/spree/preferences/preferable.rb",
      "lineno": 66,
      "static": false,
      "parameters": [
        {
          "name": "name",
          "class": "Symbol",
          "object_id": 2696668,
          "value": "locale",
          "kind": "req"
        }
      ],
      "receiver": {
        "class": "Spree::BackendConfiguration",
        "object_id": 70183133001580,
        "value": "#<Spree::BackendConfiguration:0x00007fa9916c6ed8>"
      }
    },
    {
      "id": 303,
      "event": "call",
      "thread_id": 70183062585360,
      "defined_class": "Spree::Preferences::Preferable",
      "method_id": "has_preference!",
      "path": "/Users/kgilpin/source/land-of-apps/solidus/core/lib/spree/preferences/preferable.rb",
      "lineno": 96,
      "static": false,
      "parameters": [
        {
          "name": "name",
          "class": "Symbol",
          "object_id": 2696668,
          "value": "locale",
          "kind": "req"
        }
      ],
      "receiver": {
        "class": "Spree::BackendConfiguration",
        "object_id": 70183133001580,
        "value": "#<Spree::BackendConfiguration:0x00007fa9916c6ed8>"
      }
    },
    {
      "id": 304,
      "event": "call",
      "thread_id": 70183062585360,
      "defined_class": "Spree::Preferences::Preferable",
      "method_id": "has_preference?",
      "path": "/Users/kgilpin/source/land-of-apps/solidus/core/lib/spree/preferences/preferable.rb",
      "lineno": 102,
      "static": false,
      "parameters": [
        {
          "name": "name",
          "class": "Symbol",
          "object_id": 2696668,
          "value": "locale",
          "kind": "req"
        }
      ],
      "receiver": {
        "class": "Spree::BackendConfiguration",
        "object_id": 70183133001580,
        "value": "#<Spree::BackendConfiguration:0x00007fa9916c6ed8>"
      }
    },
    {
      "id": 305,
      "event": "call",
      "thread_id": 70183062585360,
      "defined_class": "Spree::Preferences::Preferable",
      "method_id": "defined_preferences",
      "path": "/Users/kgilpin/source/land-of-apps/solidus/core/lib/spree/preferences/preferable.rb",
      "lineno": 107,
      "static": false,
      "parameters": [],
      "receiver": {
        "class": "Spree::BackendConfiguration",
        "object_id": 70183133001580,
        "value": "#<Spree::BackendConfiguration:0x00007fa9916c6ed8>"
      }
    },
    {
      "id": 306,
      "event": "call",
      "thread_id": 70183062585360,
      "defined_class": "Spree::Preferences::PreferableClassMethods",
      "method_id": "defined_preferences",
      "path": "/Users/kgilpin/source/land-of-apps/solidus/core/lib/spree/preferences/preferable_class_methods.rb",
      "lineno": 17,
      "static": true,
      "parameters": [],
      "receiver": {
        "class": "Class",
        "object_id": 70183132504460,
        "value": "Spree::BackendConfiguration"
      }
    },
    {
      "id": 307,
      "event": "return",
      "thread_id": 70183062585360,
      "parent_id": 306,
      "elapsed": 0.000006,
      "return_value": {
        "class": "Array",
        "value": "[]",
        "object_id": 70183066332140
      }
    },
    {
      "id": 308,
      "event": "return",
      "thread_id": 70183062585360,
      "parent_id": 305,
      "elapsed": 0.000092,
      "return_value": {
        "class": "Array",
        "value": "[:locale, :unfrozen_preference_store]",
        "object_id": 70183066330180
      }
    },
    {
      "id": 309,
      "event": "return",
      "thread_id": 70183062585360,
      "parent_id": 304,
      "elapsed": 0.000164,
      "return_value": {
        "class": "TrueClass",
        "value": "true",
        "object_id": 20
      }
    },
    {
      "id": 310,
      "event": "return",
      "thread_id": 70183062585360,
      "parent_id": 303,
      "elapsed": 0.000237
    },
    {
      "id": 311,
      "event": "call",
      "thread_id": 70183062585360,
      "defined_class": "Spree::Preferences::PreferableClassMethods",
      "method_id": "preference_getter_method",
      "path": "/Users/kgilpin/source/land-of-apps/solidus/core/lib/spree/preferences/preferable_class_methods.rb",
      "lineno": 70,
      "static": true,
      "parameters": [
        {
          "name": "name",
          "class": "Symbol",
          "object_id": 2696668,
          "value": "locale",
          "kind": "req"
        }
      ],
      "receiver": {
        "class": "Class",
        "object_id": 70183132504460,
        "value": "Spree::BackendConfiguration"
      }
    },
    {
      "id": 312,
      "event": "return",
      "thread_id": 70183062585360,
      "parent_id": 311,
      "elapsed": 0.000006,
      "return_value": {
        "class": "Symbol",
        "value": "preferred_locale",
        "object_id": 70183132535740
      }
    },
    {
      "id": 313,
      "event": "call",
      "thread_id": 70183062585360,
      "defined_class": "Spree::BackendConfiguration",
      "method_id": "preferred_locale",
      "path": "/Users/kgilpin/source/land-of-apps/solidus/core/lib/spree/preferences/preferable_class_methods.rb",
      "lineno": 45,
      "static": false,
      "parameters": [],
      "receiver": {
        "class": "Spree::BackendConfiguration",
        "object_id": 70183133001580,
        "value": "#<Spree::BackendConfiguration:0x00007fa9916c6ed8>"
      }
    },
    {
      "id": 314,
      "event": "call",
      "thread_id": 70183062585360,
      "defined_class": "Spree::Preferences::Configuration",
      "method_id": "preferences",
      "path": "/Users/kgilpin/source/land-of-apps/solidus/core/lib/spree/preferences/configuration.rb",
      "lineno": 40,
      "static": false,
      "parameters": [],
      "receiver": {
        "class": "Spree::BackendConfiguration",
        "object_id": 70183133001580,
        "value": "#<Spree::BackendConfiguration:0x00007fa9916c6ed8>"
      }
    },
    {
      "id": 315,
      "event": "return",
      "thread_id": 70183062585360,
      "parent_id": 314,
      "elapsed": 0.000005,
      "return_value": {
        "class": "Hash",
        "value": "{:locale=>:en, :unfrozen_preference_store=>{:locale=>:en, :unfrozen_preference_store=>nil}}",
        "object_id": 70183070665000
      }
    },
    {
      "id": 316,
      "event": "return",
      "thread_id": 70183062585360,
      "parent_id": 313,
      "elapsed": 0.000069,
      "return_value": {
        "class": "Symbol",
        "value": "en",
        "object_id": 2696988
      }
    },
    {
      "id": 317,
      "event": "return",
      "thread_id": 70183062585360,
      "parent_id": 302,
      "elapsed": 0.000498,
      "return_value": {
        "class": "Symbol",
        "value": "en",
        "object_id": 2696988
      }
    },
    {
      "id": 318,
      "event": "call",
      "thread_id": 70183062585360,
      "defined_class": "Carmen",
      "method_id": "i18n_backend",
      "path": "/Users/kgilpin/.rbenv/versions/2.6.6/lib/ruby/gems/2.6.0/gems/carmen-1.1.3/lib/carmen.rb",
      "lineno": 38,
      "static": true,
      "parameters": [],
      "receiver": {
        "class": "Module",
        "object_id": 70183132433540,
        "value": "Carmen"
      }
    },
    {
      "id": 319,
      "event": "return",
      "thread_id": 70183062585360,
      "parent_id": 318,
      "elapsed": 0.000005,
      "return_value": {
        "class": "Carmen::I18n::Simple",
        "value": "#<Carmen::I18n::Simple:0x00007fa9899c4a20>",
        "object_id": 70183067460880
      }
    },
    {
      "id": 320,
      "event": "call",
      "thread_id": 70183062585360,
      "defined_class": "CanCan::ControllerAdditions",
      "method_id": "authorize!",
      "path": "/Users/kgilpin/.rbenv/versions/2.6.6/lib/ruby/gems/2.6.0/gems/cancancan-3.1.0/lib/cancan/controller_additions.rb",
      "lineno": 337,
      "static": false,
      "parameters": [
        {
          "name": "args",
          "class": "Array",
          "object_id": 70183066381380,
          "value": "[:admin, :api_key]",
          "kind": "rest"
        }
      ],
      "receiver": {
        "class": "Spree::Admin::Users::ApiKeyController",
        "object_id": 70183150147900,
        "value": "#<Spree::Admin::Users::ApiKeyController:0x00007fa99377b278>"
      }
    },
    {
      "id": 321,
      "event": "call",
      "thread_id": 70183062585360,
      "defined_class": "CanCan::Ability",
      "method_id": "authorize!",
      "path": "/Users/kgilpin/.rbenv/versions/2.6.6/lib/ruby/gems/2.6.0/gems/cancancan-3.1.0/lib/cancan/ability.rb",
      "lineno": 176,
      "static": false,
      "parameters": [
        {
          "name": "action",
          "class": "Symbol",
          "object_id": 8584668,
          "value": "admin",
          "kind": "req"
        },
        {
          "name": "subject",
          "class": "Symbol",
          "object_id": 2646748,
          "value": "api_key",
          "kind": "req"
        },
        {
          "name": "args",
          "class": "Array",
          "object_id": 70183066417560,
          "value": "[]",
          "kind": "rest"
        }
      ],
      "receiver": {
        "class": "Object",
        "object_id": 70183150142540,
        "value": "#<#<Class:0x00007fa989fea418>:0x00007fa993778898>"
      }
    },
    {
      "id": 322,
      "event": "call",
      "thread_id": 70183062585360,
      "defined_class": "CanCan::Ability",
      "method_id": "cannot?",
      "path": "/Users/kgilpin/.rbenv/versions/2.6.6/lib/ruby/gems/2.6.0/gems/cancancan-3.1.0/lib/cancan/ability.rb",
      "lineno": 87,
      "static": false,
      "parameters": [
        {
          "name": "args",
          "class": "Array",
          "object_id": 70183066451840,
          "value": "[:admin, :api_key]",
          "kind": "rest"
        }
      ],
      "receiver": {
        "class": "Object",
        "object_id": 70183150142540,
        "value": "#<#<Class:0x00007fa989fea418>:0x00007fa993778898>"
      }
    },
    {
      "id": 323,
      "event": "call",
      "thread_id": 70183062585360,
      "defined_class": "CanCan::Ability",
      "method_id": "can?",
      "path": "/Users/kgilpin/.rbenv/versions/2.6.6/lib/ruby/gems/2.6.0/gems/cancancan-3.1.0/lib/cancan/ability.rb",
      "lineno": 74,
      "static": false,
      "parameters": [
        {
          "name": "action",
          "class": "Symbol",
          "object_id": 8584668,
          "value": "admin",
          "kind": "req"
        },
        {
          "name": "subject",
          "class": "Symbol",
          "object_id": 2646748,
          "value": "api_key",
          "kind": "req"
        },
        {
          "name": "attribute",
          "class": "NilClass",
          "object_id": 8,
          "value": null,
          "kind": "opt"
        },
        {
          "name": "extra_args",
          "class": "NilClass",
          "object_id": 8,
          "value": null,
          "kind": "rest"
        }
      ],
      "receiver": {
        "class": "Object",
        "object_id": 70183150142540,
        "value": "#<#<Class:0x00007fa989fea418>:0x00007fa993778898>"
      }
    },
    {
      "id": 324,
      "event": "return",
      "thread_id": 70183062585360,
      "parent_id": 323,
      "elapsed": 0.000061
    },
    {
      "id": 325,
      "event": "return",
      "thread_id": 70183062585360,
      "parent_id": 322,
      "elapsed": 0.002121,
      "return_value": {
        "class": "TrueClass",
        "value": "true",
        "object_id": 20
      }
    },
    {
      "id": 326,
      "event": "call",
      "thread_id": 70183062585360,
      "defined_class": "CanCan::UnauthorizedMessageResolver",
      "method_id": "unauthorized_message",
      "path": "/Users/kgilpin/.rbenv/versions/2.6.6/lib/ruby/gems/2.6.0/gems/cancancan-3.1.0/lib/cancan/unauthorized_message_resolver.rb",
      "lineno": 5,
      "static": false,
      "parameters": [
        {
          "name": "action",
          "class": "Symbol",
          "object_id": 8584668,
          "value": "admin",
          "kind": "req"
        },
        {
          "name": "subject",
          "class": "Symbol",
          "object_id": 2646748,
          "value": "api_key",
          "kind": "req"
        }
      ],
      "receiver": {
        "class": "Object",
        "object_id": 70183150142540,
        "value": "#<#<Class:0x00007fa989fea418>:0x00007fa993778898>"
      }
    },
    {
      "id": 327,
      "event": "call",
      "thread_id": 70183062585360,
      "defined_class": "CanCan::Ability::Actions",
      "method_id": "aliased_actions",
      "path": "/Users/kgilpin/.rbenv/versions/2.6.6/lib/ruby/gems/2.6.0/gems/cancancan-3.1.0/lib/cancan/ability/actions.rb",
      "lineno": 43,
      "static": false,
      "parameters": [],
      "receiver": {
        "class": "Object",
        "object_id": 70183150142540,
        "value": "#<#<Class:0x00007fa989fea418>:0x00007fa993778898>"
      }
    },
    {
      "id": 328,
      "event": "return",
      "thread_id": 70183062585360,
      "parent_id": 327,
      "elapsed": 0.000021,
      "return_value": {
        "class": "Hash",
        "value": "{:read=>[:index, :show], :create=>[:new], :update=>[:edit]}",
        "object_id": 70183066469200
      }
    },
    {
      "id": 329,
      "event": "call",
      "thread_id": 70183062585360,
      "defined_class": "CanCan::UnauthorizedMessageResolver",
      "method_id": "translate_subject",
      "path": "/Users/kgilpin/.rbenv/versions/2.6.6/lib/ruby/gems/2.6.0/gems/cancancan-3.1.0/lib/cancan/unauthorized_message_resolver.rb",
      "lineno": 15,
      "static": false,
      "parameters": [
        {
          "name": "subject",
          "class": "Symbol",
          "object_id": 2646748,
          "value": "api_key",
          "kind": "req"
        }
      ],
      "receiver": {
        "class": "Object",
        "object_id": 70183150142540,
        "value": "#<#<Class:0x00007fa989fea418>:0x00007fa993778898>"
      }
    },
    {
      "id": 330,
      "event": "return",
      "thread_id": 70183062585360,
      "parent_id": 329,
      "elapsed": 0.000053,
      "return_value": {
        "class": "String",
        "value": "symbol",
        "object_id": 70183066486720
      }
    },
    {
      "id": 331,
      "event": "return",
      "thread_id": 70183062585360,
      "parent_id": 326,
      "elapsed": 0.003726
    },
    {
      "id": 332,
      "event": "return",
      "thread_id": 70183062585360,
      "parent_id": 321,
      "elapsed": 0.009969,
      "exceptions": [
        {
          "class": "CanCan::AccessDenied",
          "message": "You are not authorized to access this page.",
          "object_id": 70183129454500,
          "path": "/Users/kgilpin/.rbenv/versions/2.6.6/lib/ruby/gems/2.6.0/gems/cancancan-3.1.0/lib/cancan/ability.rb",
          "lineno": 180
        }
      ]
    },
    {
      "id": 333,
      "event": "return",
      "thread_id": 70183062585360,
      "parent_id": 320,
      "elapsed": 0.013359,
      "exceptions": [
        {
          "class": "CanCan::AccessDenied",
          "message": "You are not authorized to access this page.",
          "object_id": 70183129454500,
          "path": "/Users/kgilpin/.rbenv/versions/2.6.6/lib/ruby/gems/2.6.0/gems/cancancan-3.1.0/lib/cancan/ability.rb",
          "lineno": 180
        }
      ]
    },
    {
      "id": 334,
      "event": "call",
      "thread_id": 70183062585360,
      "defined_class": "Spree::AppConfiguration",
      "method_id": "redirect_back_on_unauthorized",
      "path": "/Users/kgilpin/source/land-of-apps/solidus/core/lib/spree/preferences/preferable_class_methods.rb",
      "lineno": 45,
      "static": false,
      "parameters": [],
      "receiver": {
        "class": "Spree::AppConfiguration",
        "object_id": 70183064889180,
        "value": "#<Spree::AppConfiguration:0x00007fa9894dceb8>"
      }
    },
    {
      "id": 335,
      "event": "call",
      "thread_id": 70183062585360,
      "defined_class": "Spree::Preferences::Configuration",
      "method_id": "preferences",
      "path": "/Users/kgilpin/source/land-of-apps/solidus/core/lib/spree/preferences/configuration.rb",
      "lineno": 40,
      "static": false,
      "parameters": [],
      "receiver": {
        "class": "Spree::AppConfiguration",
        "object_id": 70183064889180,
        "value": "#<Spree::AppConfiguration:0x00007fa9894dceb8>"
      }
    },
    {
      "id": 336,
      "event": "return",
      "thread_id": 70183062585360,
      "parent_id": 335,
      "elapsed": 0.000012,
      "return_value": {
        "class": "Hash",
        "value": "{:address_requires_state=>true, :admin_interface_logo=>\"logo/solidus.svg\", :admin_products_per_page=",
        "object_id": 70183131745900
      }
    },
    {
      "id": 337,
      "event": "return",
      "thread_id": 70183062585360,
      "parent_id": 334,
      "elapsed": 0.000354,
      "return_value": {
        "class": "TrueClass",
        "value": "true",
        "object_id": 20
      }
    },
    {
      "id": 338,
      "event": "call",
      "thread_id": 70183062585360,
      "defined_class": "ActiveRecord::ConnectionHandling",
      "method_id": "connected?",
      "path": "/Users/kgilpin/.rbenv/versions/2.6.6/lib/ruby/gems/2.6.0/gems/activerecord-6.0.3.4/lib/active_record/connection_handling.rb",
      "lineno": 225,
      "static": true,
      "parameters": [],
      "receiver": {
        "class": "Class",
        "object_id": 70183064466740,
        "value": "ActiveRecord::Base"
      }
    },
    {
      "id": 339,
      "event": "return",
      "thread_id": 70183062585360,
      "parent_id": 338,
      "elapsed": 0.000087,
      "return_value": {
        "class": "TrueClass",
        "value": "true",
        "object_id": 20
      }
    },
    {
      "id": 340,
      "event": "return",
      "thread_id": 70183062585360,
      "parent_id": 277,
      "elapsed": 0.017102,
      "http_server_response": {
        "status": 302
      }
    },
    {
      "id": 341,
      "event": "call",
      "thread_id": 70183062585360,
      "defined_class": "ActionDispatch::Cookies::CookieJar",
      "method_id": "update",
      "path": "/Users/kgilpin/.rbenv/versions/2.6.6/lib/ruby/gems/2.6.0/gems/actionpack-6.0.3.4/lib/action_dispatch/middleware/cookies.rb",
      "lineno": 333,
      "static": false,
      "parameters": [
        {
          "name": "other_hash",
          "class": "Hash",
          "object_id": 70183065814620,
          "value": "{\"guest_token\"=>\"BAhJIhtnc1Q5TjNsblBTZlFWeVRCZmFtVzh3BjoGRUY=--70bc1ca436045589d4db96e724c44d3ca0751",
          "kind": "req"
        }
      ],
      "receiver": {
        "class": "ActionDispatch::Cookies::CookieJar",
        "object_id": 70183065688140,
        "value": "#<ActionDispatch::Cookies::CookieJar:0x00007fa989663098>"
      }
    },
    {
      "id": 342,
      "event": "return",
      "thread_id": 70183062585360,
      "parent_id": 341,
      "elapsed": 0.000009,
      "return_value": {
        "class": "ActionDispatch::Cookies::CookieJar",
        "value": "#<ActionDispatch::Cookies::CookieJar:0x00007fa989663098>",
        "object_id": 70183065688140
      }
    }
  ]
}