{
  "version": "1.4",
  "metadata": {
    "app": "nytem-2021/solidus",
    "language": {
      "name": "ruby",
      "engine": "ruby",
      "version": "2.6.6"
    },
    "client": {
      "name": "appmap",
      "url": "https://github.com/applandinc/appmap-ruby",
      "version": "0.41.2"
    },
    "frameworks": [
      {
        "name": "rails",
        "version": "6.0.3.4"
      },
      {
        "name": "rspec",
        "version": "3.10.0"
      }
    ],
    "git": {
      "repository": "git@github.com:land-of-apps/solidus-nytem-2021.git",
      "branch": "main",
      "commit": "438fff939c2893653f43176c17ebb84894b38c20",
      "status": [],
      "git_last_annotated_tag": "v2.10.0.beta1",
      "git_last_tag": "v2.10.0.beta1",
      "git_commits_since_last_annotated_tag": 0,
      "git_commits_since_last_tag": 0
    },
    "name": "Spree::Admin::Users::ApiKeyController #create with ability to manage users and API keys allows admins to create a new user's API key",
    "feature": "Spree::Admin::Users::ApiKeyController #create",
    "feature_group": "Spree admin users api key",
    "recorder": {
      "name": "rspec"
    },
    "fingerprints": [
      {
        "appmap_digest": "2e6f796b3316da8f8a42d88e1b959286c0bad9e2b2f405e31800f3b4f7d43c93",
        "canonicalization_algorithm": "beta_v1_error",
        "digest": "be8e10dbb21d55b85bebbf69ec7ddbe060986673dab338ce4feb6234df33edf0",
        "fingerprint_algorithm": "sha256"
      },
      {
        "appmap_digest": "2e6f796b3316da8f8a42d88e1b959286c0bad9e2b2f405e31800f3b4f7d43c93",
        "canonicalization_algorithm": "beta_v1_info",
        "digest": "7c082d9be9051d17d8fbac6949dd97e1cbd5b517e58b31e8c5a4a76bbef96f90",
        "fingerprint_algorithm": "sha256"
      },
      {
        "appmap_digest": "2e6f796b3316da8f8a42d88e1b959286c0bad9e2b2f405e31800f3b4f7d43c93",
        "canonicalization_algorithm": "beta_v1_debug",
        "digest": "a07912fbf86ff7b1884c8179c8a37f0089b03a22af0c21586b8ed028fe806bc4",
        "fingerprint_algorithm": "sha256"
      }
    ]
  },
  "classMap": [
    {
      "name": "solidus_core",
      "type": "package",
      "children": [
        {
          "name": "Spree",
          "type": "class",
          "children": [
            {
              "name": "user_class",
              "type": "function",
              "location": "/Users/kgilpin/source/land-of-apps/solidus/core/lib/spree/core.rb:26",
              "static": true
            },
            {
              "name": "UserMethods",
              "type": "class",
              "children": [
                {
                  "name": "auto_generate_spree_api_key",
                  "type": "function",
                  "location": "/Users/kgilpin/source/land-of-apps/solidus/core/app/models/concerns/spree/user_methods.rb:51",
                  "static": false
                }
              ]
            },
            {
              "name": "AppConfiguration",
              "type": "class",
              "children": [
                {
                  "name": "generate_api_key_for_all_roles",
                  "type": "function",
                  "location": "/Users/kgilpin/source/land-of-apps/solidus/core/lib/spree/preferences/preferable_class_methods.rb:45",
                  "static": false
                },
                {
                  "name": "roles_for_auto_api_key",
                  "type": "function",
                  "location": "/Users/kgilpin/source/land-of-apps/solidus/core/lib/spree/preferences/preferable_class_methods.rb:45",
                  "static": false
                },
                {
                  "name": "preferred_guest_token_cookie_options",
                  "type": "function",
                  "location": "/Users/kgilpin/source/land-of-apps/solidus/core/lib/spree/preferences/preferable_class_methods.rb:45",
                  "static": false
                }
              ]
            },
            {
              "name": "Preferences",
              "type": "class",
              "children": [
                {
                  "name": "Configuration",
                  "type": "class",
                  "children": [
                    {
                      "name": "preferences",
                      "type": "function",
                      "location": "/Users/kgilpin/source/land-of-apps/solidus/core/lib/spree/preferences/configuration.rb:40",
                      "static": false
                    }
                  ]
                },
                {
                  "name": "Preferable",
                  "type": "class",
                  "children": [
                    {
                      "name": "get_preference",
                      "type": "function",
                      "location": "/Users/kgilpin/source/land-of-apps/solidus/core/lib/spree/preferences/preferable.rb:66",
                      "static": false,
                      "labels": [
                        "provider.preferences"
                      ]
                    },
                    {
                      "name": "has_preference!",
                      "type": "function",
                      "location": "/Users/kgilpin/source/land-of-apps/solidus/core/lib/spree/preferences/preferable.rb:96",
                      "static": false
                    },
                    {
                      "name": "has_preference?",
                      "type": "function",
                      "location": "/Users/kgilpin/source/land-of-apps/solidus/core/lib/spree/preferences/preferable.rb:102",
                      "static": false
                    },
                    {
                      "name": "defined_preferences",
                      "type": "function",
                      "location": "/Users/kgilpin/source/land-of-apps/solidus/core/lib/spree/preferences/preferable.rb:107",
                      "static": false
                    }
                  ]
                },
                {
                  "name": "PreferableClassMethods",
                  "type": "class",
                  "children": [
                    {
                      "name": "defined_preferences",
                      "type": "function",
                      "location": "/Users/kgilpin/source/land-of-apps/solidus/core/lib/spree/preferences/preferable_class_methods.rb:17",
                      "static": true
                    },
                    {
                      "name": "preference_getter_method",
                      "type": "function",
                      "location": "/Users/kgilpin/source/land-of-apps/solidus/core/lib/spree/preferences/preferable_class_methods.rb:70",
                      "static": true
                    }
                  ]
                }
              ]
            },
            {
              "name": "Core",
              "type": "class",
              "children": [
                {
                  "name": "ControllerHelpers",
                  "type": "class",
                  "children": [
                    {
                      "name": "Auth",
                      "type": "class",
                      "children": [
                        {
                          "name": "set_guest_token",
                          "type": "function",
                          "location": "/Users/kgilpin/source/land-of-apps/solidus/core/lib/spree/core/controller_helpers/auth.rb:56",
                          "static": false
                        }
                      ]
                    }
                  ]
                }
              ]
            },
            {
              "name": "i18n_available_locales",
              "type": "function",
              "location": "/Users/kgilpin/source/land-of-apps/solidus/core/lib/spree/i18n.rb:8",
              "static": true
            },
            {
              "name": "BackendConfiguration",
              "type": "class",
              "children": [
                {
                  "name": "preferred_locale",
                  "type": "function",
                  "location": "/Users/kgilpin/source/land-of-apps/solidus/core/lib/spree/preferences/preferable_class_methods.rb:45",
                  "static": false
                }
              ]
            },
            {
              "name": "UserApiAuthentication",
              "type": "class",
              "children": [
                {
                  "name": "generate_spree_api_key!",
                  "type": "function",
                  "location": "/Users/kgilpin/source/land-of-apps/solidus/core/app/models/concerns/spree/user_api_authentication.rb:5",
                  "static": false
                },
                {
                  "name": "generate_spree_api_key",
                  "type": "function",
                  "location": "/Users/kgilpin/source/land-of-apps/solidus/core/app/models/concerns/spree/user_api_authentication.rb:10",
                  "static": false
                }
              ]
            },
            {
              "name": "TestingSupport",
              "type": "class",
              "children": [
                {
                  "name": "UrlHelpers",
                  "type": "class",
                  "children": [
                    {
                      "name": "spree",
                      "type": "function",
                      "location": "/Users/kgilpin/source/land-of-apps/solidus/core/lib/spree/testing_support/url_helpers.rb:6",
                      "static": false
                    }
                  ]
                }
              ]
            }
          ]
        }
      ]
    },
    {
      "name": "activerecord",
      "type": "package",
      "children": [
        {
          "name": "ActiveRecord",
          "type": "class",
          "children": [
            {
              "name": "Inheritance",
              "type": "class",
              "children": [
                {
                  "name": "ClassMethods",
                  "type": "class",
                  "children": [
                    {
                      "name": "new",
                      "type": "function",
                      "location": "/Users/kgilpin/.rbenv/versions/2.6.6/lib/ruby/gems/2.6.0/gems/activerecord-6.0.3.4/lib/active_record/inheritance.rb:50",
                      "static": true
                    }
                  ]
                }
              ]
            },
            {
              "name": "ModelSchema",
              "type": "class",
              "children": [
                {
                  "name": "ClassMethods",
                  "type": "class",
                  "children": [
                    {
                      "name": "symbol_column_to_string",
                      "type": "function",
                      "location": "/Users/kgilpin/.rbenv/versions/2.6.6/lib/ruby/gems/2.6.0/gems/activerecord-6.0.3.4/lib/active_record/model_schema.rb:407",
                      "static": true
                    }
                  ]
                }
              ]
            },
            {
              "name": "Associations",
              "type": "class",
              "children": [
                {
                  "name": "association",
                  "type": "function",
                  "location": "/Users/kgilpin/.rbenv/versions/2.6.6/lib/ruby/gems/2.6.0/gems/activerecord-6.0.3.4/lib/active_record/associations.rb:230",
                  "static": false
                }
              ]
            },
            {
              "name": "ConnectionAdapters",
              "type": "class",
              "children": [
                {
                  "name": "TransactionManager",
                  "type": "class",
                  "children": [
                    {
                      "name": "commit_transaction",
                      "type": "function",
                      "location": "/Users/kgilpin/.rbenv/versions/2.6.6/lib/ruby/gems/2.6.0/gems/activerecord-6.0.3.4/lib/active_record/connection_adapters/abstract/transaction.rb:254",
                      "static": false
                    }
                  ]
                }
              ]
            },
            {
              "name": "LogSubscriber",
              "type": "class",
              "children": [
                {
                  "name": "reset_runtime",
                  "type": "function",
                  "location": "/Users/kgilpin/.rbenv/versions/2.6.6/lib/ruby/gems/2.6.0/gems/activerecord-6.0.3.4/lib/active_record/log_subscriber.rb:17",
                  "static": true
                }
              ]
            },
            {
              "name": "Core",
              "type": "class",
              "children": [
                {
                  "name": "ClassMethods",
                  "type": "class",
                  "children": [
                    {
                      "name": "find",
                      "type": "function",
                      "location": "/Users/kgilpin/.rbenv/versions/2.6.6/lib/ruby/gems/2.6.0/gems/activerecord-6.0.3.4/lib/active_record/core.rb:157",
                      "static": true
                    }
                  ]
                }
              ]
            },
            {
              "name": "AttributeMethods",
              "type": "class",
              "children": [
                {
                  "name": "Write",
                  "type": "class",
                  "children": [
                    {
                      "name": "_write_attribute",
                      "type": "function",
                      "location": "/Users/kgilpin/.rbenv/versions/2.6.6/lib/ruby/gems/2.6.0/gems/activerecord-6.0.3.4/lib/active_record/attribute_methods/write.rb:41",
                      "static": false
                    }
                  ]
                }
              ]
            },
            {
              "name": "Integration",
              "type": "class",
              "children": [
                {
                  "name": "to_param",
                  "type": "function",
                  "location": "/Users/kgilpin/.rbenv/versions/2.6.6/lib/ruby/gems/2.6.0/gems/activerecord-6.0.3.4/lib/active_record/integration.rb:57",
                  "static": false
                }
              ]
            }
          ]
        }
      ]
    },
    {
      "name": "action_pack",
      "type": "package",
      "children": [
        {
          "name": "ActionDispatch",
          "type": "class",
          "children": [
            {
              "name": "Cookies",
              "type": "class",
              "children": [
                {
                  "name": "CookieJar",
                  "type": "class",
                  "children": [
                    {
                      "name": "update",
                      "type": "function",
                      "location": "/Users/kgilpin/.rbenv/versions/2.6.6/lib/ruby/gems/2.6.0/gems/actionpack-6.0.3.4/lib/action_dispatch/middleware/cookies.rb:333",
                      "static": false,
                      "labels": [
                        "provider.http.cookie"
                      ]
                    },
                    {
                      "name": "[]=",
                      "type": "function",
                      "location": "/Users/kgilpin/.rbenv/versions/2.6.6/lib/ruby/gems/2.6.0/gems/actionpack-6.0.3.4/lib/action_dispatch/middleware/cookies.rb:373",
                      "static": false,
                      "labels": [
                        "provider.http.cookie"
                      ]
                    }
                  ]
                }
              ]
            }
          ]
        }
      ]
    },
    {
      "name": "carmen",
      "type": "package",
      "children": [
        {
          "name": "Carmen",
          "type": "class",
          "children": [
            {
              "name": "i18n_backend",
              "type": "function",
              "location": "/Users/kgilpin/.rbenv/versions/2.6.6/lib/ruby/gems/2.6.0/gems/carmen-1.1.3/lib/carmen.rb:38",
              "static": true
            }
          ]
        }
      ]
    },
    {
      "name": "cancancan",
      "type": "package",
      "children": [
        {
          "name": "CanCan",
          "type": "class",
          "children": [
            {
              "name": "ControllerAdditions",
              "type": "class",
              "children": [
                {
                  "name": "authorize!",
                  "type": "function",
                  "location": "/Users/kgilpin/.rbenv/versions/2.6.6/lib/ruby/gems/2.6.0/gems/cancancan-3.1.0/lib/cancan/controller_additions.rb:337",
                  "static": false,
                  "labels": [
                    "provider.authorization"
                  ]
                }
              ]
            },
            {
              "name": "Ability",
              "type": "class",
              "children": [
                {
                  "name": "authorize!",
                  "type": "function",
                  "location": "/Users/kgilpin/.rbenv/versions/2.6.6/lib/ruby/gems/2.6.0/gems/cancancan-3.1.0/lib/cancan/ability.rb:176",
                  "static": false,
                  "labels": [
                    "provider.authorization"
                  ]
                },
                {
                  "name": "cannot?",
                  "type": "function",
                  "location": "/Users/kgilpin/.rbenv/versions/2.6.6/lib/ruby/gems/2.6.0/gems/cancancan-3.1.0/lib/cancan/ability.rb:87",
                  "static": false
                },
                {
                  "name": "can?",
                  "type": "function",
                  "location": "/Users/kgilpin/.rbenv/versions/2.6.6/lib/ruby/gems/2.6.0/gems/cancancan-3.1.0/lib/cancan/ability.rb:74",
                  "static": false
                },
                {
                  "name": "Actions",
                  "type": "class",
                  "children": [
                    {
                      "name": "aliased_actions",
                      "type": "function",
                      "location": "/Users/kgilpin/.rbenv/versions/2.6.6/lib/ruby/gems/2.6.0/gems/cancancan-3.1.0/lib/cancan/ability/actions.rb:43",
                      "static": false
                    }
                  ]
                }
              ]
            },
            {
              "name": "Relevant",
              "type": "class",
              "children": [
                {
                  "name": "relevant?",
                  "type": "function",
                  "location": "/Users/kgilpin/.rbenv/versions/2.6.6/lib/ruby/gems/2.6.0/gems/cancancan-3.1.0/lib/cancan/relevant.rb:6",
                  "static": false
                }
              ]
            },
            {
              "name": "Rule",
              "type": "class",
              "children": [
                {
                  "name": "only_raw_sql?",
                  "type": "function",
                  "location": "/Users/kgilpin/.rbenv/versions/2.6.6/lib/ruby/gems/2.6.0/gems/cancancan-3.1.0/lib/cancan/rule.rb:67",
                  "static": false
                },
                {
                  "name": "matches_attributes?",
                  "type": "function",
                  "location": "/Users/kgilpin/.rbenv/versions/2.6.6/lib/ruby/gems/2.6.0/gems/cancancan-3.1.0/lib/cancan/rule.rb:95",
                  "static": false
                }
              ]
            },
            {
              "name": "ConditionsMatcher",
              "type": "class",
              "children": [
                {
                  "name": "matches_conditions?",
                  "type": "function",
                  "location": "/Users/kgilpin/.rbenv/versions/2.6.6/lib/ruby/gems/2.6.0/gems/cancancan-3.1.0/lib/cancan/conditions_matcher.rb:6",
                  "static": false
                }
              ]
            }
          ]
        }
      ]
    },
    {
      "name": "app/controllers",
      "type": "package",
      "children": [
        {
          "name": "Spree",
          "type": "class",
          "children": [
            {
              "name": "Admin",
              "type": "class",
              "children": [
                {
                  "name": "Users",
                  "type": "class",
                  "children": [
                    {
                      "name": "ApiKeyController",
                      "type": "class",
                      "children": [
                        {
                          "name": "create",
                          "type": "function",
                          "location": "app/controllers/spree/admin/users/api_key_controller.rb:7",
                          "static": false
                        }
                      ]
                    }
                  ]
                }
              ]
            }
          ]
        }
      ]
    }
  ],
  "events": [
    {
      "id": 1,
      "event": "call",
      "thread_id": 70183062585360,
      "defined_class": "Spree",
      "method_id": "user_class",
      "path": "/Users/kgilpin/source/land-of-apps/solidus/core/lib/spree/core.rb",
      "lineno": 26,
      "static": true,
      "parameters": [],
      "receiver": {
        "class": "Module",
        "object_id": 70183075442060,
        "value": "Spree"
      }
    },
    {
      "id": 2,
      "event": "return",
      "thread_id": 70183062585360,
      "parent_id": 1,
      "elapsed": 0.000014,
      "return_value": {
        "class": "Class",
        "value": "Spree::LegacyUser",
        "object_id": 70183142099340
      }
    },
    {
      "id": 3,
      "event": "call",
      "thread_id": 70183062585360,
      "defined_class": "Spree",
      "method_id": "user_class",
      "path": "/Users/kgilpin/source/land-of-apps/solidus/core/lib/spree/core.rb",
      "lineno": 26,
      "static": true,
      "parameters": [],
      "receiver": {
        "class": "Module",
        "object_id": 70183075442060,
        "value": "Spree"
      }
    },
    {
      "id": 4,
      "event": "return",
      "thread_id": 70183062585360,
      "parent_id": 3,
      "elapsed": 0.000009,
      "return_value": {
        "class": "Class",
        "value": "Spree::LegacyUser",
        "object_id": 70183142099340
      }
    },
    {
      "id": 5,
      "event": "call",
      "thread_id": 70183062585360,
      "defined_class": "ActiveRecord::Inheritance::ClassMethods",
      "method_id": "new",
      "path": "/Users/kgilpin/.rbenv/versions/2.6.6/lib/ruby/gems/2.6.0/gems/activerecord-6.0.3.4/lib/active_record/inheritance.rb",
      "lineno": 50,
      "static": true,
      "parameters": [
        {
          "name": "attributes",
          "class": "NilClass",
          "object_id": 8,
          "value": null,
          "kind": "opt"
        },
        {
          "name": "block",
          "class": "NilClass",
          "object_id": 8,
          "value": null,
          "kind": "block"
        }
      ],
      "receiver": {
        "class": "Class",
        "object_id": 70183142099340,
        "value": "Spree::LegacyUser"
      }
    },
    {
      "id": 6,
      "event": "return",
      "thread_id": 70183062585360,
      "parent_id": 5,
      "elapsed": 0.056661,
      "return_value": {
        "class": "Spree::LegacyUser",
        "value": "#<Spree::LegacyUser:0x00007fa9936ba0a0>",
        "object_id": 70183149752400
      }
    },
    {
      "id": 7,
      "event": "call",
      "thread_id": 70183062585360,
      "sql_query": {
        "sql": "SAVEPOINT active_record_1",
        "database_type": "sqlite",
        "server_version": "3.33.0"
      }
    },
    {
      "id": 8,
      "event": "return",
      "thread_id": 70183062585360,
      "parent_id": 7,
      "elapsed": 0.000261
    },
    {
      "id": 9,
      "event": "call",
      "thread_id": 70183062585360,
      "sql_query": {
        "sql": "INSERT INTO \"spree_users\" (\"email\", \"created_at\", \"updated_at\") VALUES (?, ?, ?)",
        "database_type": "sqlite",
        "server_version": "3.33.0"
      }
    },
    {
      "id": 10,
      "event": "return",
      "thread_id": 70183062585360,
      "parent_id": 9,
      "elapsed": 0.000507
    },
    {
      "id": 11,
      "event": "call",
      "thread_id": 70183062585360,
      "defined_class": "Spree::UserMethods",
      "method_id": "auto_generate_spree_api_key",
      "path": "/Users/kgilpin/source/land-of-apps/solidus/core/app/models/concerns/spree/user_methods.rb",
      "lineno": 51,
      "static": false,
      "parameters": [],
      "receiver": {
        "class": "Spree::LegacyUser",
        "object_id": 70183149752400,
        "value": "#<Spree::LegacyUser:0x00007fa9936ba0a0>"
      }
    },
    {
      "id": 12,
      "event": "call",
      "thread_id": 70183062585360,
      "defined_class": "ActiveRecord::ModelSchema::ClassMethods",
      "method_id": "symbol_column_to_string",
      "path": "/Users/kgilpin/.rbenv/versions/2.6.6/lib/ruby/gems/2.6.0/gems/activerecord-6.0.3.4/lib/active_record/model_schema.rb",
      "lineno": 407,
      "static": true,
      "parameters": [
        {
          "name": "name_symbol",
          "class": "Symbol",
          "object_id": 12078428,
          "value": "spree_api_key",
          "kind": "req"
        }
      ],
      "receiver": {
        "class": "Class",
        "object_id": 70183142099340,
        "value": "Spree::LegacyUser"
      }
    },
    {
      "id": 13,
      "event": "return",
      "thread_id": 70183062585360,
      "parent_id": 12,
      "elapsed": 0.00003,
      "return_value": {
        "class": "String",
        "value": "spree_api_key",
        "object_id": 70183148782000
      }
    },
    {
      "id": 14,
      "event": "call",
      "thread_id": 70183062585360,
      "defined_class": "Spree::AppConfiguration",
      "method_id": "generate_api_key_for_all_roles",
      "path": "/Users/kgilpin/source/land-of-apps/solidus/core/lib/spree/preferences/preferable_class_methods.rb",
      "lineno": 45,
      "static": false,
      "parameters": [],
      "receiver": {
        "class": "Spree::AppConfiguration",
        "object_id": 70183064889180,
        "value": "#<Spree::AppConfiguration:0x00007fa9894dceb8>"
      }
    },
    {
      "id": 15,
      "event": "call",
      "thread_id": 70183062585360,
      "defined_class": "Spree::Preferences::Configuration",
      "method_id": "preferences",
      "path": "/Users/kgilpin/source/land-of-apps/solidus/core/lib/spree/preferences/configuration.rb",
      "lineno": 40,
      "static": false,
      "parameters": [],
      "receiver": {
        "class": "Spree::AppConfiguration",
        "object_id": 70183064889180,
        "value": "#<Spree::AppConfiguration:0x00007fa9894dceb8>"
      }
    },
    {
      "id": 16,
      "event": "return",
      "thread_id": 70183062585360,
      "parent_id": 15,
      "elapsed": 0.000005,
      "return_value": {
        "class": "Hash",
        "value": "{:address_requires_state=>true, :admin_interface_logo=>\"logo/solidus.svg\", :admin_products_per_page=",
        "object_id": 70183131745900
      }
    },
    {
      "id": 17,
      "event": "return",
      "thread_id": 70183062585360,
      "parent_id": 14,
      "elapsed": 0.000195
    },
    {
      "id": 18,
      "event": "call",
      "thread_id": 70183062585360,
      "defined_class": "ActiveRecord::Associations",
      "method_id": "association",
      "path": "/Users/kgilpin/.rbenv/versions/2.6.6/lib/ruby/gems/2.6.0/gems/activerecord-6.0.3.4/lib/active_record/associations.rb",
      "lineno": 230,
      "static": false,
      "parameters": [
        {
          "name": "name",
          "class": "Symbol",
          "object_id": 8851868,
          "value": "spree_roles",
          "kind": "req"
        }
      ],
      "receiver": {
        "class": "Spree::LegacyUser",
        "object_id": 70183149752400,
        "value": "#<Spree::LegacyUser:0x00007fa9936ba0a0>"
      }
    },
    {
      "id": 19,
      "event": "return",
      "thread_id": 70183062585360,
      "parent_id": 18,
      "elapsed": 0.02382,
      "return_value": {
        "class": "ActiveRecord::Associations::HasManyThroughAssociation",
        "value": "#<ActiveRecord::Associations::HasManyThroughAssociation:0x00007fa99307e538>",
        "object_id": 70183146484380
      }
    },
    {
      "id": 20,
      "event": "call",
      "thread_id": 70183062585360,
      "sql_query": {
        "sql": "SELECT \"spree_roles\".* FROM \"spree_roles\" INNER JOIN \"spree_roles_users\" ON \"spree_roles\".\"id\" = \"spree_roles_users\".\"role_id\" WHERE \"spree_roles_users\".\"user_id\" = ?",
        "database_type": "sqlite",
        "server_version": "3.33.0"
      }
    },
    {
      "id": 21,
      "event": "return",
      "thread_id": 70183062585360,
      "parent_id": 20,
      "elapsed": 0.000262
    },
    {
      "id": 22,
      "event": "call",
      "thread_id": 70183062585360,
      "defined_class": "Spree::AppConfiguration",
      "method_id": "roles_for_auto_api_key",
      "path": "/Users/kgilpin/source/land-of-apps/solidus/core/lib/spree/preferences/preferable_class_methods.rb",
      "lineno": 45,
      "static": false,
      "parameters": [],
      "receiver": {
        "class": "Spree::AppConfiguration",
        "object_id": 70183064889180,
        "value": "#<Spree::AppConfiguration:0x00007fa9894dceb8>"
      }
    },
    {
      "id": 23,
      "event": "call",
      "thread_id": 70183062585360,
      "defined_class": "Spree::Preferences::Configuration",
      "method_id": "preferences",
      "path": "/Users/kgilpin/source/land-of-apps/solidus/core/lib/spree/preferences/configuration.rb",
      "lineno": 40,
      "static": false,
      "parameters": [],
      "receiver": {
        "class": "Spree::AppConfiguration",
        "object_id": 70183064889180,
        "value": "#<Spree::AppConfiguration:0x00007fa9894dceb8>"
      }
    },
    {
      "id": 24,
      "event": "return",
      "thread_id": 70183062585360,
      "parent_id": 23,
      "elapsed": 0.000007,
      "return_value": {
        "class": "Hash",
        "value": "{:address_requires_state=>true, :admin_interface_logo=>\"logo/solidus.svg\", :admin_products_per_page=",
        "object_id": 70183131745900
      }
    },
    {
      "id": 25,
      "event": "return",
      "thread_id": 70183062585360,
      "parent_id": 22,
      "elapsed": 0.000188,
      "return_value": {
        "class": "Array",
        "value": "[\"admin\"]",
        "object_id": 70183131154520
      }
    },
    {
      "id": 26,
      "event": "return",
      "thread_id": 70183062585360,
      "parent_id": 11,
      "elapsed": 0.087057
    },
    {
      "id": 27,
      "event": "call",
      "thread_id": 70183062585360,
      "defined_class": "ActiveRecord::ConnectionAdapters::TransactionManager",
      "method_id": "commit_transaction",
      "path": "/Users/kgilpin/.rbenv/versions/2.6.6/lib/ruby/gems/2.6.0/gems/activerecord-6.0.3.4/lib/active_record/connection_adapters/abstract/transaction.rb",
      "lineno": 254,
      "static": false,
      "parameters": [],
      "receiver": {
        "class": "ActiveRecord::ConnectionAdapters::TransactionManager",
        "object_id": 70183145589060,
        "value": "#<ActiveRecord::ConnectionAdapters::TransactionManager:0x00007fa992ec9288>"
      }
    },
    {
      "id": 28,
      "event": "call",
      "thread_id": 70183062585360,
      "sql_query": {
        "sql": "RELEASE SAVEPOINT active_record_1",
        "database_type": "sqlite",
        "server_version": "3.33.0"
      }
    },
    {
      "id": 29,
      "event": "return",
      "thread_id": 70183062585360,
      "parent_id": 28,
      "elapsed": 0.000131
    },
    {
      "id": 30,
      "event": "return",
      "thread_id": 70183062585360,
      "parent_id": 27,
      "elapsed": 0.002634
    },
    {
      "id": 31,
      "event": "call",
      "thread_id": 70183062585360,
      "defined_class": "ActionDispatch::Cookies::CookieJar",
      "method_id": "update",
      "path": "/Users/kgilpin/.rbenv/versions/2.6.6/lib/ruby/gems/2.6.0/gems/actionpack-6.0.3.4/lib/action_dispatch/middleware/cookies.rb",
      "lineno": 333,
      "static": false,
      "parameters": [
        {
          "name": "other_hash",
          "class": "ActiveSupport::HashWithIndifferentAccess",
          "object_id": 70183131274300,
          "value": "{}",
          "kind": "req"
        }
      ],
      "receiver": {
        "class": "ActionDispatch::Cookies::CookieJar",
        "object_id": 70183132245480,
        "value": "#<ActionDispatch::Cookies::CookieJar:0x00007fa991555bd0>"
      }
    },
    {
      "id": 32,
      "event": "return",
      "thread_id": 70183062585360,
      "parent_id": 31,
      "elapsed": 0.000015,
      "return_value": {
        "class": "ActionDispatch::Cookies::CookieJar",
        "value": "#<ActionDispatch::Cookies::CookieJar:0x00007fa991555bd0>",
        "object_id": 70183132245480
      }
    },
    {
      "id": 33,
      "event": "call",
      "thread_id": 70183062585360,
      "defined_class": "ActionDispatch::Cookies::CookieJar",
      "method_id": "update",
      "path": "/Users/kgilpin/.rbenv/versions/2.6.6/lib/ruby/gems/2.6.0/gems/actionpack-6.0.3.4/lib/action_dispatch/middleware/cookies.rb",
      "lineno": 333,
      "static": false,
      "parameters": [
        {
          "name": "other_hash",
          "class": "ActiveSupport::HashWithIndifferentAccess",
          "object_id": 70183131274300,
          "value": "{}",
          "kind": "req"
        }
      ],
      "receiver": {
        "class": "ActionDispatch::Cookies::CookieJar",
        "object_id": 70183132245480,
        "value": "#<ActionDispatch::Cookies::CookieJar:0x00007fa991555bd0>"
      }
    },
    {
      "id": 34,
      "event": "return",
      "thread_id": 70183062585360,
      "parent_id": 33,
      "elapsed": 0.000009,
      "return_value": {
        "class": "ActionDispatch::Cookies::CookieJar",
        "value": "#<ActionDispatch::Cookies::CookieJar:0x00007fa991555bd0>",
        "object_id": 70183132245480
      }
    },
    {
      "id": 35,
      "event": "call",
      "thread_id": 70183062585360,
      "defined_class": "ActionDispatch::Cookies::CookieJar",
      "method_id": "update",
      "path": "/Users/kgilpin/.rbenv/versions/2.6.6/lib/ruby/gems/2.6.0/gems/actionpack-6.0.3.4/lib/action_dispatch/middleware/cookies.rb",
      "lineno": 333,
      "static": false,
      "parameters": [
        {
          "name": "other_hash",
          "class": "ActiveSupport::HashWithIndifferentAccess",
          "object_id": 70183131274300,
          "value": "{}",
          "kind": "req"
        }
      ],
      "receiver": {
        "class": "ActionDispatch::Cookies::CookieJar",
        "object_id": 70183132295000,
        "value": "#<ActionDispatch::Cookies::CookieJar:0x00007fa99156deb0>"
      }
    },
    {
      "id": 36,
      "event": "return",
      "thread_id": 70183062585360,
      "parent_id": 35,
      "elapsed": 0.000008,
      "return_value": {
        "class": "ActionDispatch::Cookies::CookieJar",
        "value": "#<ActionDispatch::Cookies::CookieJar:0x00007fa99156deb0>",
        "object_id": 70183132295000
      }
    },
    {
      "id": 37,
      "event": "call",
      "thread_id": 70183062585360,
      "defined_class": "ActiveRecord::LogSubscriber",
      "method_id": "reset_runtime",
      "path": "/Users/kgilpin/.rbenv/versions/2.6.6/lib/ruby/gems/2.6.0/gems/activerecord-6.0.3.4/lib/active_record/log_subscriber.rb",
      "lineno": 17,
      "static": true,
      "parameters": [],
      "receiver": {
        "class": "Class",
        "object_id": 70183130397380,
        "value": "ActiveRecord::LogSubscriber"
      }
    },
    {
      "id": 38,
      "event": "return",
      "thread_id": 70183062585360,
      "parent_id": 37,
      "elapsed": 0.000017,
      "return_value": {
        "class": "Float",
        "value": "119.20500011183321",
        "object_id": 211221637336399870
      }
    },
    {
      "id": 39,
      "event": "call",
      "thread_id": 70183062585360,
      "http_server_request": {
        "request_method": "POST",
        "path_info": "/admin/users/1/api_key",
        "normalized_path_info": "/admin/users/:user_id/api_key(.:format)"
      },
      "message": [
        {
          "name": "user_id",
          "class": "String",
          "value": "1",
          "object_id": 70183070684520
        },
        {
          "name": "controller",
          "class": "String",
          "value": "spree/admin/users/api_key",
          "object_id": 70183129722840
        },
        {
          "name": "action",
          "class": "String",
          "value": "create",
          "object_id": 70183132245660
        }
      ]
    },
    {
      "id": 40,
      "event": "call",
      "thread_id": 70183062585360,
      "defined_class": "Spree::Core::ControllerHelpers::Auth",
      "method_id": "set_guest_token",
      "path": "/Users/kgilpin/source/land-of-apps/solidus/core/lib/spree/core/controller_helpers/auth.rb",
      "lineno": 56,
      "static": false,
      "parameters": [],
      "receiver": {
        "class": "Spree::Admin::Users::ApiKeyController",
        "object_id": 70183131253120,
        "value": "#<Spree::Admin::Users::ApiKeyController:0x00007fa991371300>"
      }
    },
    {
      "id": 41,
      "event": "call",
      "thread_id": 70183062585360,
      "defined_class": "ActionDispatch::Cookies::CookieJar",
      "method_id": "update",
      "path": "/Users/kgilpin/.rbenv/versions/2.6.6/lib/ruby/gems/2.6.0/gems/actionpack-6.0.3.4/lib/action_dispatch/middleware/cookies.rb",
      "lineno": 333,
      "static": false,
      "parameters": [
        {
          "name": "other_hash",
          "class": "Hash",
          "object_id": 70183147316200,
          "value": "{}",
          "kind": "req"
        }
      ],
      "receiver": {
        "class": "ActionDispatch::Cookies::CookieJar",
        "object_id": 70183147316060,
        "value": "#<ActionDispatch::Cookies::CookieJar:0x00007fa9932146b8>"
      }
    },
    {
      "id": 42,
      "event": "return",
      "thread_id": 70183062585360,
      "parent_id": 41,
      "elapsed": 0.000007,
      "return_value": {
        "class": "ActionDispatch::Cookies::CookieJar",
        "value": "#<ActionDispatch::Cookies::CookieJar:0x00007fa9932146b8>",
        "object_id": 70183147316060
      }
    },
    {
      "id": 43,
      "event": "call",
      "thread_id": 70183062585360,
      "defined_class": "Spree::Preferences::Preferable",
      "method_id": "get_preference",
      "path": "/Users/kgilpin/source/land-of-apps/solidus/core/lib/spree/preferences/preferable.rb",
      "lineno": 66,
      "static": false,
      "parameters": [
        {
          "name": "name",
          "class": "Symbol",
          "object_id": 8554908,
          "value": "guest_token_cookie_options",
          "kind": "req"
        }
      ],
      "receiver": {
        "class": "Spree::AppConfiguration",
        "object_id": 70183064889180,
        "value": "#<Spree::AppConfiguration:0x00007fa9894dceb8>"
      }
    },
    {
      "id": 44,
      "event": "call",
      "thread_id": 70183062585360,
      "defined_class": "Spree::Preferences::Preferable",
      "method_id": "has_preference!",
      "path": "/Users/kgilpin/source/land-of-apps/solidus/core/lib/spree/preferences/preferable.rb",
      "lineno": 96,
      "static": false,
      "parameters": [
        {
          "name": "name",
          "class": "Symbol",
          "object_id": 8554908,
          "value": "guest_token_cookie_options",
          "kind": "req"
        }
      ],
      "receiver": {
        "class": "Spree::AppConfiguration",
        "object_id": 70183064889180,
        "value": "#<Spree::AppConfiguration:0x00007fa9894dceb8>"
      }
    },
    {
      "id": 45,
      "event": "call",
      "thread_id": 70183062585360,
      "defined_class": "Spree::Preferences::Preferable",
      "method_id": "has_preference?",
      "path": "/Users/kgilpin/source/land-of-apps/solidus/core/lib/spree/preferences/preferable.rb",
      "lineno": 102,
      "static": false,
      "parameters": [
        {
          "name": "name",
          "class": "Symbol",
          "object_id": 8554908,
          "value": "guest_token_cookie_options",
          "kind": "req"
        }
      ],
      "receiver": {
        "class": "Spree::AppConfiguration",
        "object_id": 70183064889180,
        "value": "#<Spree::AppConfiguration:0x00007fa9894dceb8>"
      }
    },
    {
      "id": 46,
      "event": "call",
      "thread_id": 70183062585360,
      "defined_class": "Spree::Preferences::Preferable",
      "method_id": "defined_preferences",
      "path": "/Users/kgilpin/source/land-of-apps/solidus/core/lib/spree/preferences/preferable.rb",
      "lineno": 107,
      "static": false,
      "parameters": [],
      "receiver": {
        "class": "Spree::AppConfiguration",
        "object_id": 70183064889180,
        "value": "#<Spree::AppConfiguration:0x00007fa9894dceb8>"
      }
    },
    {
      "id": 47,
      "event": "call",
      "thread_id": 70183062585360,
      "defined_class": "Spree::Preferences::PreferableClassMethods",
      "method_id": "defined_preferences",
      "path": "/Users/kgilpin/source/land-of-apps/solidus/core/lib/spree/preferences/preferable_class_methods.rb",
      "lineno": 17,
      "static": true,
      "parameters": [],
      "receiver": {
        "class": "Class",
        "object_id": 70183130825920,
        "value": "Spree::AppConfiguration"
      }
    },
    {
      "id": 48,
      "event": "return",
      "thread_id": 70183062585360,
      "parent_id": 47,
      "elapsed": 0.000005,
      "return_value": {
        "class": "Array",
        "value": "[]",
        "object_id": 70183147354040
      }
    },
    {
      "id": 49,
      "event": "return",
      "thread_id": 70183062585360,
      "parent_id": 46,
      "elapsed": 0.000058,
      "return_value": {
        "class": "Array",
        "value": "[:address_requires_state, :admin_interface_logo, :admin_products_per_page, :admin_variants_per_page,",
        "object_id": 70183147353660
      }
    },
    {
      "id": 50,
      "event": "return",
      "thread_id": 70183062585360,
      "parent_id": 45,
      "elapsed": 0.000144,
      "return_value": {
        "class": "TrueClass",
        "value": "true",
        "object_id": 20
      }
    },
    {
      "id": 51,
      "event": "return",
      "thread_id": 70183062585360,
      "parent_id": 44,
      "elapsed": 0.000197
    },
    {
      "id": 52,
      "event": "call",
      "thread_id": 70183062585360,
      "defined_class": "Spree::Preferences::PreferableClassMethods",
      "method_id": "preference_getter_method",
      "path": "/Users/kgilpin/source/land-of-apps/solidus/core/lib/spree/preferences/preferable_class_methods.rb",
      "lineno": 70,
      "static": true,
      "parameters": [
        {
          "name": "name",
          "class": "Symbol",
          "object_id": 8554908,
          "value": "guest_token_cookie_options",
          "kind": "req"
        }
      ],
      "receiver": {
        "class": "Class",
        "object_id": 70183130825920,
        "value": "Spree::AppConfiguration"
      }
    },
    {
      "id": 53,
      "event": "return",
      "thread_id": 70183062585360,
      "parent_id": 52,
      "elapsed": 0.000005,
      "return_value": {
        "class": "Symbol",
        "value": "preferred_guest_token_cookie_options",
        "object_id": 70183130896840
      }
    },
    {
      "id": 54,
      "event": "call",
      "thread_id": 70183062585360,
      "defined_class": "Spree::AppConfiguration",
      "method_id": "preferred_guest_token_cookie_options",
      "path": "/Users/kgilpin/source/land-of-apps/solidus/core/lib/spree/preferences/preferable_class_methods.rb",
      "lineno": 45,
      "static": false,
      "parameters": [],
      "receiver": {
        "class": "Spree::AppConfiguration",
        "object_id": 70183064889180,
        "value": "#<Spree::AppConfiguration:0x00007fa9894dceb8>"
      }
    },
    {
      "id": 55,
      "event": "call",
      "thread_id": 70183062585360,
      "defined_class": "Spree::Preferences::Configuration",
      "method_id": "preferences",
      "path": "/Users/kgilpin/source/land-of-apps/solidus/core/lib/spree/preferences/configuration.rb",
      "lineno": 40,
      "static": false,
      "parameters": [],
      "receiver": {
        "class": "Spree::AppConfiguration",
        "object_id": 70183064889180,
        "value": "#<Spree::AppConfiguration:0x00007fa9894dceb8>"
      }
    },
    {
      "id": 56,
      "event": "return",
      "thread_id": 70183062585360,
      "parent_id": 55,
      "elapsed": 0.000005,
      "return_value": {
        "class": "Hash",
        "value": "{:address_requires_state=>true, :admin_interface_logo=>\"logo/solidus.svg\", :admin_products_per_page=",
        "object_id": 70183131745900
      }
    },
    {
      "id": 57,
      "event": "return",
      "thread_id": 70183062585360,
      "parent_id": 54,
      "elapsed": 0.000149,
      "return_value": {
        "class": "Hash",
        "value": "{}",
        "object_id": 70183130897760
      }
    },
    {
      "id": 58,
      "event": "return",
      "thread_id": 70183062585360,
      "parent_id": 43,
      "elapsed": 0.000499,
      "return_value": {
        "class": "Hash",
        "value": "{}",
        "object_id": 70183130897760
      }
    },
    {
      "id": 59,
      "event": "call",
      "thread_id": 70183062585360,
      "defined_class": "ActionDispatch::Cookies::CookieJar",
      "method_id": "[]=",
      "path": "/Users/kgilpin/.rbenv/versions/2.6.6/lib/ruby/gems/2.6.0/gems/actionpack-6.0.3.4/lib/action_dispatch/middleware/cookies.rb",
      "lineno": 373,
      "static": false,
      "parameters": [
        {
          "name": "name",
          "class": "Symbol",
          "object_id": 8800988,
          "value": "guest_token",
          "kind": "req"
        },
        {
          "name": "options",
          "class": "Hash",
          "object_id": 70183147382320,
          "value": "{:value=>\"BAhJIhtuNWk0REJvS3g4WFM0ZzJOT0VuelpBBjoGRUY=--6f2f9b8cca75f756cf45bec5160b21b131754e20\", :",
          "kind": "req"
        }
      ],
      "receiver": {
        "class": "ActionDispatch::Cookies::CookieJar",
        "object_id": 70183147316060,
        "value": "#<ActionDispatch::Cookies::CookieJar:0x00007fa9932146b8>"
      }
    },
    {
      "id": 60,
      "event": "return",
      "thread_id": 70183062585360,
      "parent_id": 59,
      "elapsed": 0.000012,
      "return_value": {
        "class": "String",
        "value": "BAhJIhtuNWk0REJvS3g4WFM0ZzJOT0VuelpBBjoGRUY=--6f2f9b8cca75f756cf45bec5160b21b131754e20",
        "object_id": 70183147382060
      }
    },
    {
      "id": 61,
      "event": "return",
      "thread_id": 70183062585360,
      "parent_id": 40,
      "elapsed": 0.002298,
      "return_value": {
        "class": "Hash",
        "value": "{:value=>\"BAhJIhtuNWk0REJvS3g4WFM0ZzJOT0VuelpBBjoGRUY=--6f2f9b8cca75f756cf45bec5160b21b131754e20\", :",
        "object_id": 70183147382320
      }
    },
    {
      "id": 62,
      "event": "call",
      "thread_id": 70183062585360,
      "defined_class": "Spree",
      "method_id": "i18n_available_locales",
      "path": "/Users/kgilpin/source/land-of-apps/solidus/core/lib/spree/i18n.rb",
      "lineno": 8,
      "static": true,
      "parameters": [],
      "receiver": {
        "class": "Module",
        "object_id": 70183075442060,
        "value": "Spree"
      }
    },
    {
      "id": 63,
      "event": "return",
      "thread_id": 70183062585360,
      "parent_id": 62,
      "elapsed": 0.031377,
      "return_value": {
        "class": "Array",
        "value": "[:en]",
        "object_id": 70183150064780
      }
    },
    {
      "id": 64,
      "event": "call",
      "thread_id": 70183062585360,
      "defined_class": "Spree::Preferences::Preferable",
      "method_id": "get_preference",
      "path": "/Users/kgilpin/source/land-of-apps/solidus/core/lib/spree/preferences/preferable.rb",
      "lineno": 66,
      "static": false,
      "parameters": [
        {
          "name": "name",
          "class": "Symbol",
          "object_id": 2696668,
          "value": "locale",
          "kind": "req"
        }
      ],
      "receiver": {
        "class": "Spree::BackendConfiguration",
        "object_id": 70183133001580,
        "value": "#<Spree::BackendConfiguration:0x00007fa9916c6ed8>"
      }
    },
    {
      "id": 65,
      "event": "call",
      "thread_id": 70183062585360,
      "defined_class": "Spree::Preferences::Preferable",
      "method_id": "has_preference!",
      "path": "/Users/kgilpin/source/land-of-apps/solidus/core/lib/spree/preferences/preferable.rb",
      "lineno": 96,
      "static": false,
      "parameters": [
        {
          "name": "name",
          "class": "Symbol",
          "object_id": 2696668,
          "value": "locale",
          "kind": "req"
        }
      ],
      "receiver": {
        "class": "Spree::BackendConfiguration",
        "object_id": 70183133001580,
        "value": "#<Spree::BackendConfiguration:0x00007fa9916c6ed8>"
      }
    },
    {
      "id": 66,
      "event": "call",
      "thread_id": 70183062585360,
      "defined_class": "Spree::Preferences::Preferable",
      "method_id": "has_preference?",
      "path": "/Users/kgilpin/source/land-of-apps/solidus/core/lib/spree/preferences/preferable.rb",
      "lineno": 102,
      "static": false,
      "parameters": [
        {
          "name": "name",
          "class": "Symbol",
          "object_id": 2696668,
          "value": "locale",
          "kind": "req"
        }
      ],
      "receiver": {
        "class": "Spree::BackendConfiguration",
        "object_id": 70183133001580,
        "value": "#<Spree::BackendConfiguration:0x00007fa9916c6ed8>"
      }
    },
    {
      "id": 67,
      "event": "call",
      "thread_id": 70183062585360,
      "defined_class": "Spree::Preferences::Preferable",
      "method_id": "defined_preferences",
      "path": "/Users/kgilpin/source/land-of-apps/solidus/core/lib/spree/preferences/preferable.rb",
      "lineno": 107,
      "static": false,
      "parameters": [],
      "receiver": {
        "class": "Spree::BackendConfiguration",
        "object_id": 70183133001580,
        "value": "#<Spree::BackendConfiguration:0x00007fa9916c6ed8>"
      }
    },
    {
      "id": 68,
      "event": "call",
      "thread_id": 70183062585360,
      "defined_class": "Spree::Preferences::PreferableClassMethods",
      "method_id": "defined_preferences",
      "path": "/Users/kgilpin/source/land-of-apps/solidus/core/lib/spree/preferences/preferable_class_methods.rb",
      "lineno": 17,
      "static": true,
      "parameters": [],
      "receiver": {
        "class": "Class",
        "object_id": 70183132504460,
        "value": "Spree::BackendConfiguration"
      }
    },
    {
      "id": 69,
      "event": "return",
      "thread_id": 70183062585360,
      "parent_id": 68,
      "elapsed": 0.000005,
      "return_value": {
        "class": "Array",
        "value": "[]",
        "object_id": 70183150114380
      }
    },
    {
      "id": 70,
      "event": "return",
      "thread_id": 70183062585360,
      "parent_id": 67,
      "elapsed": 0.000059,
      "return_value": {
        "class": "Array",
        "value": "[:locale, :unfrozen_preference_store]",
        "object_id": 70183150113960
      }
    },
    {
      "id": 71,
      "event": "return",
      "thread_id": 70183062585360,
      "parent_id": 66,
      "elapsed": 0.000114,
      "return_value": {
        "class": "TrueClass",
        "value": "true",
        "object_id": 20
      }
    },
    {
      "id": 72,
      "event": "return",
      "thread_id": 70183062585360,
      "parent_id": 65,
      "elapsed": 0.000178
    },
    {
      "id": 73,
      "event": "call",
      "thread_id": 70183062585360,
      "defined_class": "Spree::Preferences::PreferableClassMethods",
      "method_id": "preference_getter_method",
      "path": "/Users/kgilpin/source/land-of-apps/solidus/core/lib/spree/preferences/preferable_class_methods.rb",
      "lineno": 70,
      "static": true,
      "parameters": [
        {
          "name": "name",
          "class": "Symbol",
          "object_id": 2696668,
          "value": "locale",
          "kind": "req"
        }
      ],
      "receiver": {
        "class": "Class",
        "object_id": 70183132504460,
        "value": "Spree::BackendConfiguration"
      }
    },
    {
      "id": 74,
      "event": "return",
      "thread_id": 70183062585360,
      "parent_id": 73,
      "elapsed": 0.000005,
      "return_value": {
        "class": "Symbol",
        "value": "preferred_locale",
        "object_id": 70183132535740
      }
    },
    {
      "id": 75,
      "event": "call",
      "thread_id": 70183062585360,
      "defined_class": "Spree::BackendConfiguration",
      "method_id": "preferred_locale",
      "path": "/Users/kgilpin/source/land-of-apps/solidus/core/lib/spree/preferences/preferable_class_methods.rb",
      "lineno": 45,
      "static": false,
      "parameters": [],
      "receiver": {
        "class": "Spree::BackendConfiguration",
        "object_id": 70183133001580,
        "value": "#<Spree::BackendConfiguration:0x00007fa9916c6ed8>"
      }
    },
    {
      "id": 76,
      "event": "call",
      "thread_id": 70183062585360,
      "defined_class": "Spree::Preferences::Configuration",
      "method_id": "preferences",
      "path": "/Users/kgilpin/source/land-of-apps/solidus/core/lib/spree/preferences/configuration.rb",
      "lineno": 40,
      "static": false,
      "parameters": [],
      "receiver": {
        "class": "Spree::BackendConfiguration",
        "object_id": 70183133001580,
        "value": "#<Spree::BackendConfiguration:0x00007fa9916c6ed8>"
      }
    },
    {
      "id": 77,
      "event": "return",
      "thread_id": 70183062585360,
      "parent_id": 76,
      "elapsed": 0.000004,
      "return_value": {
        "class": "Hash",
        "value": "{:locale=>:en, :unfrozen_preference_store=>{:locale=>:en, :unfrozen_preference_store=>nil}}",
        "object_id": 70183070665000
      }
    },
    {
      "id": 78,
      "event": "return",
      "thread_id": 70183062585360,
      "parent_id": 75,
      "elapsed": 0.000063,
      "return_value": {
        "class": "Symbol",
        "value": "en",
        "object_id": 2696988
      }
    },
    {
      "id": 79,
      "event": "return",
      "thread_id": 70183062585360,
      "parent_id": 64,
      "elapsed": 0.000406,
      "return_value": {
        "class": "Symbol",
        "value": "en",
        "object_id": 2696988
      }
    },
    {
      "id": 80,
      "event": "call",
      "thread_id": 70183062585360,
      "defined_class": "Carmen",
      "method_id": "i18n_backend",
      "path": "/Users/kgilpin/.rbenv/versions/2.6.6/lib/ruby/gems/2.6.0/gems/carmen-1.1.3/lib/carmen.rb",
      "lineno": 38,
      "static": true,
      "parameters": [],
      "receiver": {
        "class": "Module",
        "object_id": 70183132433540,
        "value": "Carmen"
      }
    },
    {
      "id": 81,
      "event": "return",
      "thread_id": 70183062585360,
      "parent_id": 80,
      "elapsed": 0.000004,
      "return_value": {
        "class": "Carmen::I18n::Simple",
        "value": "#<Carmen::I18n::Simple:0x00007fa9899c4a20>",
        "object_id": 70183067460880
      }
    },
    {
      "id": 82,
      "event": "call",
      "thread_id": 70183062585360,
      "defined_class": "CanCan::ControllerAdditions",
      "method_id": "authorize!",
      "path": "/Users/kgilpin/.rbenv/versions/2.6.6/lib/ruby/gems/2.6.0/gems/cancancan-3.1.0/lib/cancan/controller_additions.rb",
      "lineno": 337,
      "static": false,
      "parameters": [
        {
          "name": "args",
          "class": "Array",
          "object_id": 70183150149260,
          "value": "[:admin, :api_key]",
          "kind": "rest"
        }
      ],
      "receiver": {
        "class": "Spree::Admin::Users::ApiKeyController",
        "object_id": 70183131253120,
        "value": "#<Spree::Admin::Users::ApiKeyController:0x00007fa991371300>"
      }
    },
    {
      "id": 83,
      "event": "call",
      "thread_id": 70183062585360,
      "defined_class": "CanCan::Ability",
      "method_id": "authorize!",
      "path": "/Users/kgilpin/.rbenv/versions/2.6.6/lib/ruby/gems/2.6.0/gems/cancancan-3.1.0/lib/cancan/ability.rb",
      "lineno": 176,
      "static": false,
      "parameters": [
        {
          "name": "action",
          "class": "Symbol",
          "object_id": 8584668,
          "value": "admin",
          "kind": "req"
        },
        {
          "name": "subject",
          "class": "Symbol",
          "object_id": 2646748,
          "value": "api_key",
          "kind": "req"
        },
        {
          "name": "args",
          "class": "Array",
          "object_id": 70183150143420,
          "value": "[]",
          "kind": "rest"
        }
      ],
      "receiver": {
        "class": "Object",
        "object_id": 70183132879720,
        "value": "#<#<Class:0x00007fa9913264e0>:0x00007fa99168b6d0>"
      }
    },
    {
      "id": 84,
      "event": "call",
      "thread_id": 70183062585360,
      "defined_class": "CanCan::Ability",
      "method_id": "cannot?",
      "path": "/Users/kgilpin/.rbenv/versions/2.6.6/lib/ruby/gems/2.6.0/gems/cancancan-3.1.0/lib/cancan/ability.rb",
      "lineno": 87,
      "static": false,
      "parameters": [
        {
          "name": "args",
          "class": "Array",
          "object_id": 70183150141780,
          "value": "[:admin, :api_key]",
          "kind": "rest"
        }
      ],
      "receiver": {
        "class": "Object",
        "object_id": 70183132879720,
        "value": "#<#<Class:0x00007fa9913264e0>:0x00007fa99168b6d0>"
      }
    },
    {
      "id": 85,
      "event": "call",
      "thread_id": 70183062585360,
      "defined_class": "CanCan::Ability",
      "method_id": "can?",
      "path": "/Users/kgilpin/.rbenv/versions/2.6.6/lib/ruby/gems/2.6.0/gems/cancancan-3.1.0/lib/cancan/ability.rb",
      "lineno": 74,
      "static": false,
      "parameters": [
        {
          "name": "action",
          "class": "Symbol",
          "object_id": 8584668,
          "value": "admin",
          "kind": "req"
        },
        {
          "name": "subject",
          "class": "Symbol",
          "object_id": 2646748,
          "value": "api_key",
          "kind": "req"
        },
        {
          "name": "attribute",
          "class": "NilClass",
          "object_id": 8,
          "value": null,
          "kind": "opt"
        },
        {
          "name": "extra_args",
          "class": "NilClass",
          "object_id": 8,
          "value": null,
          "kind": "rest"
        }
      ],
      "receiver": {
        "class": "Object",
        "object_id": 70183132879720,
        "value": "#<#<Class:0x00007fa9913264e0>:0x00007fa99168b6d0>"
      }
    },
    {
      "id": 86,
      "event": "call",
      "thread_id": 70183062585360,
      "defined_class": "CanCan::Ability::Actions",
      "method_id": "aliased_actions",
      "path": "/Users/kgilpin/.rbenv/versions/2.6.6/lib/ruby/gems/2.6.0/gems/cancancan-3.1.0/lib/cancan/ability/actions.rb",
      "lineno": 43,
      "static": false,
      "parameters": [],
      "receiver": {
        "class": "Object",
        "object_id": 70183132879720,
        "value": "#<#<Class:0x00007fa9913264e0>:0x00007fa99168b6d0>"
      }
    },
    {
      "id": 87,
      "event": "return",
      "thread_id": 70183062585360,
      "parent_id": 86,
      "elapsed": 0.000007,
      "return_value": {
        "class": "Hash",
        "value": "{:read=>[:index, :show], :create=>[:new], :update=>[:edit]}",
        "object_id": 70183150159360
      }
    },
    {
      "id": 88,
      "event": "call",
      "thread_id": 70183062585360,
      "defined_class": "CanCan::Relevant",
      "method_id": "relevant?",
      "path": "/Users/kgilpin/.rbenv/versions/2.6.6/lib/ruby/gems/2.6.0/gems/cancancan-3.1.0/lib/cancan/relevant.rb",
      "lineno": 6,
      "static": false,
      "parameters": [
        {
          "name": "action",
          "class": "Symbol",
          "object_id": 8584668,
          "value": "admin",
          "kind": "req"
        },
        {
          "name": "subject",
          "class": "Symbol",
          "object_id": 2646748,
          "value": "api_key",
          "kind": "req"
        }
      ],
      "receiver": {
        "class": "CanCan::Rule",
        "object_id": 70183147201740,
        "value": "#<CanCan::Rule:0x00007fa9931dc998>"
      }
    },
    {
      "id": 89,
      "event": "return",
      "thread_id": 70183062585360,
      "parent_id": 88,
      "elapsed": 0.000008,
      "return_value": {
        "class": "TrueClass",
        "value": "true",
        "object_id": 20
      }
    },
    {
      "id": 90,
      "event": "call",
      "thread_id": 70183062585360,
      "defined_class": "CanCan::Rule",
      "method_id": "only_raw_sql?",
      "path": "/Users/kgilpin/.rbenv/versions/2.6.6/lib/ruby/gems/2.6.0/gems/cancancan-3.1.0/lib/cancan/rule.rb",
      "lineno": 67,
      "static": false,
      "parameters": [],
      "receiver": {
        "class": "CanCan::Rule",
        "object_id": 70183147201740,
        "value": "#<CanCan::Rule:0x00007fa9931dc998>"
      }
    },
    {
      "id": 91,
      "event": "return",
      "thread_id": 70183062585360,
      "parent_id": 90,
      "elapsed": 0.000007
    },
    {
      "id": 92,
      "event": "call",
      "thread_id": 70183062585360,
      "defined_class": "CanCan::ConditionsMatcher",
      "method_id": "matches_conditions?",
      "path": "/Users/kgilpin/.rbenv/versions/2.6.6/lib/ruby/gems/2.6.0/gems/cancancan-3.1.0/lib/cancan/conditions_matcher.rb",
      "lineno": 6,
      "static": false,
      "parameters": [
        {
          "name": "action",
          "class": "Symbol",
          "object_id": 8584668,
          "value": "admin",
          "kind": "req"
        },
        {
          "name": "subject",
          "class": "Symbol",
          "object_id": 2646748,
          "value": "api_key",
          "kind": "req"
        },
        {
          "name": "attribute",
          "class": "NilClass",
          "object_id": 8,
          "value": null,
          "kind": "opt"
        },
        {
          "name": "extra_args",
          "class": "Array",
          "object_id": 70183150175920,
          "value": "[]",
          "kind": "rest"
        }
      ],
      "receiver": {
        "class": "CanCan::Rule",
        "object_id": 70183147201740,
        "value": "#<CanCan::Rule:0x00007fa9931dc998>"
      }
    },
    {
      "id": 93,
      "event": "return",
      "thread_id": 70183062585360,
      "parent_id": 92,
      "elapsed": 0.000006,
      "return_value": {
        "class": "TrueClass",
        "value": "true",
        "object_id": 20
      }
    },
    {
      "id": 94,
      "event": "call",
      "thread_id": 70183062585360,
      "defined_class": "CanCan::Rule",
      "method_id": "matches_attributes?",
      "path": "/Users/kgilpin/.rbenv/versions/2.6.6/lib/ruby/gems/2.6.0/gems/cancancan-3.1.0/lib/cancan/rule.rb",
      "lineno": 95,
      "static": false,
      "parameters": [
        {
          "name": "attribute",
          "class": "NilClass",
          "object_id": 8,
          "value": null,
          "kind": "req"
        }
      ],
      "receiver": {
        "class": "CanCan::Rule",
        "object_id": 70183147201740,
        "value": "#<CanCan::Rule:0x00007fa9931dc998>"
      }
    },
    {
      "id": 95,
      "event": "return",
      "thread_id": 70183062585360,
      "parent_id": 94,
      "elapsed": 0.000004,
      "return_value": {
        "class": "TrueClass",
        "value": "true",
        "object_id": 20
      }
    },
    {
      "id": 96,
      "event": "return",
      "thread_id": 70183062585360,
      "parent_id": 85,
      "elapsed": 0.001509,
      "return_value": {
        "class": "TrueClass",
        "value": "true",
        "object_id": 20
      }
    },
    {
      "id": 97,
      "event": "return",
      "thread_id": 70183062585360,
      "parent_id": 84,
      "elapsed": 0.002674
    },
    {
      "id": 98,
      "event": "return",
      "thread_id": 70183062585360,
      "parent_id": 83,
      "elapsed": 0.003873,
      "return_value": {
        "class": "Symbol",
        "value": "api_key",
        "object_id": 2646748
      }
    },
    {
      "id": 99,
      "event": "return",
      "thread_id": 70183062585360,
      "parent_id": 82,
      "elapsed": 0.006666,
      "return_value": {
        "class": "Symbol",
        "value": "api_key",
        "object_id": 2646748
      }
    },
    {
      "id": 100,
      "event": "call",
      "thread_id": 70183062585360,
      "defined_class": "CanCan::ControllerAdditions",
      "method_id": "authorize!",
      "path": "/Users/kgilpin/.rbenv/versions/2.6.6/lib/ruby/gems/2.6.0/gems/cancancan-3.1.0/lib/cancan/controller_additions.rb",
      "lineno": 337,
      "static": false,
      "parameters": [
        {
          "name": "args",
          "class": "Array",
          "object_id": 70183150193820,
          "value": "[:create, :api_key]",
          "kind": "rest"
        }
      ],
      "receiver": {
        "class": "Spree::Admin::Users::ApiKeyController",
        "object_id": 70183131253120,
        "value": "#<Spree::Admin::Users::ApiKeyController:0x00007fa991371300>"
      }
    },
    {
      "id": 101,
      "event": "call",
      "thread_id": 70183062585360,
      "defined_class": "CanCan::Ability",
      "method_id": "authorize!",
      "path": "/Users/kgilpin/.rbenv/versions/2.6.6/lib/ruby/gems/2.6.0/gems/cancancan-3.1.0/lib/cancan/ability.rb",
      "lineno": 176,
      "static": false,
      "parameters": [
        {
          "name": "action",
          "class": "Symbol",
          "object_id": 678428,
          "value": "create",
          "kind": "req"
        },
        {
          "name": "subject",
          "class": "Symbol",
          "object_id": 2646748,
          "value": "api_key",
          "kind": "req"
        },
        {
          "name": "args",
          "class": "Array",
          "object_id": 70183150213360,
          "value": "[]",
          "kind": "rest"
        }
      ],
      "receiver": {
        "class": "Object",
        "object_id": 70183132879720,
        "value": "#<#<Class:0x00007fa9913264e0>:0x00007fa99168b6d0>"
      }
    },
    {
      "id": 102,
      "event": "call",
      "thread_id": 70183062585360,
      "defined_class": "CanCan::Ability",
      "method_id": "cannot?",
      "path": "/Users/kgilpin/.rbenv/versions/2.6.6/lib/ruby/gems/2.6.0/gems/cancancan-3.1.0/lib/cancan/ability.rb",
      "lineno": 87,
      "static": false,
      "parameters": [
        {
          "name": "args",
          "class": "Array",
          "object_id": 70183150210820,
          "value": "[:create, :api_key]",
          "kind": "rest"
        }
      ],
      "receiver": {
        "class": "Object",
        "object_id": 70183132879720,
        "value": "#<#<Class:0x00007fa9913264e0>:0x00007fa99168b6d0>"
      }
    },
    {
      "id": 103,
      "event": "call",
      "thread_id": 70183062585360,
      "defined_class": "CanCan::Ability",
      "method_id": "can?",
      "path": "/Users/kgilpin/.rbenv/versions/2.6.6/lib/ruby/gems/2.6.0/gems/cancancan-3.1.0/lib/cancan/ability.rb",
      "lineno": 74,
      "static": false,
      "parameters": [
        {
          "name": "action",
          "class": "Symbol",
          "object_id": 678428,
          "value": "create",
          "kind": "req"
        },
        {
          "name": "subject",
          "class": "Symbol",
          "object_id": 2646748,
          "value": "api_key",
          "kind": "req"
        },
        {
          "name": "attribute",
          "class": "NilClass",
          "object_id": 8,
          "value": null,
          "kind": "opt"
        },
        {
          "name": "extra_args",
          "class": "NilClass",
          "object_id": 8,
          "value": null,
          "kind": "rest"
        }
      ],
      "receiver": {
        "class": "Object",
        "object_id": 70183132879720,
        "value": "#<#<Class:0x00007fa9913264e0>:0x00007fa99168b6d0>"
      }
    },
    {
      "id": 104,
      "event": "call",
      "thread_id": 70183062585360,
      "defined_class": "CanCan::Relevant",
      "method_id": "relevant?",
      "path": "/Users/kgilpin/.rbenv/versions/2.6.6/lib/ruby/gems/2.6.0/gems/cancancan-3.1.0/lib/cancan/relevant.rb",
      "lineno": 6,
      "static": false,
      "parameters": [
        {
          "name": "action",
          "class": "Symbol",
          "object_id": 678428,
          "value": "create",
          "kind": "req"
        },
        {
          "name": "subject",
          "class": "Symbol",
          "object_id": 2646748,
          "value": "api_key",
          "kind": "req"
        }
      ],
      "receiver": {
        "class": "CanCan::Rule",
        "object_id": 70183147201740,
        "value": "#<CanCan::Rule:0x00007fa9931dc998>"
      }
    },
    {
      "id": 105,
      "event": "return",
      "thread_id": 70183062585360,
      "parent_id": 104,
      "elapsed": 0.000006,
      "return_value": {
        "class": "TrueClass",
        "value": "true",
        "object_id": 20
      }
    },
    {
      "id": 106,
      "event": "call",
      "thread_id": 70183062585360,
      "defined_class": "CanCan::Rule",
      "method_id": "only_raw_sql?",
      "path": "/Users/kgilpin/.rbenv/versions/2.6.6/lib/ruby/gems/2.6.0/gems/cancancan-3.1.0/lib/cancan/rule.rb",
      "lineno": 67,
      "static": false,
      "parameters": [],
      "receiver": {
        "class": "CanCan::Rule",
        "object_id": 70183147201740,
        "value": "#<CanCan::Rule:0x00007fa9931dc998>"
      }
    },
    {
      "id": 107,
      "event": "return",
      "thread_id": 70183062585360,
      "parent_id": 106,
      "elapsed": 0.000005
    },
    {
      "id": 108,
      "event": "call",
      "thread_id": 70183062585360,
      "defined_class": "CanCan::ConditionsMatcher",
      "method_id": "matches_conditions?",
      "path": "/Users/kgilpin/.rbenv/versions/2.6.6/lib/ruby/gems/2.6.0/gems/cancancan-3.1.0/lib/cancan/conditions_matcher.rb",
      "lineno": 6,
      "static": false,
      "parameters": [
        {
          "name": "action",
          "class": "Symbol",
          "object_id": 678428,
          "value": "create",
          "kind": "req"
        },
        {
          "name": "subject",
          "class": "Symbol",
          "object_id": 2646748,
          "value": "api_key",
          "kind": "req"
        },
        {
          "name": "attribute",
          "class": "NilClass",
          "object_id": 8,
          "value": null,
          "kind": "opt"
        },
        {
          "name": "extra_args",
          "class": "Array",
          "object_id": 70183150226280,
          "value": "[]",
          "kind": "rest"
        }
      ],
      "receiver": {
        "class": "CanCan::Rule",
        "object_id": 70183147201740,
        "value": "#<CanCan::Rule:0x00007fa9931dc998>"
      }
    },
    {
      "id": 109,
      "event": "return",
      "thread_id": 70183062585360,
      "parent_id": 108,
      "elapsed": 0.000005,
      "return_value": {
        "class": "TrueClass",
        "value": "true",
        "object_id": 20
      }
    },
    {
      "id": 110,
      "event": "call",
      "thread_id": 70183062585360,
      "defined_class": "CanCan::Rule",
      "method_id": "matches_attributes?",
      "path": "/Users/kgilpin/.rbenv/versions/2.6.6/lib/ruby/gems/2.6.0/gems/cancancan-3.1.0/lib/cancan/rule.rb",
      "lineno": 95,
      "static": false,
      "parameters": [
        {
          "name": "attribute",
          "class": "NilClass",
          "object_id": 8,
          "value": null,
          "kind": "req"
        }
      ],
      "receiver": {
        "class": "CanCan::Rule",
        "object_id": 70183147201740,
        "value": "#<CanCan::Rule:0x00007fa9931dc998>"
      }
    },
    {
      "id": 111,
      "event": "return",
      "thread_id": 70183062585360,
      "parent_id": 110,
      "elapsed": 0.000004,
      "return_value": {
        "class": "TrueClass",
        "value": "true",
        "object_id": 20
      }
    },
    {
      "id": 112,
      "event": "return",
      "thread_id": 70183062585360,
      "parent_id": 103,
      "elapsed": 0.000279,
      "return_value": {
        "class": "TrueClass",
        "value": "true",
        "object_id": 20
      }
    },
    {
      "id": 113,
      "event": "return",
      "thread_id": 70183062585360,
      "parent_id": 102,
      "elapsed": 0.001404
    },
    {
      "id": 114,
      "event": "return",
      "thread_id": 70183062585360,
      "parent_id": 101,
      "elapsed": 0.002527,
      "return_value": {
        "class": "Symbol",
        "value": "api_key",
        "object_id": 2646748
      }
    },
    {
      "id": 115,
      "event": "return",
      "thread_id": 70183062585360,
      "parent_id": 100,
      "elapsed": 0.003734,
      "return_value": {
        "class": "Symbol",
        "value": "api_key",
        "object_id": 2646748
      }
    },
    {
      "id": 116,
      "event": "call",
      "thread_id": 70183062585360,
      "defined_class": "Spree::Admin::Users::ApiKeyController",
      "method_id": "create",
      "path": "app/controllers/spree/admin/users/api_key_controller.rb",
      "lineno": 7,
      "static": false,
      "parameters": [],
      "receiver": {
        "class": "Spree::Admin::Users::ApiKeyController",
        "object_id": 70183131253120,
        "value": "#<Spree::Admin::Users::ApiKeyController:0x00007fa991371300>"
      }
    },
    {
      "id": 117,
      "event": "call",
      "thread_id": 70183062585360,
      "defined_class": "Spree",
      "method_id": "user_class",
      "path": "/Users/kgilpin/source/land-of-apps/solidus/core/lib/spree/core.rb",
      "lineno": 26,
      "static": true,
      "parameters": [],
      "receiver": {
        "class": "Module",
        "object_id": 70183075442060,
        "value": "Spree"
      }
    },
    {
      "id": 118,
      "event": "return",
      "thread_id": 70183062585360,
      "parent_id": 117,
      "elapsed": 0.000012,
      "return_value": {
        "class": "Class",
        "value": "Spree::LegacyUser",
        "object_id": 70183142099340
      }
    },
    {
      "id": 119,
      "event": "call",
      "thread_id": 70183062585360,
      "defined_class": "ActiveRecord::Core::ClassMethods",
      "method_id": "find",
      "path": "/Users/kgilpin/.rbenv/versions/2.6.6/lib/ruby/gems/2.6.0/gems/activerecord-6.0.3.4/lib/active_record/core.rb",
      "lineno": 157,
      "static": true,
      "parameters": [
        {
          "name": "ids",
          "class": "Array",
          "object_id": 70183150243480,
          "value": "[\"1\"]",
          "kind": "rest"
        }
      ],
      "receiver": {
        "class": "Class",
        "object_id": 70183142099340,
        "value": "Spree::LegacyUser"
      }
    },
    {
      "id": 120,
      "event": "call",
      "thread_id": 70183062585360,
      "sql_query": {
        "sql": "SELECT \"spree_users\".* FROM \"spree_users\" WHERE \"spree_users\".\"id\" = ? LIMIT ?",
        "database_type": "sqlite",
        "server_version": "3.33.0"
      }
    },
    {
      "id": 121,
      "event": "return",
      "thread_id": 70183062585360,
      "parent_id": 120,
      "elapsed": 0.000246
    },
    {
      "id": 122,
      "event": "return",
      "thread_id": 70183062585360,
      "parent_id": 119,
      "elapsed": 0.003316,
      "return_value": {
        "class": "Spree::LegacyUser",
        "value": "#<Spree::LegacyUser:0x00007fa9950b0630>",
        "object_id": 70183163364120
      }
    },
    {
      "id": 123,
      "event": "call",
      "thread_id": 70183062585360,
      "defined_class": "Spree::UserApiAuthentication",
      "method_id": "generate_spree_api_key!",
      "path": "/Users/kgilpin/source/land-of-apps/solidus/core/app/models/concerns/spree/user_api_authentication.rb",
      "lineno": 5,
      "static": false,
      "parameters": [],
      "receiver": {
        "class": "Spree::LegacyUser",
        "object_id": 70183163364120,
        "value": "#<Spree::LegacyUser:0x00007fa9950b0630>"
      }
    },
    {
      "id": 124,
      "event": "call",
      "thread_id": 70183062585360,
      "defined_class": "Spree::UserApiAuthentication",
      "method_id": "generate_spree_api_key",
      "path": "/Users/kgilpin/source/land-of-apps/solidus/core/app/models/concerns/spree/user_api_authentication.rb",
      "lineno": 10,
      "static": false,
      "parameters": [],
      "receiver": {
        "class": "Spree::LegacyUser",
        "object_id": 70183163364120,
        "value": "#<Spree::LegacyUser:0x00007fa9950b0630>"
      }
    },
    {
      "id": 125,
      "event": "call",
      "thread_id": 70183062585360,
      "defined_class": "ActiveRecord::AttributeMethods::Write",
      "method_id": "_write_attribute",
      "path": "/Users/kgilpin/.rbenv/versions/2.6.6/lib/ruby/gems/2.6.0/gems/activerecord-6.0.3.4/lib/active_record/attribute_methods/write.rb",
      "lineno": 41,
      "static": false,
      "parameters": [
        {
          "name": "attr_name",
          "class": "String",
          "object_id": 70183131651860,
          "value": "spree_api_key",
          "kind": "req"
        },
        {
          "name": "value",
          "class": "String",
          "object_id": 70183163385220,
          "value": "9a1b5525d8befcfd656f4437540449a159ac9d8013187899",
          "kind": "req"
        }
      ],
      "receiver": {
        "class": "Spree::LegacyUser",
        "object_id": 70183163364120,
        "value": "#<Spree::LegacyUser:0x00007fa9950b0630>"
      }
    },
    {
      "id": 126,
      "event": "return",
      "thread_id": 70183062585360,
      "parent_id": 125,
      "elapsed": 0.000015,
      "return_value": {
        "class": "String",
        "value": "9a1b5525d8befcfd656f4437540449a159ac9d8013187899",
        "object_id": 70183163385220
      }
    },
    {
      "id": 127,
      "event": "return",
      "thread_id": 70183062585360,
      "parent_id": 124,
      "elapsed": 0.000121,
      "return_value": {
        "class": "String",
        "value": "9a1b5525d8befcfd656f4437540449a159ac9d8013187899",
        "object_id": 70183163385220
      }
    },
    {
      "id": 128,
      "event": "call",
      "thread_id": 70183062585360,
      "sql_query": {
        "sql": "SAVEPOINT active_record_1",
        "database_type": "sqlite",
        "server_version": "3.33.0"
      }
    },
    {
      "id": 129,
      "event": "return",
      "thread_id": 70183062585360,
      "parent_id": 128,
      "elapsed": 0.000118
    },
    {
      "id": 130,
      "event": "call",
      "thread_id": 70183062585360,
      "sql_query": {
        "sql": "UPDATE \"spree_users\" SET \"spree_api_key\" = ?, \"updated_at\" = ? WHERE \"spree_users\".\"id\" = ?",
        "database_type": "sqlite",
        "server_version": "3.33.0"
      }
    },
    {
      "id": 131,
      "event": "return",
      "thread_id": 70183062585360,
      "parent_id": 130,
      "elapsed": 0.000176
    },
    {
      "id": 132,
      "event": "call",
      "thread_id": 70183062585360,
      "sql_query": {
        "sql": "RELEASE SAVEPOINT active_record_1",
        "database_type": "sqlite",
        "server_version": "3.33.0"
      }
    },
    {
      "id": 133,
      "event": "return",
      "thread_id": 70183062585360,
      "parent_id": 132,
      "elapsed": 0.000102
    },
    {
      "id": 134,
      "event": "return",
      "thread_id": 70183062585360,
      "parent_id": 123,
      "elapsed": 0.026673,
      "return_value": {
        "class": "TrueClass",
        "value": "true",
        "object_id": 20
      }
    },
    {
      "id": 135,
      "event": "return",
      "thread_id": 70183062585360,
      "parent_id": 116,
      "elapsed": 0.030656,
      "return_value": {
        "class": "String",
        "value": "<html><body>You are being <a href=\"http://test.host/admin/users/1/edit\">redirected</a>.</body></html",
        "object_id": 70183064307640
      }
    },
    {
      "id": 136,
      "event": "return",
      "thread_id": 70183062585360,
      "parent_id": 39,
      "elapsed": 0.084454,
      "http_server_response": {
        "status": 302
      }
    },
    {
      "id": 137,
      "event": "call",
      "thread_id": 70183062585360,
      "defined_class": "ActionDispatch::Cookies::CookieJar",
      "method_id": "update",
      "path": "/Users/kgilpin/.rbenv/versions/2.6.6/lib/ruby/gems/2.6.0/gems/actionpack-6.0.3.4/lib/action_dispatch/middleware/cookies.rb",
      "lineno": 333,
      "static": false,
      "parameters": [
        {
          "name": "other_hash",
          "class": "Hash",
          "object_id": 70183147315880,
          "value": "{\"guest_token\"=>\"BAhJIhtuNWk0REJvS3g4WFM0ZzJOT0VuelpBBjoGRUY=--6f2f9b8cca75f756cf45bec5160b21b131754",
          "kind": "req"
        }
      ],
      "receiver": {
        "class": "ActionDispatch::Cookies::CookieJar",
        "object_id": 70183132245480,
        "value": "#<ActionDispatch::Cookies::CookieJar:0x00007fa991555bd0>"
      }
    },
    {
      "id": 138,
      "event": "return",
      "thread_id": 70183062585360,
      "parent_id": 137,
      "elapsed": 0.000008,
      "return_value": {
        "class": "ActionDispatch::Cookies::CookieJar",
        "value": "#<ActionDispatch::Cookies::CookieJar:0x00007fa991555bd0>",
        "object_id": 70183132245480
      }
    },
    {
      "id": 139,
      "event": "call",
      "thread_id": 70183062585360,
      "defined_class": "Spree::TestingSupport::UrlHelpers",
      "method_id": "spree",
      "path": "/Users/kgilpin/source/land-of-apps/solidus/core/lib/spree/testing_support/url_helpers.rb",
      "lineno": 6,
      "static": false,
      "parameters": [],
      "receiver": {
        "class": "RSpec::ExampleGroups::SpreeAdminUsersApiKeyController::Create::WithAbilityToManageUsersAndAPIKeys",
        "object_id": 70183130940380,
        "value": "#<RSpec::ExampleGroups::SpreeAdminUsersApiKeyController::Create::WithAbilityToManageUsersAndAPIKeys:"
      }
    },
    {
      "id": 140,
      "event": "return",
      "thread_id": 70183062585360,
      "parent_id": 139,
      "elapsed": 0.012456,
      "return_value": {
        "class": "Module",
        "value": "#<Module:0x00007fa9910860f0>",
        "object_id": 70183129723000
      }
    },
    {
      "id": 141,
      "event": "call",
      "thread_id": 70183062585360,
      "defined_class": "ActiveRecord::Integration",
      "method_id": "to_param",
      "path": "/Users/kgilpin/.rbenv/versions/2.6.6/lib/ruby/gems/2.6.0/gems/activerecord-6.0.3.4/lib/active_record/integration.rb",
      "lineno": 57,
      "static": false,
      "parameters": [],
      "receiver": {
        "class": "Spree::LegacyUser",
        "object_id": 70183149752400,
        "value": "#<Spree::LegacyUser:0x00007fa9936ba0a0>"
      }
    },
    {
      "id": 142,
      "event": "return",
      "thread_id": 70183062585360,
      "parent_id": 141,
      "elapsed": 0.000031,
      "return_value": {
        "class": "String",
        "value": "1",
        "object_id": 70183129857080
      }
    }
  ]
}