{
  "version": "1.4",
  "metadata": {
    "app": "nytem-2021/solidus",
    "language": {
      "name": "ruby",
      "engine": "ruby",
      "version": "2.6.6"
    },
    "client": {
      "name": "appmap",
      "url": "https://github.com/applandinc/appmap-ruby",
      "version": "0.41.2"
    },
    "frameworks": [
      {
        "name": "rails",
        "version": "6.0.3.4"
      },
      {
        "name": "rspec",
        "version": "3.10.0"
      }
    ],
    "git": {
      "repository": "git@github.com:land-of-apps/solidus-nytem-2021.git",
      "branch": "main",
      "commit": "438fff939c2893653f43176c17ebb84894b38c20",
      "status": [],
      "git_last_annotated_tag": "v2.10.0.beta1",
      "git_last_tag": "v2.10.0.beta1",
      "git_commits_since_last_annotated_tag": 0,
      "git_commits_since_last_tag": 0
    },
    "name": "Spree::Admin::Users::ApiKeyController #destroy with ability to manage users and API keys allows admins to clear an existing user's API key",
    "feature": "Spree::Admin::Users::ApiKeyController #destroy",
    "feature_group": "Spree admin users api key",
    "recorder": {
      "name": "rspec"
    },
    "fingerprints": [
      {
        "appmap_digest": "7b12be149d410d4f9f15cb5205571b466470bdaeed395b1448940d7e983dfc26",
        "canonicalization_algorithm": "beta_v1_error",
        "digest": "50007b26842100c03320e2a581c61afead9b8ec0d06839e9255b17704051bf93",
        "fingerprint_algorithm": "sha256"
      },
      {
        "appmap_digest": "7b12be149d410d4f9f15cb5205571b466470bdaeed395b1448940d7e983dfc26",
        "canonicalization_algorithm": "beta_v1_info",
        "digest": "e55e9624058ff4e1a6e30b33ab6fa198f4844a8b3f797155c15889d604523344",
        "fingerprint_algorithm": "sha256"
      },
      {
        "appmap_digest": "7b12be149d410d4f9f15cb5205571b466470bdaeed395b1448940d7e983dfc26",
        "canonicalization_algorithm": "beta_v1_debug",
        "digest": "56e450d9f55d95531e06bf12478afd71f89ca184302c127da37d640b397a2e43",
        "fingerprint_algorithm": "sha256"
      }
    ]
  },
  "classMap": [
    {
      "name": "activerecord",
      "type": "package",
      "children": [
        {
          "name": "ActiveRecord",
          "type": "class",
          "children": [
            {
              "name": "Inheritance",
              "type": "class",
              "children": [
                {
                  "name": "ClassMethods",
                  "type": "class",
                  "children": [
                    {
                      "name": "new",
                      "type": "function",
                      "location": "/Users/kgilpin/.rbenv/versions/2.6.6/lib/ruby/gems/2.6.0/gems/activerecord-6.0.3.4/lib/active_record/inheritance.rb:50",
                      "static": true
                    }
                  ]
                }
              ]
            },
            {
              "name": "ModelSchema",
              "type": "class",
              "children": [
                {
                  "name": "ClassMethods",
                  "type": "class",
                  "children": [
                    {
                      "name": "symbol_column_to_string",
                      "type": "function",
                      "location": "/Users/kgilpin/.rbenv/versions/2.6.6/lib/ruby/gems/2.6.0/gems/activerecord-6.0.3.4/lib/active_record/model_schema.rb:407",
                      "static": true
                    }
                  ]
                }
              ]
            },
            {
              "name": "Associations",
              "type": "class",
              "children": [
                {
                  "name": "association",
                  "type": "function",
                  "location": "/Users/kgilpin/.rbenv/versions/2.6.6/lib/ruby/gems/2.6.0/gems/activerecord-6.0.3.4/lib/active_record/associations.rb:230",
                  "static": false
                }
              ]
            },
            {
              "name": "ConnectionAdapters",
              "type": "class",
              "children": [
                {
                  "name": "TransactionManager",
                  "type": "class",
                  "children": [
                    {
                      "name": "commit_transaction",
                      "type": "function",
                      "location": "/Users/kgilpin/.rbenv/versions/2.6.6/lib/ruby/gems/2.6.0/gems/activerecord-6.0.3.4/lib/active_record/connection_adapters/abstract/transaction.rb:254",
                      "static": false
                    }
                  ]
                }
              ]
            },
            {
              "name": "AttributeMethods",
              "type": "class",
              "children": [
                {
                  "name": "Write",
                  "type": "class",
                  "children": [
                    {
                      "name": "_write_attribute",
                      "type": "function",
                      "location": "/Users/kgilpin/.rbenv/versions/2.6.6/lib/ruby/gems/2.6.0/gems/activerecord-6.0.3.4/lib/active_record/attribute_methods/write.rb:41",
                      "static": false
                    }
                  ]
                }
              ]
            },
            {
              "name": "LogSubscriber",
              "type": "class",
              "children": [
                {
                  "name": "reset_runtime",
                  "type": "function",
                  "location": "/Users/kgilpin/.rbenv/versions/2.6.6/lib/ruby/gems/2.6.0/gems/activerecord-6.0.3.4/lib/active_record/log_subscriber.rb:17",
                  "static": true
                }
              ]
            },
            {
              "name": "Core",
              "type": "class",
              "children": [
                {
                  "name": "ClassMethods",
                  "type": "class",
                  "children": [
                    {
                      "name": "find",
                      "type": "function",
                      "location": "/Users/kgilpin/.rbenv/versions/2.6.6/lib/ruby/gems/2.6.0/gems/activerecord-6.0.3.4/lib/active_record/core.rb:157",
                      "static": true
                    }
                  ]
                }
              ]
            },
            {
              "name": "Integration",
              "type": "class",
              "children": [
                {
                  "name": "to_param",
                  "type": "function",
                  "location": "/Users/kgilpin/.rbenv/versions/2.6.6/lib/ruby/gems/2.6.0/gems/activerecord-6.0.3.4/lib/active_record/integration.rb:57",
                  "static": false
                }
              ]
            }
          ]
        }
      ]
    },
    {
      "name": "solidus_core",
      "type": "package",
      "children": [
        {
          "name": "Spree",
          "type": "class",
          "children": [
            {
              "name": "UserMethods",
              "type": "class",
              "children": [
                {
                  "name": "auto_generate_spree_api_key",
                  "type": "function",
                  "location": "/Users/kgilpin/source/land-of-apps/solidus/core/app/models/concerns/spree/user_methods.rb:51",
                  "static": false
                }
              ]
            },
            {
              "name": "AppConfiguration",
              "type": "class",
              "children": [
                {
                  "name": "generate_api_key_for_all_roles",
                  "type": "function",
                  "location": "/Users/kgilpin/source/land-of-apps/solidus/core/lib/spree/preferences/preferable_class_methods.rb:45",
                  "static": false
                },
                {
                  "name": "roles_for_auto_api_key",
                  "type": "function",
                  "location": "/Users/kgilpin/source/land-of-apps/solidus/core/lib/spree/preferences/preferable_class_methods.rb:45",
                  "static": false
                },
                {
                  "name": "preferred_guest_token_cookie_options",
                  "type": "function",
                  "location": "/Users/kgilpin/source/land-of-apps/solidus/core/lib/spree/preferences/preferable_class_methods.rb:45",
                  "static": false
                }
              ]
            },
            {
              "name": "Preferences",
              "type": "class",
              "children": [
                {
                  "name": "Configuration",
                  "type": "class",
                  "children": [
                    {
                      "name": "preferences",
                      "type": "function",
                      "location": "/Users/kgilpin/source/land-of-apps/solidus/core/lib/spree/preferences/configuration.rb:40",
                      "static": false
                    }
                  ]
                },
                {
                  "name": "Preferable",
                  "type": "class",
                  "children": [
                    {
                      "name": "get_preference",
                      "type": "function",
                      "location": "/Users/kgilpin/source/land-of-apps/solidus/core/lib/spree/preferences/preferable.rb:66",
                      "static": false,
                      "labels": [
                        "provider.preferences"
                      ]
                    },
                    {
                      "name": "has_preference!",
                      "type": "function",
                      "location": "/Users/kgilpin/source/land-of-apps/solidus/core/lib/spree/preferences/preferable.rb:96",
                      "static": false
                    },
                    {
                      "name": "has_preference?",
                      "type": "function",
                      "location": "/Users/kgilpin/source/land-of-apps/solidus/core/lib/spree/preferences/preferable.rb:102",
                      "static": false
                    },
                    {
                      "name": "defined_preferences",
                      "type": "function",
                      "location": "/Users/kgilpin/source/land-of-apps/solidus/core/lib/spree/preferences/preferable.rb:107",
                      "static": false
                    }
                  ]
                },
                {
                  "name": "PreferableClassMethods",
                  "type": "class",
                  "children": [
                    {
                      "name": "defined_preferences",
                      "type": "function",
                      "location": "/Users/kgilpin/source/land-of-apps/solidus/core/lib/spree/preferences/preferable_class_methods.rb:17",
                      "static": true
                    },
                    {
                      "name": "preference_getter_method",
                      "type": "function",
                      "location": "/Users/kgilpin/source/land-of-apps/solidus/core/lib/spree/preferences/preferable_class_methods.rb:70",
                      "static": true
                    }
                  ]
                }
              ]
            },
            {
              "name": "UserApiAuthentication",
              "type": "class",
              "children": [
                {
                  "name": "generate_spree_api_key!",
                  "type": "function",
                  "location": "/Users/kgilpin/source/land-of-apps/solidus/core/app/models/concerns/spree/user_api_authentication.rb:5",
                  "static": false
                },
                {
                  "name": "generate_spree_api_key",
                  "type": "function",
                  "location": "/Users/kgilpin/source/land-of-apps/solidus/core/app/models/concerns/spree/user_api_authentication.rb:10",
                  "static": false
                },
                {
                  "name": "clear_spree_api_key!",
                  "type": "function",
                  "location": "/Users/kgilpin/source/land-of-apps/solidus/core/app/models/concerns/spree/user_api_authentication.rb:14",
                  "static": false
                },
                {
                  "name": "clear_spree_api_key",
                  "type": "function",
                  "location": "/Users/kgilpin/source/land-of-apps/solidus/core/app/models/concerns/spree/user_api_authentication.rb:19",
                  "static": false
                }
              ]
            },
            {
              "name": "Core",
              "type": "class",
              "children": [
                {
                  "name": "ControllerHelpers",
                  "type": "class",
                  "children": [
                    {
                      "name": "Auth",
                      "type": "class",
                      "children": [
                        {
                          "name": "set_guest_token",
                          "type": "function",
                          "location": "/Users/kgilpin/source/land-of-apps/solidus/core/lib/spree/core/controller_helpers/auth.rb:56",
                          "static": false
                        }
                      ]
                    }
                  ]
                }
              ]
            },
            {
              "name": "i18n_available_locales",
              "type": "function",
              "location": "/Users/kgilpin/source/land-of-apps/solidus/core/lib/spree/i18n.rb:8",
              "static": true
            },
            {
              "name": "BackendConfiguration",
              "type": "class",
              "children": [
                {
                  "name": "preferred_locale",
                  "type": "function",
                  "location": "/Users/kgilpin/source/land-of-apps/solidus/core/lib/spree/preferences/preferable_class_methods.rb:45",
                  "static": false
                }
              ]
            },
            {
              "name": "user_class",
              "type": "function",
              "location": "/Users/kgilpin/source/land-of-apps/solidus/core/lib/spree/core.rb:26",
              "static": true
            },
            {
              "name": "TestingSupport",
              "type": "class",
              "children": [
                {
                  "name": "UrlHelpers",
                  "type": "class",
                  "children": [
                    {
                      "name": "spree",
                      "type": "function",
                      "location": "/Users/kgilpin/source/land-of-apps/solidus/core/lib/spree/testing_support/url_helpers.rb:6",
                      "static": false
                    }
                  ]
                }
              ]
            }
          ]
        }
      ]
    },
    {
      "name": "action_pack",
      "type": "package",
      "children": [
        {
          "name": "ActionDispatch",
          "type": "class",
          "children": [
            {
              "name": "Cookies",
              "type": "class",
              "children": [
                {
                  "name": "CookieJar",
                  "type": "class",
                  "children": [
                    {
                      "name": "update",
                      "type": "function",
                      "location": "/Users/kgilpin/.rbenv/versions/2.6.6/lib/ruby/gems/2.6.0/gems/actionpack-6.0.3.4/lib/action_dispatch/middleware/cookies.rb:333",
                      "static": false,
                      "labels": [
                        "provider.http.cookie"
                      ]
                    },
                    {
                      "name": "[]=",
                      "type": "function",
                      "location": "/Users/kgilpin/.rbenv/versions/2.6.6/lib/ruby/gems/2.6.0/gems/actionpack-6.0.3.4/lib/action_dispatch/middleware/cookies.rb:373",
                      "static": false,
                      "labels": [
                        "provider.http.cookie"
                      ]
                    }
                  ]
                }
              ]
            }
          ]
        }
      ]
    },
    {
      "name": "carmen",
      "type": "package",
      "children": [
        {
          "name": "Carmen",
          "type": "class",
          "children": [
            {
              "name": "i18n_backend",
              "type": "function",
              "location": "/Users/kgilpin/.rbenv/versions/2.6.6/lib/ruby/gems/2.6.0/gems/carmen-1.1.3/lib/carmen.rb:38",
              "static": true
            }
          ]
        }
      ]
    },
    {
      "name": "cancancan",
      "type": "package",
      "children": [
        {
          "name": "CanCan",
          "type": "class",
          "children": [
            {
              "name": "ControllerAdditions",
              "type": "class",
              "children": [
                {
                  "name": "authorize!",
                  "type": "function",
                  "location": "/Users/kgilpin/.rbenv/versions/2.6.6/lib/ruby/gems/2.6.0/gems/cancancan-3.1.0/lib/cancan/controller_additions.rb:337",
                  "static": false,
                  "labels": [
                    "provider.authorization"
                  ]
                }
              ]
            },
            {
              "name": "Ability",
              "type": "class",
              "children": [
                {
                  "name": "authorize!",
                  "type": "function",
                  "location": "/Users/kgilpin/.rbenv/versions/2.6.6/lib/ruby/gems/2.6.0/gems/cancancan-3.1.0/lib/cancan/ability.rb:176",
                  "static": false,
                  "labels": [
                    "provider.authorization"
                  ]
                },
                {
                  "name": "cannot?",
                  "type": "function",
                  "location": "/Users/kgilpin/.rbenv/versions/2.6.6/lib/ruby/gems/2.6.0/gems/cancancan-3.1.0/lib/cancan/ability.rb:87",
                  "static": false
                },
                {
                  "name": "can?",
                  "type": "function",
                  "location": "/Users/kgilpin/.rbenv/versions/2.6.6/lib/ruby/gems/2.6.0/gems/cancancan-3.1.0/lib/cancan/ability.rb:74",
                  "static": false
                },
                {
                  "name": "Actions",
                  "type": "class",
                  "children": [
                    {
                      "name": "aliased_actions",
                      "type": "function",
                      "location": "/Users/kgilpin/.rbenv/versions/2.6.6/lib/ruby/gems/2.6.0/gems/cancancan-3.1.0/lib/cancan/ability/actions.rb:43",
                      "static": false
                    }
                  ]
                }
              ]
            },
            {
              "name": "Relevant",
              "type": "class",
              "children": [
                {
                  "name": "relevant?",
                  "type": "function",
                  "location": "/Users/kgilpin/.rbenv/versions/2.6.6/lib/ruby/gems/2.6.0/gems/cancancan-3.1.0/lib/cancan/relevant.rb:6",
                  "static": false
                }
              ]
            },
            {
              "name": "Rule",
              "type": "class",
              "children": [
                {
                  "name": "only_raw_sql?",
                  "type": "function",
                  "location": "/Users/kgilpin/.rbenv/versions/2.6.6/lib/ruby/gems/2.6.0/gems/cancancan-3.1.0/lib/cancan/rule.rb:67",
                  "static": false
                },
                {
                  "name": "matches_attributes?",
                  "type": "function",
                  "location": "/Users/kgilpin/.rbenv/versions/2.6.6/lib/ruby/gems/2.6.0/gems/cancancan-3.1.0/lib/cancan/rule.rb:95",
                  "static": false
                }
              ]
            },
            {
              "name": "ConditionsMatcher",
              "type": "class",
              "children": [
                {
                  "name": "matches_conditions?",
                  "type": "function",
                  "location": "/Users/kgilpin/.rbenv/versions/2.6.6/lib/ruby/gems/2.6.0/gems/cancancan-3.1.0/lib/cancan/conditions_matcher.rb:6",
                  "static": false
                }
              ]
            }
          ]
        }
      ]
    },
    {
      "name": "app/controllers",
      "type": "package",
      "children": [
        {
          "name": "Spree",
          "type": "class",
          "children": [
            {
              "name": "Admin",
              "type": "class",
              "children": [
                {
                  "name": "Users",
                  "type": "class",
                  "children": [
                    {
                      "name": "ApiKeyController",
                      "type": "class",
                      "children": [
                        {
                          "name": "destroy",
                          "type": "function",
                          "location": "app/controllers/spree/admin/users/api_key_controller.rb:14",
                          "static": false
                        }
                      ]
                    }
                  ]
                }
              ]
            }
          ]
        }
      ]
    }
  ],
  "events": [
    {
      "id": 343,
      "event": "call",
      "thread_id": 70183062585360,
      "defined_class": "ActiveRecord::Inheritance::ClassMethods",
      "method_id": "new",
      "path": "/Users/kgilpin/.rbenv/versions/2.6.6/lib/ruby/gems/2.6.0/gems/activerecord-6.0.3.4/lib/active_record/inheritance.rb",
      "lineno": 50,
      "static": true,
      "parameters": [
        {
          "name": "attributes",
          "class": "NilClass",
          "object_id": 8,
          "value": null,
          "kind": "opt"
        },
        {
          "name": "block",
          "class": "NilClass",
          "object_id": 8,
          "value": null,
          "kind": "block"
        }
      ],
      "receiver": {
        "class": "Class",
        "object_id": 70183142099340,
        "value": "Spree::LegacyUser"
      }
    },
    {
      "id": 344,
      "event": "return",
      "thread_id": 70183062585360,
      "parent_id": 343,
      "elapsed": 0.000151,
      "return_value": {
        "class": "Spree::LegacyUser",
        "value": "#<Spree::LegacyUser:0x00007fa992c15d98>",
        "object_id": 70183144173260
      }
    },
    {
      "id": 345,
      "event": "call",
      "thread_id": 70183062585360,
      "sql_query": {
        "sql": "SAVEPOINT active_record_1",
        "database_type": "sqlite",
        "server_version": "3.33.0"
      }
    },
    {
      "id": 346,
      "event": "return",
      "thread_id": 70183062585360,
      "parent_id": 345,
      "elapsed": 0.000158
    },
    {
      "id": 347,
      "event": "call",
      "thread_id": 70183062585360,
      "sql_query": {
        "sql": "INSERT INTO \"spree_users\" (\"email\", \"created_at\", \"updated_at\") VALUES (?, ?, ?)",
        "database_type": "sqlite",
        "server_version": "3.33.0"
      }
    },
    {
      "id": 348,
      "event": "return",
      "thread_id": 70183062585360,
      "parent_id": 347,
      "elapsed": 0.000492
    },
    {
      "id": 349,
      "event": "call",
      "thread_id": 70183062585360,
      "defined_class": "Spree::UserMethods",
      "method_id": "auto_generate_spree_api_key",
      "path": "/Users/kgilpin/source/land-of-apps/solidus/core/app/models/concerns/spree/user_methods.rb",
      "lineno": 51,
      "static": false,
      "parameters": [],
      "receiver": {
        "class": "Spree::LegacyUser",
        "object_id": 70183144173260,
        "value": "#<Spree::LegacyUser:0x00007fa992c15d98>"
      }
    },
    {
      "id": 350,
      "event": "call",
      "thread_id": 70183062585360,
      "defined_class": "ActiveRecord::ModelSchema::ClassMethods",
      "method_id": "symbol_column_to_string",
      "path": "/Users/kgilpin/.rbenv/versions/2.6.6/lib/ruby/gems/2.6.0/gems/activerecord-6.0.3.4/lib/active_record/model_schema.rb",
      "lineno": 407,
      "static": true,
      "parameters": [
        {
          "name": "name_symbol",
          "class": "Symbol",
          "object_id": 12078428,
          "value": "spree_api_key",
          "kind": "req"
        }
      ],
      "receiver": {
        "class": "Class",
        "object_id": 70183142099340,
        "value": "Spree::LegacyUser"
      }
    },
    {
      "id": 351,
      "event": "return",
      "thread_id": 70183062585360,
      "parent_id": 350,
      "elapsed": 0.000007,
      "return_value": {
        "class": "String",
        "value": "spree_api_key",
        "object_id": 70183148782000
      }
    },
    {
      "id": 352,
      "event": "call",
      "thread_id": 70183062585360,
      "defined_class": "Spree::AppConfiguration",
      "method_id": "generate_api_key_for_all_roles",
      "path": "/Users/kgilpin/source/land-of-apps/solidus/core/lib/spree/preferences/preferable_class_methods.rb",
      "lineno": 45,
      "static": false,
      "parameters": [],
      "receiver": {
        "class": "Spree::AppConfiguration",
        "object_id": 70183064889180,
        "value": "#<Spree::AppConfiguration:0x00007fa9894dceb8>"
      }
    },
    {
      "id": 353,
      "event": "call",
      "thread_id": 70183062585360,
      "defined_class": "Spree::Preferences::Configuration",
      "method_id": "preferences",
      "path": "/Users/kgilpin/source/land-of-apps/solidus/core/lib/spree/preferences/configuration.rb",
      "lineno": 40,
      "static": false,
      "parameters": [],
      "receiver": {
        "class": "Spree::AppConfiguration",
        "object_id": 70183064889180,
        "value": "#<Spree::AppConfiguration:0x00007fa9894dceb8>"
      }
    },
    {
      "id": 354,
      "event": "return",
      "thread_id": 70183062585360,
      "parent_id": 353,
      "elapsed": 0.000005,
      "return_value": {
        "class": "Hash",
        "value": "{:address_requires_state=>true, :admin_interface_logo=>\"logo/solidus.svg\", :admin_products_per_page=",
        "object_id": 70183131745900
      }
    },
    {
      "id": 355,
      "event": "return",
      "thread_id": 70183062585360,
      "parent_id": 352,
      "elapsed": 0.000178
    },
    {
      "id": 356,
      "event": "call",
      "thread_id": 70183062585360,
      "defined_class": "ActiveRecord::Associations",
      "method_id": "association",
      "path": "/Users/kgilpin/.rbenv/versions/2.6.6/lib/ruby/gems/2.6.0/gems/activerecord-6.0.3.4/lib/active_record/associations.rb",
      "lineno": 230,
      "static": false,
      "parameters": [
        {
          "name": "name",
          "class": "Symbol",
          "object_id": 8851868,
          "value": "spree_roles",
          "kind": "req"
        }
      ],
      "receiver": {
        "class": "Spree::LegacyUser",
        "object_id": 70183144173260,
        "value": "#<Spree::LegacyUser:0x00007fa992c15d98>"
      }
    },
    {
      "id": 357,
      "event": "return",
      "thread_id": 70183062585360,
      "parent_id": 356,
      "elapsed": 0.000173,
      "return_value": {
        "class": "ActiveRecord::Associations::HasManyThroughAssociation",
        "value": "#<ActiveRecord::Associations::HasManyThroughAssociation:0x00007fa99303e640>",
        "object_id": 70183146353440
      }
    },
    {
      "id": 358,
      "event": "call",
      "thread_id": 70183062585360,
      "sql_query": {
        "sql": "SELECT \"spree_roles\".* FROM \"spree_roles\" INNER JOIN \"spree_roles_users\" ON \"spree_roles\".\"id\" = \"spree_roles_users\".\"role_id\" WHERE \"spree_roles_users\".\"user_id\" = ?",
        "database_type": "sqlite",
        "server_version": "3.33.0"
      }
    },
    {
      "id": 359,
      "event": "return",
      "thread_id": 70183062585360,
      "parent_id": 358,
      "elapsed": 0.000172
    },
    {
      "id": 360,
      "event": "call",
      "thread_id": 70183062585360,
      "defined_class": "Spree::AppConfiguration",
      "method_id": "roles_for_auto_api_key",
      "path": "/Users/kgilpin/source/land-of-apps/solidus/core/lib/spree/preferences/preferable_class_methods.rb",
      "lineno": 45,
      "static": false,
      "parameters": [],
      "receiver": {
        "class": "Spree::AppConfiguration",
        "object_id": 70183064889180,
        "value": "#<Spree::AppConfiguration:0x00007fa9894dceb8>"
      }
    },
    {
      "id": 361,
      "event": "call",
      "thread_id": 70183062585360,
      "defined_class": "Spree::Preferences::Configuration",
      "method_id": "preferences",
      "path": "/Users/kgilpin/source/land-of-apps/solidus/core/lib/spree/preferences/configuration.rb",
      "lineno": 40,
      "static": false,
      "parameters": [],
      "receiver": {
        "class": "Spree::AppConfiguration",
        "object_id": 70183064889180,
        "value": "#<Spree::AppConfiguration:0x00007fa9894dceb8>"
      }
    },
    {
      "id": 362,
      "event": "return",
      "thread_id": 70183062585360,
      "parent_id": 361,
      "elapsed": 0.000006,
      "return_value": {
        "class": "Hash",
        "value": "{:address_requires_state=>true, :admin_interface_logo=>\"logo/solidus.svg\", :admin_products_per_page=",
        "object_id": 70183131745900
      }
    },
    {
      "id": 363,
      "event": "return",
      "thread_id": 70183062585360,
      "parent_id": 360,
      "elapsed": 0.000187,
      "return_value": {
        "class": "Array",
        "value": "[\"admin\"]",
        "object_id": 70183131154520
      }
    },
    {
      "id": 364,
      "event": "return",
      "thread_id": 70183062585360,
      "parent_id": 349,
      "elapsed": 0.006127
    },
    {
      "id": 365,
      "event": "call",
      "thread_id": 70183062585360,
      "defined_class": "ActiveRecord::ConnectionAdapters::TransactionManager",
      "method_id": "commit_transaction",
      "path": "/Users/kgilpin/.rbenv/versions/2.6.6/lib/ruby/gems/2.6.0/gems/activerecord-6.0.3.4/lib/active_record/connection_adapters/abstract/transaction.rb",
      "lineno": 254,
      "static": false,
      "parameters": [],
      "receiver": {
        "class": "ActiveRecord::ConnectionAdapters::TransactionManager",
        "object_id": 70183145589060,
        "value": "#<ActiveRecord::ConnectionAdapters::TransactionManager:0x00007fa992ec9288>"
      }
    },
    {
      "id": 366,
      "event": "call",
      "thread_id": 70183062585360,
      "sql_query": {
        "sql": "RELEASE SAVEPOINT active_record_1",
        "database_type": "sqlite",
        "server_version": "3.33.0"
      }
    },
    {
      "id": 367,
      "event": "return",
      "thread_id": 70183062585360,
      "parent_id": 366,
      "elapsed": 0.000134
    },
    {
      "id": 368,
      "event": "return",
      "thread_id": 70183062585360,
      "parent_id": 365,
      "elapsed": 0.002564
    },
    {
      "id": 369,
      "event": "call",
      "thread_id": 70183062585360,
      "defined_class": "Spree::UserApiAuthentication",
      "method_id": "generate_spree_api_key!",
      "path": "/Users/kgilpin/source/land-of-apps/solidus/core/app/models/concerns/spree/user_api_authentication.rb",
      "lineno": 5,
      "static": false,
      "parameters": [],
      "receiver": {
        "class": "Spree::LegacyUser",
        "object_id": 70183144173260,
        "value": "#<Spree::LegacyUser:0x00007fa992c15d98>"
      }
    },
    {
      "id": 370,
      "event": "call",
      "thread_id": 70183062585360,
      "defined_class": "Spree::UserApiAuthentication",
      "method_id": "generate_spree_api_key",
      "path": "/Users/kgilpin/source/land-of-apps/solidus/core/app/models/concerns/spree/user_api_authentication.rb",
      "lineno": 10,
      "static": false,
      "parameters": [],
      "receiver": {
        "class": "Spree::LegacyUser",
        "object_id": 70183144173260,
        "value": "#<Spree::LegacyUser:0x00007fa992c15d98>"
      }
    },
    {
      "id": 371,
      "event": "call",
      "thread_id": 70183062585360,
      "defined_class": "ActiveRecord::AttributeMethods::Write",
      "method_id": "_write_attribute",
      "path": "/Users/kgilpin/.rbenv/versions/2.6.6/lib/ruby/gems/2.6.0/gems/activerecord-6.0.3.4/lib/active_record/attribute_methods/write.rb",
      "lineno": 41,
      "static": false,
      "parameters": [
        {
          "name": "attr_name",
          "class": "String",
          "object_id": 70183131651860,
          "value": "spree_api_key",
          "kind": "req"
        },
        {
          "name": "value",
          "class": "String",
          "object_id": 70183146770060,
          "value": "a7829a6af60f29c599e04b2e8a588cf4096bc376354b6dbe",
          "kind": "req"
        }
      ],
      "receiver": {
        "class": "Spree::LegacyUser",
        "object_id": 70183144173260,
        "value": "#<Spree::LegacyUser:0x00007fa992c15d98>"
      }
    },
    {
      "id": 372,
      "event": "return",
      "thread_id": 70183062585360,
      "parent_id": 371,
      "elapsed": 0.000024,
      "return_value": {
        "class": "String",
        "value": "a7829a6af60f29c599e04b2e8a588cf4096bc376354b6dbe",
        "object_id": 70183146770060
      }
    },
    {
      "id": 373,
      "event": "return",
      "thread_id": 70183062585360,
      "parent_id": 370,
      "elapsed": 0.000133,
      "return_value": {
        "class": "String",
        "value": "a7829a6af60f29c599e04b2e8a588cf4096bc376354b6dbe",
        "object_id": 70183146770060
      }
    },
    {
      "id": 374,
      "event": "call",
      "thread_id": 70183062585360,
      "sql_query": {
        "sql": "SAVEPOINT active_record_1",
        "database_type": "sqlite",
        "server_version": "3.33.0"
      }
    },
    {
      "id": 375,
      "event": "return",
      "thread_id": 70183062585360,
      "parent_id": 374,
      "elapsed": 0.000118
    },
    {
      "id": 376,
      "event": "call",
      "thread_id": 70183062585360,
      "sql_query": {
        "sql": "UPDATE \"spree_users\" SET \"updated_at\" = ?, \"spree_api_key\" = ? WHERE \"spree_users\".\"id\" = ?",
        "database_type": "sqlite",
        "server_version": "3.33.0"
      }
    },
    {
      "id": 377,
      "event": "return",
      "thread_id": 70183062585360,
      "parent_id": 376,
      "elapsed": 0.000195
    },
    {
      "id": 378,
      "event": "call",
      "thread_id": 70183062585360,
      "sql_query": {
        "sql": "RELEASE SAVEPOINT active_record_1",
        "database_type": "sqlite",
        "server_version": "3.33.0"
      }
    },
    {
      "id": 379,
      "event": "return",
      "thread_id": 70183062585360,
      "parent_id": 378,
      "elapsed": 0.00011
    },
    {
      "id": 380,
      "event": "return",
      "thread_id": 70183062585360,
      "parent_id": 369,
      "elapsed": 0.009397,
      "return_value": {
        "class": "TrueClass",
        "value": "true",
        "object_id": 20
      }
    },
    {
      "id": 381,
      "event": "call",
      "thread_id": 70183062585360,
      "defined_class": "ActionDispatch::Cookies::CookieJar",
      "method_id": "update",
      "path": "/Users/kgilpin/.rbenv/versions/2.6.6/lib/ruby/gems/2.6.0/gems/actionpack-6.0.3.4/lib/action_dispatch/middleware/cookies.rb",
      "lineno": 333,
      "static": false,
      "parameters": [
        {
          "name": "other_hash",
          "class": "ActiveSupport::HashWithIndifferentAccess",
          "object_id": 70183144104860,
          "value": "{}",
          "kind": "req"
        }
      ],
      "receiver": {
        "class": "ActionDispatch::Cookies::CookieJar",
        "object_id": 70183150371000,
        "value": "#<ActionDispatch::Cookies::CookieJar:0x00007fa9937e8170>"
      }
    },
    {
      "id": 382,
      "event": "return",
      "thread_id": 70183062585360,
      "parent_id": 381,
      "elapsed": 0.000013,
      "return_value": {
        "class": "ActionDispatch::Cookies::CookieJar",
        "value": "#<ActionDispatch::Cookies::CookieJar:0x00007fa9937e8170>",
        "object_id": 70183150371000
      }
    },
    {
      "id": 383,
      "event": "call",
      "thread_id": 70183062585360,
      "defined_class": "ActionDispatch::Cookies::CookieJar",
      "method_id": "update",
      "path": "/Users/kgilpin/.rbenv/versions/2.6.6/lib/ruby/gems/2.6.0/gems/actionpack-6.0.3.4/lib/action_dispatch/middleware/cookies.rb",
      "lineno": 333,
      "static": false,
      "parameters": [
        {
          "name": "other_hash",
          "class": "ActiveSupport::HashWithIndifferentAccess",
          "object_id": 70183144104860,
          "value": "{}",
          "kind": "req"
        }
      ],
      "receiver": {
        "class": "ActionDispatch::Cookies::CookieJar",
        "object_id": 70183150371000,
        "value": "#<ActionDispatch::Cookies::CookieJar:0x00007fa9937e8170>"
      }
    },
    {
      "id": 384,
      "event": "return",
      "thread_id": 70183062585360,
      "parent_id": 383,
      "elapsed": 0.000008,
      "return_value": {
        "class": "ActionDispatch::Cookies::CookieJar",
        "value": "#<ActionDispatch::Cookies::CookieJar:0x00007fa9937e8170>",
        "object_id": 70183150371000
      }
    },
    {
      "id": 385,
      "event": "call",
      "thread_id": 70183062585360,
      "defined_class": "ActionDispatch::Cookies::CookieJar",
      "method_id": "update",
      "path": "/Users/kgilpin/.rbenv/versions/2.6.6/lib/ruby/gems/2.6.0/gems/actionpack-6.0.3.4/lib/action_dispatch/middleware/cookies.rb",
      "lineno": 333,
      "static": false,
      "parameters": [
        {
          "name": "other_hash",
          "class": "ActiveSupport::HashWithIndifferentAccess",
          "object_id": 70183144104860,
          "value": "{}",
          "kind": "req"
        }
      ],
      "receiver": {
        "class": "ActionDispatch::Cookies::CookieJar",
        "object_id": 70183150391700,
        "value": "#<ActionDispatch::Cookies::CookieJar:0x00007fa9937f2328>"
      }
    },
    {
      "id": 386,
      "event": "return",
      "thread_id": 70183062585360,
      "parent_id": 385,
      "elapsed": 0.000007,
      "return_value": {
        "class": "ActionDispatch::Cookies::CookieJar",
        "value": "#<ActionDispatch::Cookies::CookieJar:0x00007fa9937f2328>",
        "object_id": 70183150391700
      }
    },
    {
      "id": 387,
      "event": "call",
      "thread_id": 70183062585360,
      "defined_class": "ActiveRecord::LogSubscriber",
      "method_id": "reset_runtime",
      "path": "/Users/kgilpin/.rbenv/versions/2.6.6/lib/ruby/gems/2.6.0/gems/activerecord-6.0.3.4/lib/active_record/log_subscriber.rb",
      "lineno": 17,
      "static": true,
      "parameters": [],
      "receiver": {
        "class": "Class",
        "object_id": 70183130397380,
        "value": "ActiveRecord::LogSubscriber"
      }
    },
    {
      "id": 388,
      "event": "return",
      "thread_id": 70183062585360,
      "parent_id": 387,
      "elapsed": 0.000015,
      "return_value": {
        "class": "Float",
        "value": "1.2679999927058816",
        "object_id": -26373079680679936
      }
    },
    {
      "id": 389,
      "event": "call",
      "thread_id": 70183062585360,
      "http_server_request": {
        "request_method": "DELETE",
        "path_info": "/admin/users/1/api_key",
        "normalized_path_info": "/admin/users/:user_id/api_key(.:format)"
      },
      "message": [
        {
          "name": "user_id",
          "class": "String",
          "value": "1",
          "object_id": 70183150387760
        },
        {
          "name": "controller",
          "class": "String",
          "value": "spree/admin/users/api_key",
          "object_id": 70183129722840
        },
        {
          "name": "action",
          "class": "String",
          "value": "destroy",
          "object_id": 70183150371240
        }
      ]
    },
    {
      "id": 390,
      "event": "call",
      "thread_id": 70183062585360,
      "defined_class": "Spree::Core::ControllerHelpers::Auth",
      "method_id": "set_guest_token",
      "path": "/Users/kgilpin/source/land-of-apps/solidus/core/lib/spree/core/controller_helpers/auth.rb",
      "lineno": 56,
      "static": false,
      "parameters": [],
      "receiver": {
        "class": "Spree::Admin::Users::ApiKeyController",
        "object_id": 70183144105060,
        "value": "#<Spree::Admin::Users::ApiKeyController:0x00007fa992bf48c8>"
      }
    },
    {
      "id": 391,
      "event": "call",
      "thread_id": 70183062585360,
      "defined_class": "ActionDispatch::Cookies::CookieJar",
      "method_id": "update",
      "path": "/Users/kgilpin/.rbenv/versions/2.6.6/lib/ruby/gems/2.6.0/gems/actionpack-6.0.3.4/lib/action_dispatch/middleware/cookies.rb",
      "lineno": 333,
      "static": false,
      "parameters": [
        {
          "name": "other_hash",
          "class": "Hash",
          "object_id": 70183163022180,
          "value": "{}",
          "kind": "req"
        }
      ],
      "receiver": {
        "class": "ActionDispatch::Cookies::CookieJar",
        "object_id": 70183163022080,
        "value": "#<ActionDispatch::Cookies::CookieJar:0x00007fa995009600>"
      }
    },
    {
      "id": 392,
      "event": "return",
      "thread_id": 70183062585360,
      "parent_id": 391,
      "elapsed": 0.000006,
      "return_value": {
        "class": "ActionDispatch::Cookies::CookieJar",
        "value": "#<ActionDispatch::Cookies::CookieJar:0x00007fa995009600>",
        "object_id": 70183163022080
      }
    },
    {
      "id": 393,
      "event": "call",
      "thread_id": 70183062585360,
      "defined_class": "Spree::Preferences::Preferable",
      "method_id": "get_preference",
      "path": "/Users/kgilpin/source/land-of-apps/solidus/core/lib/spree/preferences/preferable.rb",
      "lineno": 66,
      "static": false,
      "parameters": [
        {
          "name": "name",
          "class": "Symbol",
          "object_id": 8554908,
          "value": "guest_token_cookie_options",
          "kind": "req"
        }
      ],
      "receiver": {
        "class": "Spree::AppConfiguration",
        "object_id": 70183064889180,
        "value": "#<Spree::AppConfiguration:0x00007fa9894dceb8>"
      }
    },
    {
      "id": 394,
      "event": "call",
      "thread_id": 70183062585360,
      "defined_class": "Spree::Preferences::Preferable",
      "method_id": "has_preference!",
      "path": "/Users/kgilpin/source/land-of-apps/solidus/core/lib/spree/preferences/preferable.rb",
      "lineno": 96,
      "static": false,
      "parameters": [
        {
          "name": "name",
          "class": "Symbol",
          "object_id": 8554908,
          "value": "guest_token_cookie_options",
          "kind": "req"
        }
      ],
      "receiver": {
        "class": "Spree::AppConfiguration",
        "object_id": 70183064889180,
        "value": "#<Spree::AppConfiguration:0x00007fa9894dceb8>"
      }
    },
    {
      "id": 395,
      "event": "call",
      "thread_id": 70183062585360,
      "defined_class": "Spree::Preferences::Preferable",
      "method_id": "has_preference?",
      "path": "/Users/kgilpin/source/land-of-apps/solidus/core/lib/spree/preferences/preferable.rb",
      "lineno": 102,
      "static": false,
      "parameters": [
        {
          "name": "name",
          "class": "Symbol",
          "object_id": 8554908,
          "value": "guest_token_cookie_options",
          "kind": "req"
        }
      ],
      "receiver": {
        "class": "Spree::AppConfiguration",
        "object_id": 70183064889180,
        "value": "#<Spree::AppConfiguration:0x00007fa9894dceb8>"
      }
    },
    {
      "id": 396,
      "event": "call",
      "thread_id": 70183062585360,
      "defined_class": "Spree::Preferences::Preferable",
      "method_id": "defined_preferences",
      "path": "/Users/kgilpin/source/land-of-apps/solidus/core/lib/spree/preferences/preferable.rb",
      "lineno": 107,
      "static": false,
      "parameters": [],
      "receiver": {
        "class": "Spree::AppConfiguration",
        "object_id": 70183064889180,
        "value": "#<Spree::AppConfiguration:0x00007fa9894dceb8>"
      }
    },
    {
      "id": 397,
      "event": "call",
      "thread_id": 70183062585360,
      "defined_class": "Spree::Preferences::PreferableClassMethods",
      "method_id": "defined_preferences",
      "path": "/Users/kgilpin/source/land-of-apps/solidus/core/lib/spree/preferences/preferable_class_methods.rb",
      "lineno": 17,
      "static": true,
      "parameters": [],
      "receiver": {
        "class": "Class",
        "object_id": 70183130825920,
        "value": "Spree::AppConfiguration"
      }
    },
    {
      "id": 398,
      "event": "return",
      "thread_id": 70183062585360,
      "parent_id": 397,
      "elapsed": 0.000004,
      "return_value": {
        "class": "Array",
        "value": "[]",
        "object_id": 70183163036540
      }
    },
    {
      "id": 399,
      "event": "return",
      "thread_id": 70183062585360,
      "parent_id": 396,
      "elapsed": 0.000061,
      "return_value": {
        "class": "Array",
        "value": "[:address_requires_state, :admin_interface_logo, :admin_products_per_page, :admin_variants_per_page,",
        "object_id": 70183163036180
      }
    },
    {
      "id": 400,
      "event": "return",
      "thread_id": 70183062585360,
      "parent_id": 395,
      "elapsed": 0.000152,
      "return_value": {
        "class": "TrueClass",
        "value": "true",
        "object_id": 20
      }
    },
    {
      "id": 401,
      "event": "return",
      "thread_id": 70183062585360,
      "parent_id": 394,
      "elapsed": 0.000208
    },
    {
      "id": 402,
      "event": "call",
      "thread_id": 70183062585360,
      "defined_class": "Spree::Preferences::PreferableClassMethods",
      "method_id": "preference_getter_method",
      "path": "/Users/kgilpin/source/land-of-apps/solidus/core/lib/spree/preferences/preferable_class_methods.rb",
      "lineno": 70,
      "static": true,
      "parameters": [
        {
          "name": "name",
          "class": "Symbol",
          "object_id": 8554908,
          "value": "guest_token_cookie_options",
          "kind": "req"
        }
      ],
      "receiver": {
        "class": "Class",
        "object_id": 70183130825920,
        "value": "Spree::AppConfiguration"
      }
    },
    {
      "id": 403,
      "event": "return",
      "thread_id": 70183062585360,
      "parent_id": 402,
      "elapsed": 0.000006,
      "return_value": {
        "class": "Symbol",
        "value": "preferred_guest_token_cookie_options",
        "object_id": 70183130896840
      }
    },
    {
      "id": 404,
      "event": "call",
      "thread_id": 70183062585360,
      "defined_class": "Spree::AppConfiguration",
      "method_id": "preferred_guest_token_cookie_options",
      "path": "/Users/kgilpin/source/land-of-apps/solidus/core/lib/spree/preferences/preferable_class_methods.rb",
      "lineno": 45,
      "static": false,
      "parameters": [],
      "receiver": {
        "class": "Spree::AppConfiguration",
        "object_id": 70183064889180,
        "value": "#<Spree::AppConfiguration:0x00007fa9894dceb8>"
      }
    },
    {
      "id": 405,
      "event": "call",
      "thread_id": 70183062585360,
      "defined_class": "Spree::Preferences::Configuration",
      "method_id": "preferences",
      "path": "/Users/kgilpin/source/land-of-apps/solidus/core/lib/spree/preferences/configuration.rb",
      "lineno": 40,
      "static": false,
      "parameters": [],
      "receiver": {
        "class": "Spree::AppConfiguration",
        "object_id": 70183064889180,
        "value": "#<Spree::AppConfiguration:0x00007fa9894dceb8>"
      }
    },
    {
      "id": 406,
      "event": "return",
      "thread_id": 70183062585360,
      "parent_id": 405,
      "elapsed": 0.000004,
      "return_value": {
        "class": "Hash",
        "value": "{:address_requires_state=>true, :admin_interface_logo=>\"logo/solidus.svg\", :admin_products_per_page=",
        "object_id": 70183131745900
      }
    },
    {
      "id": 407,
      "event": "return",
      "thread_id": 70183062585360,
      "parent_id": 404,
      "elapsed": 0.000161,
      "return_value": {
        "class": "Hash",
        "value": "{}",
        "object_id": 70183130897760
      }
    },
    {
      "id": 408,
      "event": "return",
      "thread_id": 70183062585360,
      "parent_id": 393,
      "elapsed": 0.000531,
      "return_value": {
        "class": "Hash",
        "value": "{}",
        "object_id": 70183130897760
      }
    },
    {
      "id": 409,
      "event": "call",
      "thread_id": 70183062585360,
      "defined_class": "ActionDispatch::Cookies::CookieJar",
      "method_id": "[]=",
      "path": "/Users/kgilpin/.rbenv/versions/2.6.6/lib/ruby/gems/2.6.0/gems/actionpack-6.0.3.4/lib/action_dispatch/middleware/cookies.rb",
      "lineno": 373,
      "static": false,
      "parameters": [
        {
          "name": "name",
          "class": "Symbol",
          "object_id": 8800988,
          "value": "guest_token",
          "kind": "req"
        },
        {
          "name": "options",
          "class": "Hash",
          "object_id": 70183163071920,
          "value": "{:value=>\"BAhJIhtQTXlnTlJ3VmZfVUJaX0M5RXdDQWlnBjoGRUY=--4bbcaaf03f499f2b405a1be20cc92eaff44083f4\", :",
          "kind": "req"
        }
      ],
      "receiver": {
        "class": "ActionDispatch::Cookies::CookieJar",
        "object_id": 70183163022080,
        "value": "#<ActionDispatch::Cookies::CookieJar:0x00007fa995009600>"
      }
    },
    {
      "id": 410,
      "event": "return",
      "thread_id": 70183062585360,
      "parent_id": 409,
      "elapsed": 0.000012,
      "return_value": {
        "class": "String",
        "value": "BAhJIhtQTXlnTlJ3VmZfVUJaX0M5RXdDQWlnBjoGRUY=--4bbcaaf03f499f2b405a1be20cc92eaff44083f4",
        "object_id": 70183163071680
      }
    },
    {
      "id": 411,
      "event": "return",
      "thread_id": 70183062585360,
      "parent_id": 390,
      "elapsed": 0.000926,
      "return_value": {
        "class": "Hash",
        "value": "{:value=>\"BAhJIhtQTXlnTlJ3VmZfVUJaX0M5RXdDQWlnBjoGRUY=--4bbcaaf03f499f2b405a1be20cc92eaff44083f4\", :",
        "object_id": 70183163071920
      }
    },
    {
      "id": 412,
      "event": "call",
      "thread_id": 70183062585360,
      "defined_class": "Spree",
      "method_id": "i18n_available_locales",
      "path": "/Users/kgilpin/source/land-of-apps/solidus/core/lib/spree/i18n.rb",
      "lineno": 8,
      "static": true,
      "parameters": [],
      "receiver": {
        "class": "Module",
        "object_id": 70183075442060,
        "value": "Spree"
      }
    },
    {
      "id": 413,
      "event": "return",
      "thread_id": 70183062585360,
      "parent_id": 412,
      "elapsed": 0.000191,
      "return_value": {
        "class": "Array",
        "value": "[:en]",
        "object_id": 70183163090640
      }
    },
    {
      "id": 414,
      "event": "call",
      "thread_id": 70183062585360,
      "defined_class": "Spree::Preferences::Preferable",
      "method_id": "get_preference",
      "path": "/Users/kgilpin/source/land-of-apps/solidus/core/lib/spree/preferences/preferable.rb",
      "lineno": 66,
      "static": false,
      "parameters": [
        {
          "name": "name",
          "class": "Symbol",
          "object_id": 2696668,
          "value": "locale",
          "kind": "req"
        }
      ],
      "receiver": {
        "class": "Spree::BackendConfiguration",
        "object_id": 70183133001580,
        "value": "#<Spree::BackendConfiguration:0x00007fa9916c6ed8>"
      }
    },
    {
      "id": 415,
      "event": "call",
      "thread_id": 70183062585360,
      "defined_class": "Spree::Preferences::Preferable",
      "method_id": "has_preference!",
      "path": "/Users/kgilpin/source/land-of-apps/solidus/core/lib/spree/preferences/preferable.rb",
      "lineno": 96,
      "static": false,
      "parameters": [
        {
          "name": "name",
          "class": "Symbol",
          "object_id": 2696668,
          "value": "locale",
          "kind": "req"
        }
      ],
      "receiver": {
        "class": "Spree::BackendConfiguration",
        "object_id": 70183133001580,
        "value": "#<Spree::BackendConfiguration:0x00007fa9916c6ed8>"
      }
    },
    {
      "id": 416,
      "event": "call",
      "thread_id": 70183062585360,
      "defined_class": "Spree::Preferences::Preferable",
      "method_id": "has_preference?",
      "path": "/Users/kgilpin/source/land-of-apps/solidus/core/lib/spree/preferences/preferable.rb",
      "lineno": 102,
      "static": false,
      "parameters": [
        {
          "name": "name",
          "class": "Symbol",
          "object_id": 2696668,
          "value": "locale",
          "kind": "req"
        }
      ],
      "receiver": {
        "class": "Spree::BackendConfiguration",
        "object_id": 70183133001580,
        "value": "#<Spree::BackendConfiguration:0x00007fa9916c6ed8>"
      }
    },
    {
      "id": 417,
      "event": "call",
      "thread_id": 70183062585360,
      "defined_class": "Spree::Preferences::Preferable",
      "method_id": "defined_preferences",
      "path": "/Users/kgilpin/source/land-of-apps/solidus/core/lib/spree/preferences/preferable.rb",
      "lineno": 107,
      "static": false,
      "parameters": [],
      "receiver": {
        "class": "Spree::BackendConfiguration",
        "object_id": 70183133001580,
        "value": "#<Spree::BackendConfiguration:0x00007fa9916c6ed8>"
      }
    },
    {
      "id": 418,
      "event": "call",
      "thread_id": 70183062585360,
      "defined_class": "Spree::Preferences::PreferableClassMethods",
      "method_id": "defined_preferences",
      "path": "/Users/kgilpin/source/land-of-apps/solidus/core/lib/spree/preferences/preferable_class_methods.rb",
      "lineno": 17,
      "static": true,
      "parameters": [],
      "receiver": {
        "class": "Class",
        "object_id": 70183132504460,
        "value": "Spree::BackendConfiguration"
      }
    },
    {
      "id": 419,
      "event": "return",
      "thread_id": 70183062585360,
      "parent_id": 418,
      "elapsed": 0.000004,
      "return_value": {
        "class": "Array",
        "value": "[]",
        "object_id": 70183163124260
      }
    },
    {
      "id": 420,
      "event": "return",
      "thread_id": 70183062585360,
      "parent_id": 417,
      "elapsed": 0.000058,
      "return_value": {
        "class": "Array",
        "value": "[:locale, :unfrozen_preference_store]",
        "object_id": 70183163123900
      }
    },
    {
      "id": 421,
      "event": "return",
      "thread_id": 70183062585360,
      "parent_id": 416,
      "elapsed": 0.000111,
      "return_value": {
        "class": "TrueClass",
        "value": "true",
        "object_id": 20
      }
    },
    {
      "id": 422,
      "event": "return",
      "thread_id": 70183062585360,
      "parent_id": 415,
      "elapsed": 0.000166
    },
    {
      "id": 423,
      "event": "call",
      "thread_id": 70183062585360,
      "defined_class": "Spree::Preferences::PreferableClassMethods",
      "method_id": "preference_getter_method",
      "path": "/Users/kgilpin/source/land-of-apps/solidus/core/lib/spree/preferences/preferable_class_methods.rb",
      "lineno": 70,
      "static": true,
      "parameters": [
        {
          "name": "name",
          "class": "Symbol",
          "object_id": 2696668,
          "value": "locale",
          "kind": "req"
        }
      ],
      "receiver": {
        "class": "Class",
        "object_id": 70183132504460,
        "value": "Spree::BackendConfiguration"
      }
    },
    {
      "id": 424,
      "event": "return",
      "thread_id": 70183062585360,
      "parent_id": 423,
      "elapsed": 0.000005,
      "return_value": {
        "class": "Symbol",
        "value": "preferred_locale",
        "object_id": 70183132535740
      }
    },
    {
      "id": 425,
      "event": "call",
      "thread_id": 70183062585360,
      "defined_class": "Spree::BackendConfiguration",
      "method_id": "preferred_locale",
      "path": "/Users/kgilpin/source/land-of-apps/solidus/core/lib/spree/preferences/preferable_class_methods.rb",
      "lineno": 45,
      "static": false,
      "parameters": [],
      "receiver": {
        "class": "Spree::BackendConfiguration",
        "object_id": 70183133001580,
        "value": "#<Spree::BackendConfiguration:0x00007fa9916c6ed8>"
      }
    },
    {
      "id": 426,
      "event": "call",
      "thread_id": 70183062585360,
      "defined_class": "Spree::Preferences::Configuration",
      "method_id": "preferences",
      "path": "/Users/kgilpin/source/land-of-apps/solidus/core/lib/spree/preferences/configuration.rb",
      "lineno": 40,
      "static": false,
      "parameters": [],
      "receiver": {
        "class": "Spree::BackendConfiguration",
        "object_id": 70183133001580,
        "value": "#<Spree::BackendConfiguration:0x00007fa9916c6ed8>"
      }
    },
    {
      "id": 427,
      "event": "return",
      "thread_id": 70183062585360,
      "parent_id": 426,
      "elapsed": 0.000005,
      "return_value": {
        "class": "Hash",
        "value": "{:locale=>:en, :unfrozen_preference_store=>{:locale=>:en, :unfrozen_preference_store=>nil}}",
        "object_id": 70183070665000
      }
    },
    {
      "id": 428,
      "event": "return",
      "thread_id": 70183062585360,
      "parent_id": 425,
      "elapsed": 0.000062,
      "return_value": {
        "class": "Symbol",
        "value": "en",
        "object_id": 2696988
      }
    },
    {
      "id": 429,
      "event": "return",
      "thread_id": 70183062585360,
      "parent_id": 414,
      "elapsed": 0.000386,
      "return_value": {
        "class": "Symbol",
        "value": "en",
        "object_id": 2696988
      }
    },
    {
      "id": 430,
      "event": "call",
      "thread_id": 70183062585360,
      "defined_class": "Carmen",
      "method_id": "i18n_backend",
      "path": "/Users/kgilpin/.rbenv/versions/2.6.6/lib/ruby/gems/2.6.0/gems/carmen-1.1.3/lib/carmen.rb",
      "lineno": 38,
      "static": true,
      "parameters": [],
      "receiver": {
        "class": "Module",
        "object_id": 70183132433540,
        "value": "Carmen"
      }
    },
    {
      "id": 431,
      "event": "return",
      "thread_id": 70183062585360,
      "parent_id": 430,
      "elapsed": 0.000005,
      "return_value": {
        "class": "Carmen::I18n::Simple",
        "value": "#<Carmen::I18n::Simple:0x00007fa9899c4a20>",
        "object_id": 70183067460880
      }
    },
    {
      "id": 432,
      "event": "call",
      "thread_id": 70183062585360,
      "defined_class": "CanCan::ControllerAdditions",
      "method_id": "authorize!",
      "path": "/Users/kgilpin/.rbenv/versions/2.6.6/lib/ruby/gems/2.6.0/gems/cancancan-3.1.0/lib/cancan/controller_additions.rb",
      "lineno": 337,
      "static": false,
      "parameters": [
        {
          "name": "args",
          "class": "Array",
          "object_id": 70183163140120,
          "value": "[:admin, :api_key]",
          "kind": "rest"
        }
      ],
      "receiver": {
        "class": "Spree::Admin::Users::ApiKeyController",
        "object_id": 70183144105060,
        "value": "#<Spree::Admin::Users::ApiKeyController:0x00007fa992bf48c8>"
      }
    },
    {
      "id": 433,
      "event": "call",
      "thread_id": 70183062585360,
      "defined_class": "CanCan::Ability",
      "method_id": "authorize!",
      "path": "/Users/kgilpin/.rbenv/versions/2.6.6/lib/ruby/gems/2.6.0/gems/cancancan-3.1.0/lib/cancan/ability.rb",
      "lineno": 176,
      "static": false,
      "parameters": [
        {
          "name": "action",
          "class": "Symbol",
          "object_id": 8584668,
          "value": "admin",
          "kind": "req"
        },
        {
          "name": "subject",
          "class": "Symbol",
          "object_id": 2646748,
          "value": "api_key",
          "kind": "req"
        },
        {
          "name": "args",
          "class": "Array",
          "object_id": 70183163137140,
          "value": "[]",
          "kind": "rest"
        }
      ],
      "receiver": {
        "class": "Object",
        "object_id": 70183144123840,
        "value": "#<#<Class:0x00007fa989fcc9b8>:0x00007fa992bfdb80>"
      }
    },
    {
      "id": 434,
      "event": "call",
      "thread_id": 70183062585360,
      "defined_class": "CanCan::Ability",
      "method_id": "cannot?",
      "path": "/Users/kgilpin/.rbenv/versions/2.6.6/lib/ruby/gems/2.6.0/gems/cancancan-3.1.0/lib/cancan/ability.rb",
      "lineno": 87,
      "static": false,
      "parameters": [
        {
          "name": "args",
          "class": "Array",
          "object_id": 70183163135760,
          "value": "[:admin, :api_key]",
          "kind": "rest"
        }
      ],
      "receiver": {
        "class": "Object",
        "object_id": 70183144123840,
        "value": "#<#<Class:0x00007fa989fcc9b8>:0x00007fa992bfdb80>"
      }
    },
    {
      "id": 435,
      "event": "call",
      "thread_id": 70183062585360,
      "defined_class": "CanCan::Ability",
      "method_id": "can?",
      "path": "/Users/kgilpin/.rbenv/versions/2.6.6/lib/ruby/gems/2.6.0/gems/cancancan-3.1.0/lib/cancan/ability.rb",
      "lineno": 74,
      "static": false,
      "parameters": [
        {
          "name": "action",
          "class": "Symbol",
          "object_id": 8584668,
          "value": "admin",
          "kind": "req"
        },
        {
          "name": "subject",
          "class": "Symbol",
          "object_id": 2646748,
          "value": "api_key",
          "kind": "req"
        },
        {
          "name": "attribute",
          "class": "NilClass",
          "object_id": 8,
          "value": null,
          "kind": "opt"
        },
        {
          "name": "extra_args",
          "class": "NilClass",
          "object_id": 8,
          "value": null,
          "kind": "rest"
        }
      ],
      "receiver": {
        "class": "Object",
        "object_id": 70183144123840,
        "value": "#<#<Class:0x00007fa989fcc9b8>:0x00007fa992bfdb80>"
      }
    },
    {
      "id": 436,
      "event": "call",
      "thread_id": 70183062585360,
      "defined_class": "CanCan::Ability::Actions",
      "method_id": "aliased_actions",
      "path": "/Users/kgilpin/.rbenv/versions/2.6.6/lib/ruby/gems/2.6.0/gems/cancancan-3.1.0/lib/cancan/ability/actions.rb",
      "lineno": 43,
      "static": false,
      "parameters": [],
      "receiver": {
        "class": "Object",
        "object_id": 70183144123840,
        "value": "#<#<Class:0x00007fa989fcc9b8>:0x00007fa992bfdb80>"
      }
    },
    {
      "id": 437,
      "event": "return",
      "thread_id": 70183062585360,
      "parent_id": 436,
      "elapsed": 0.000008,
      "return_value": {
        "class": "Hash",
        "value": "{:read=>[:index, :show], :create=>[:new], :update=>[:edit]}",
        "object_id": 70183163155200
      }
    },
    {
      "id": 438,
      "event": "call",
      "thread_id": 70183062585360,
      "defined_class": "CanCan::Relevant",
      "method_id": "relevant?",
      "path": "/Users/kgilpin/.rbenv/versions/2.6.6/lib/ruby/gems/2.6.0/gems/cancancan-3.1.0/lib/cancan/relevant.rb",
      "lineno": 6,
      "static": false,
      "parameters": [
        {
          "name": "action",
          "class": "Symbol",
          "object_id": 8584668,
          "value": "admin",
          "kind": "req"
        },
        {
          "name": "subject",
          "class": "Symbol",
          "object_id": 2646748,
          "value": "api_key",
          "kind": "req"
        }
      ],
      "receiver": {
        "class": "CanCan::Rule",
        "object_id": 70183144144380,
        "value": "#<CanCan::Rule:0x00007fa992c07bf8>"
      }
    },
    {
      "id": 439,
      "event": "return",
      "thread_id": 70183062585360,
      "parent_id": 438,
      "elapsed": 0.000007,
      "return_value": {
        "class": "TrueClass",
        "value": "true",
        "object_id": 20
      }
    },
    {
      "id": 440,
      "event": "call",
      "thread_id": 70183062585360,
      "defined_class": "CanCan::Rule",
      "method_id": "only_raw_sql?",
      "path": "/Users/kgilpin/.rbenv/versions/2.6.6/lib/ruby/gems/2.6.0/gems/cancancan-3.1.0/lib/cancan/rule.rb",
      "lineno": 67,
      "static": false,
      "parameters": [],
      "receiver": {
        "class": "CanCan::Rule",
        "object_id": 70183144144380,
        "value": "#<CanCan::Rule:0x00007fa992c07bf8>"
      }
    },
    {
      "id": 441,
      "event": "return",
      "thread_id": 70183062585360,
      "parent_id": 440,
      "elapsed": 0.000007
    },
    {
      "id": 442,
      "event": "call",
      "thread_id": 70183062585360,
      "defined_class": "CanCan::ConditionsMatcher",
      "method_id": "matches_conditions?",
      "path": "/Users/kgilpin/.rbenv/versions/2.6.6/lib/ruby/gems/2.6.0/gems/cancancan-3.1.0/lib/cancan/conditions_matcher.rb",
      "lineno": 6,
      "static": false,
      "parameters": [
        {
          "name": "action",
          "class": "Symbol",
          "object_id": 8584668,
          "value": "admin",
          "kind": "req"
        },
        {
          "name": "subject",
          "class": "Symbol",
          "object_id": 2646748,
          "value": "api_key",
          "kind": "req"
        },
        {
          "name": "attribute",
          "class": "NilClass",
          "object_id": 8,
          "value": null,
          "kind": "opt"
        },
        {
          "name": "extra_args",
          "class": "Array",
          "object_id": 70183163174600,
          "value": "[]",
          "kind": "rest"
        }
      ],
      "receiver": {
        "class": "CanCan::Rule",
        "object_id": 70183144144380,
        "value": "#<CanCan::Rule:0x00007fa992c07bf8>"
      }
    },
    {
      "id": 443,
      "event": "return",
      "thread_id": 70183062585360,
      "parent_id": 442,
      "elapsed": 0.000006,
      "return_value": {
        "class": "TrueClass",
        "value": "true",
        "object_id": 20
      }
    },
    {
      "id": 444,
      "event": "call",
      "thread_id": 70183062585360,
      "defined_class": "CanCan::Rule",
      "method_id": "matches_attributes?",
      "path": "/Users/kgilpin/.rbenv/versions/2.6.6/lib/ruby/gems/2.6.0/gems/cancancan-3.1.0/lib/cancan/rule.rb",
      "lineno": 95,
      "static": false,
      "parameters": [
        {
          "name": "attribute",
          "class": "NilClass",
          "object_id": 8,
          "value": null,
          "kind": "req"
        }
      ],
      "receiver": {
        "class": "CanCan::Rule",
        "object_id": 70183144144380,
        "value": "#<CanCan::Rule:0x00007fa992c07bf8>"
      }
    },
    {
      "id": 445,
      "event": "return",
      "thread_id": 70183062585360,
      "parent_id": 444,
      "elapsed": 0.000005,
      "return_value": {
        "class": "TrueClass",
        "value": "true",
        "object_id": 20
      }
    },
    {
      "id": 446,
      "event": "return",
      "thread_id": 70183062585360,
      "parent_id": 435,
      "elapsed": 0.001652,
      "return_value": {
        "class": "TrueClass",
        "value": "true",
        "object_id": 20
      }
    },
    {
      "id": 447,
      "event": "return",
      "thread_id": 70183062585360,
      "parent_id": 434,
      "elapsed": 0.002972
    },
    {
      "id": 448,
      "event": "return",
      "thread_id": 70183062585360,
      "parent_id": 433,
      "elapsed": 0.00432,
      "return_value": {
        "class": "Symbol",
        "value": "api_key",
        "object_id": 2646748
      }
    },
    {
      "id": 449,
      "event": "return",
      "thread_id": 70183062585360,
      "parent_id": 432,
      "elapsed": 0.007102,
      "return_value": {
        "class": "Symbol",
        "value": "api_key",
        "object_id": 2646748
      }
    },
    {
      "id": 450,
      "event": "call",
      "thread_id": 70183062585360,
      "defined_class": "CanCan::ControllerAdditions",
      "method_id": "authorize!",
      "path": "/Users/kgilpin/.rbenv/versions/2.6.6/lib/ruby/gems/2.6.0/gems/cancancan-3.1.0/lib/cancan/controller_additions.rb",
      "lineno": 337,
      "static": false,
      "parameters": [
        {
          "name": "args",
          "class": "Array",
          "object_id": 70183163169580,
          "value": "[:destroy, :api_key]",
          "kind": "rest"
        }
      ],
      "receiver": {
        "class": "Spree::Admin::Users::ApiKeyController",
        "object_id": 70183144105060,
        "value": "#<Spree::Admin::Users::ApiKeyController:0x00007fa992bf48c8>"
      }
    },
    {
      "id": 451,
      "event": "call",
      "thread_id": 70183062585360,
      "defined_class": "CanCan::Ability",
      "method_id": "authorize!",
      "path": "/Users/kgilpin/.rbenv/versions/2.6.6/lib/ruby/gems/2.6.0/gems/cancancan-3.1.0/lib/cancan/ability.rb",
      "lineno": 176,
      "static": false,
      "parameters": [
        {
          "name": "action",
          "class": "Symbol",
          "object_id": 2649308,
          "value": "destroy",
          "kind": "req"
        },
        {
          "name": "subject",
          "class": "Symbol",
          "object_id": 2646748,
          "value": "api_key",
          "kind": "req"
        },
        {
          "name": "args",
          "class": "Array",
          "object_id": 70183163190840,
          "value": "[]",
          "kind": "rest"
        }
      ],
      "receiver": {
        "class": "Object",
        "object_id": 70183144123840,
        "value": "#<#<Class:0x00007fa989fcc9b8>:0x00007fa992bfdb80>"
      }
    },
    {
      "id": 452,
      "event": "call",
      "thread_id": 70183062585360,
      "defined_class": "CanCan::Ability",
      "method_id": "cannot?",
      "path": "/Users/kgilpin/.rbenv/versions/2.6.6/lib/ruby/gems/2.6.0/gems/cancancan-3.1.0/lib/cancan/ability.rb",
      "lineno": 87,
      "static": false,
      "parameters": [
        {
          "name": "args",
          "class": "Array",
          "object_id": 70183163189460,
          "value": "[:destroy, :api_key]",
          "kind": "rest"
        }
      ],
      "receiver": {
        "class": "Object",
        "object_id": 70183144123840,
        "value": "#<#<Class:0x00007fa989fcc9b8>:0x00007fa992bfdb80>"
      }
    },
    {
      "id": 453,
      "event": "call",
      "thread_id": 70183062585360,
      "defined_class": "CanCan::Ability",
      "method_id": "can?",
      "path": "/Users/kgilpin/.rbenv/versions/2.6.6/lib/ruby/gems/2.6.0/gems/cancancan-3.1.0/lib/cancan/ability.rb",
      "lineno": 74,
      "static": false,
      "parameters": [
        {
          "name": "action",
          "class": "Symbol",
          "object_id": 2649308,
          "value": "destroy",
          "kind": "req"
        },
        {
          "name": "subject",
          "class": "Symbol",
          "object_id": 2646748,
          "value": "api_key",
          "kind": "req"
        },
        {
          "name": "attribute",
          "class": "NilClass",
          "object_id": 8,
          "value": null,
          "kind": "opt"
        },
        {
          "name": "extra_args",
          "class": "NilClass",
          "object_id": 8,
          "value": null,
          "kind": "rest"
        }
      ],
      "receiver": {
        "class": "Object",
        "object_id": 70183144123840,
        "value": "#<#<Class:0x00007fa989fcc9b8>:0x00007fa992bfdb80>"
      }
    },
    {
      "id": 454,
      "event": "call",
      "thread_id": 70183062585360,
      "defined_class": "CanCan::Relevant",
      "method_id": "relevant?",
      "path": "/Users/kgilpin/.rbenv/versions/2.6.6/lib/ruby/gems/2.6.0/gems/cancancan-3.1.0/lib/cancan/relevant.rb",
      "lineno": 6,
      "static": false,
      "parameters": [
        {
          "name": "action",
          "class": "Symbol",
          "object_id": 2649308,
          "value": "destroy",
          "kind": "req"
        },
        {
          "name": "subject",
          "class": "Symbol",
          "object_id": 2646748,
          "value": "api_key",
          "kind": "req"
        }
      ],
      "receiver": {
        "class": "CanCan::Rule",
        "object_id": 70183144144380,
        "value": "#<CanCan::Rule:0x00007fa992c07bf8>"
      }
    },
    {
      "id": 455,
      "event": "return",
      "thread_id": 70183062585360,
      "parent_id": 454,
      "elapsed": 0.000006,
      "return_value": {
        "class": "TrueClass",
        "value": "true",
        "object_id": 20
      }
    },
    {
      "id": 456,
      "event": "call",
      "thread_id": 70183062585360,
      "defined_class": "CanCan::Rule",
      "method_id": "only_raw_sql?",
      "path": "/Users/kgilpin/.rbenv/versions/2.6.6/lib/ruby/gems/2.6.0/gems/cancancan-3.1.0/lib/cancan/rule.rb",
      "lineno": 67,
      "static": false,
      "parameters": [],
      "receiver": {
        "class": "CanCan::Rule",
        "object_id": 70183144144380,
        "value": "#<CanCan::Rule:0x00007fa992c07bf8>"
      }
    },
    {
      "id": 457,
      "event": "return",
      "thread_id": 70183062585360,
      "parent_id": 456,
      "elapsed": 0.000006
    },
    {
      "id": 458,
      "event": "call",
      "thread_id": 70183062585360,
      "defined_class": "CanCan::ConditionsMatcher",
      "method_id": "matches_conditions?",
      "path": "/Users/kgilpin/.rbenv/versions/2.6.6/lib/ruby/gems/2.6.0/gems/cancancan-3.1.0/lib/cancan/conditions_matcher.rb",
      "lineno": 6,
      "static": false,
      "parameters": [
        {
          "name": "action",
          "class": "Symbol",
          "object_id": 2649308,
          "value": "destroy",
          "kind": "req"
        },
        {
          "name": "subject",
          "class": "Symbol",
          "object_id": 2646748,
          "value": "api_key",
          "kind": "req"
        },
        {
          "name": "attribute",
          "class": "NilClass",
          "object_id": 8,
          "value": null,
          "kind": "opt"
        },
        {
          "name": "extra_args",
          "class": "Array",
          "object_id": 70183163205480,
          "value": "[]",
          "kind": "rest"
        }
      ],
      "receiver": {
        "class": "CanCan::Rule",
        "object_id": 70183144144380,
        "value": "#<CanCan::Rule:0x00007fa992c07bf8>"
      }
    },
    {
      "id": 459,
      "event": "return",
      "thread_id": 70183062585360,
      "parent_id": 458,
      "elapsed": 0.000006,
      "return_value": {
        "class": "TrueClass",
        "value": "true",
        "object_id": 20
      }
    },
    {
      "id": 460,
      "event": "call",
      "thread_id": 70183062585360,
      "defined_class": "CanCan::Rule",
      "method_id": "matches_attributes?",
      "path": "/Users/kgilpin/.rbenv/versions/2.6.6/lib/ruby/gems/2.6.0/gems/cancancan-3.1.0/lib/cancan/rule.rb",
      "lineno": 95,
      "static": false,
      "parameters": [
        {
          "name": "attribute",
          "class": "NilClass",
          "object_id": 8,
          "value": null,
          "kind": "req"
        }
      ],
      "receiver": {
        "class": "CanCan::Rule",
        "object_id": 70183144144380,
        "value": "#<CanCan::Rule:0x00007fa992c07bf8>"
      }
    },
    {
      "id": 461,
      "event": "return",
      "thread_id": 70183062585360,
      "parent_id": 460,
      "elapsed": 0.000005,
      "return_value": {
        "class": "TrueClass",
        "value": "true",
        "object_id": 20
      }
    },
    {
      "id": 462,
      "event": "return",
      "thread_id": 70183062585360,
      "parent_id": 453,
      "elapsed": 0.00032,
      "return_value": {
        "class": "TrueClass",
        "value": "true",
        "object_id": 20
      }
    },
    {
      "id": 463,
      "event": "return",
      "thread_id": 70183062585360,
      "parent_id": 452,
      "elapsed": 0.001593
    },
    {
      "id": 464,
      "event": "return",
      "thread_id": 70183062585360,
      "parent_id": 451,
      "elapsed": 0.002845,
      "return_value": {
        "class": "Symbol",
        "value": "api_key",
        "object_id": 2646748
      }
    },
    {
      "id": 465,
      "event": "return",
      "thread_id": 70183062585360,
      "parent_id": 450,
      "elapsed": 0.004201,
      "return_value": {
        "class": "Symbol",
        "value": "api_key",
        "object_id": 2646748
      }
    },
    {
      "id": 466,
      "event": "call",
      "thread_id": 70183062585360,
      "defined_class": "Spree::Admin::Users::ApiKeyController",
      "method_id": "destroy",
      "path": "app/controllers/spree/admin/users/api_key_controller.rb",
      "lineno": 14,
      "static": false,
      "parameters": [],
      "receiver": {
        "class": "Spree::Admin::Users::ApiKeyController",
        "object_id": 70183144105060,
        "value": "#<Spree::Admin::Users::ApiKeyController:0x00007fa992bf48c8>"
      }
    },
    {
      "id": 467,
      "event": "call",
      "thread_id": 70183062585360,
      "defined_class": "Spree",
      "method_id": "user_class",
      "path": "/Users/kgilpin/source/land-of-apps/solidus/core/lib/spree/core.rb",
      "lineno": 26,
      "static": true,
      "parameters": [],
      "receiver": {
        "class": "Module",
        "object_id": 70183075442060,
        "value": "Spree"
      }
    },
    {
      "id": 468,
      "event": "return",
      "thread_id": 70183062585360,
      "parent_id": 467,
      "elapsed": 0.000013,
      "return_value": {
        "class": "Class",
        "value": "Spree::LegacyUser",
        "object_id": 70183142099340
      }
    },
    {
      "id": 469,
      "event": "call",
      "thread_id": 70183062585360,
      "defined_class": "ActiveRecord::Core::ClassMethods",
      "method_id": "find",
      "path": "/Users/kgilpin/.rbenv/versions/2.6.6/lib/ruby/gems/2.6.0/gems/activerecord-6.0.3.4/lib/active_record/core.rb",
      "lineno": 157,
      "static": true,
      "parameters": [
        {
          "name": "ids",
          "class": "Array",
          "object_id": 70183163223040,
          "value": "[\"1\"]",
          "kind": "rest"
        }
      ],
      "receiver": {
        "class": "Class",
        "object_id": 70183142099340,
        "value": "Spree::LegacyUser"
      }
    },
    {
      "id": 470,
      "event": "call",
      "thread_id": 70183062585360,
      "sql_query": {
        "sql": "SELECT \"spree_users\".* FROM \"spree_users\" WHERE \"spree_users\".\"id\" = ? LIMIT ?",
        "database_type": "sqlite",
        "server_version": "3.33.0"
      }
    },
    {
      "id": 471,
      "event": "return",
      "thread_id": 70183062585360,
      "parent_id": 470,
      "elapsed": 0.000177
    },
    {
      "id": 472,
      "event": "return",
      "thread_id": 70183062585360,
      "parent_id": 469,
      "elapsed": 0.002958,
      "return_value": {
        "class": "Spree::LegacyUser",
        "value": "#<Spree::LegacyUser:0x00007fa995141bf8>",
        "object_id": 70183163661820
      }
    },
    {
      "id": 473,
      "event": "call",
      "thread_id": 70183062585360,
      "defined_class": "Spree::UserApiAuthentication",
      "method_id": "clear_spree_api_key!",
      "path": "/Users/kgilpin/source/land-of-apps/solidus/core/app/models/concerns/spree/user_api_authentication.rb",
      "lineno": 14,
      "static": false,
      "parameters": [],
      "receiver": {
        "class": "Spree::LegacyUser",
        "object_id": 70183163661820,
        "value": "#<Spree::LegacyUser:0x00007fa995141bf8>"
      }
    },
    {
      "id": 474,
      "event": "call",
      "thread_id": 70183062585360,
      "defined_class": "Spree::UserApiAuthentication",
      "method_id": "clear_spree_api_key",
      "path": "/Users/kgilpin/source/land-of-apps/solidus/core/app/models/concerns/spree/user_api_authentication.rb",
      "lineno": 19,
      "static": false,
      "parameters": [],
      "receiver": {
        "class": "Spree::LegacyUser",
        "object_id": 70183163661820,
        "value": "#<Spree::LegacyUser:0x00007fa995141bf8>"
      }
    },
    {
      "id": 475,
      "event": "call",
      "thread_id": 70183062585360,
      "defined_class": "ActiveRecord::AttributeMethods::Write",
      "method_id": "_write_attribute",
      "path": "/Users/kgilpin/.rbenv/versions/2.6.6/lib/ruby/gems/2.6.0/gems/activerecord-6.0.3.4/lib/active_record/attribute_methods/write.rb",
      "lineno": 41,
      "static": false,
      "parameters": [
        {
          "name": "attr_name",
          "class": "String",
          "object_id": 70183131651860,
          "value": "spree_api_key",
          "kind": "req"
        },
        {
          "name": "value",
          "class": "NilClass",
          "object_id": 8,
          "value": null,
          "kind": "req"
        }
      ],
      "receiver": {
        "class": "Spree::LegacyUser",
        "object_id": 70183163661820,
        "value": "#<Spree::LegacyUser:0x00007fa995141bf8>"
      }
    },
    {
      "id": 476,
      "event": "return",
      "thread_id": 70183062585360,
      "parent_id": 475,
      "elapsed": 0.000016
    },
    {
      "id": 477,
      "event": "return",
      "thread_id": 70183062585360,
      "parent_id": 474,
      "elapsed": 0.000084
    },
    {
      "id": 478,
      "event": "call",
      "thread_id": 70183062585360,
      "sql_query": {
        "sql": "SAVEPOINT active_record_1",
        "database_type": "sqlite",
        "server_version": "3.33.0"
      }
    },
    {
      "id": 479,
      "event": "return",
      "thread_id": 70183062585360,
      "parent_id": 478,
      "elapsed": 0.000127
    },
    {
      "id": 480,
      "event": "call",
      "thread_id": 70183062585360,
      "sql_query": {
        "sql": "UPDATE \"spree_users\" SET \"spree_api_key\" = ?, \"updated_at\" = ? WHERE \"spree_users\".\"id\" = ?",
        "database_type": "sqlite",
        "server_version": "3.33.0"
      }
    },
    {
      "id": 481,
      "event": "return",
      "thread_id": 70183062585360,
      "parent_id": 480,
      "elapsed": 0.000182
    },
    {
      "id": 482,
      "event": "call",
      "thread_id": 70183062585360,
      "sql_query": {
        "sql": "RELEASE SAVEPOINT active_record_1",
        "database_type": "sqlite",
        "server_version": "3.33.0"
      }
    },
    {
      "id": 483,
      "event": "return",
      "thread_id": 70183062585360,
      "parent_id": 482,
      "elapsed": 0.000183
    },
    {
      "id": 484,
      "event": "return",
      "thread_id": 70183062585360,
      "parent_id": 473,
      "elapsed": 0.026981,
      "return_value": {
        "class": "TrueClass",
        "value": "true",
        "object_id": 20
      }
    },
    {
      "id": 485,
      "event": "return",
      "thread_id": 70183062585360,
      "parent_id": 466,
      "elapsed": 0.030554,
      "return_value": {
        "class": "String",
        "value": "<html><body>You are being <a href=\"http://test.host/admin/users/1/edit\">redirected</a>.</body></html",
        "object_id": 70183065700300
      }
    },
    {
      "id": 486,
      "event": "return",
      "thread_id": 70183062585360,
      "parent_id": 389,
      "elapsed": 0.044367,
      "http_server_response": {
        "status": 302
      }
    },
    {
      "id": 487,
      "event": "call",
      "thread_id": 70183062585360,
      "defined_class": "ActionDispatch::Cookies::CookieJar",
      "method_id": "update",
      "path": "/Users/kgilpin/.rbenv/versions/2.6.6/lib/ruby/gems/2.6.0/gems/actionpack-6.0.3.4/lib/action_dispatch/middleware/cookies.rb",
      "lineno": 333,
      "static": false,
      "parameters": [
        {
          "name": "other_hash",
          "class": "Hash",
          "object_id": 70183163022020,
          "value": "{\"guest_token\"=>\"BAhJIhtQTXlnTlJ3VmZfVUJaX0M5RXdDQWlnBjoGRUY=--4bbcaaf03f499f2b405a1be20cc92eaff4408",
          "kind": "req"
        }
      ],
      "receiver": {
        "class": "ActionDispatch::Cookies::CookieJar",
        "object_id": 70183150371000,
        "value": "#<ActionDispatch::Cookies::CookieJar:0x00007fa9937e8170>"
      }
    },
    {
      "id": 488,
      "event": "return",
      "thread_id": 70183062585360,
      "parent_id": 487,
      "elapsed": 0.000009,
      "return_value": {
        "class": "ActionDispatch::Cookies::CookieJar",
        "value": "#<ActionDispatch::Cookies::CookieJar:0x00007fa9937e8170>",
        "object_id": 70183150371000
      }
    },
    {
      "id": 489,
      "event": "call",
      "thread_id": 70183062585360,
      "defined_class": "Spree::TestingSupport::UrlHelpers",
      "method_id": "spree",
      "path": "/Users/kgilpin/source/land-of-apps/solidus/core/lib/spree/testing_support/url_helpers.rb",
      "lineno": 6,
      "static": false,
      "parameters": [],
      "receiver": {
        "class": "RSpec::ExampleGroups::SpreeAdminUsersApiKeyController::Destroy::WithAbilityToManageUsersAndAPIKeys",
        "object_id": 70183144042920,
        "value": "#<RSpec::ExampleGroups::SpreeAdminUsersApiKeyController::Destroy::WithAbilityToManageUsersAndAPIKeys"
      }
    },
    {
      "id": 490,
      "event": "return",
      "thread_id": 70183062585360,
      "parent_id": 489,
      "elapsed": 0.012822,
      "return_value": {
        "class": "Module",
        "value": "#<Module:0x00007fa98968ad00>",
        "object_id": 70183065769600
      }
    },
    {
      "id": 491,
      "event": "call",
      "thread_id": 70183062585360,
      "defined_class": "ActiveRecord::Integration",
      "method_id": "to_param",
      "path": "/Users/kgilpin/.rbenv/versions/2.6.6/lib/ruby/gems/2.6.0/gems/activerecord-6.0.3.4/lib/active_record/integration.rb",
      "lineno": 57,
      "static": false,
      "parameters": [],
      "receiver": {
        "class": "Spree::LegacyUser",
        "object_id": 70183144173260,
        "value": "#<Spree::LegacyUser:0x00007fa992c15d98>"
      }
    },
    {
      "id": 492,
      "event": "return",
      "thread_id": 70183062585360,
      "parent_id": 491,
      "elapsed": 0.000031,
      "return_value": {
        "class": "String",
        "value": "1",
        "object_id": 70183065915700
      }
    }
  ]
}