{
  "version": "1.4",
  "metadata": {
    "app": "nytem-2021/solidus",
    "language": {
      "name": "ruby",
      "engine": "ruby",
      "version": "2.6.6"
    },
    "client": {
      "name": "appmap",
      "url": "https://github.com/applandinc/appmap-ruby",
      "version": "0.41.2"
    },
    "frameworks": [
      {
        "name": "rails",
        "version": "6.0.3.4"
      },
      {
        "name": "rspec",
        "version": "3.10.0"
      }
    ],
    "git": {
      "repository": "git@github.com:land-of-apps/solidus-nytem-2021.git",
      "branch": "optimize-user-creation",
      "commit": "2e8526f32b87458b385bdd558c9be40ab86df09f",
      "status": [
        "M app/controllers/spree/admin/users_controller.rb",
        "?? ../appmaps.zip"
      ],
      "git_last_annotated_tag": "v2.10.0.beta1",
      "git_last_tag": "v2.10.0.beta1",
      "git_commits_since_last_annotated_tag": 0,
      "git_commits_since_last_tag": 0
    },
    "name": "Spree::Admin::UsersController #show redirects to edit",
    "feature": "Spree::Admin::UsersController #show",
    "feature_group": "Spree admin users",
    "recorder": {
      "name": "rspec"
    },
    "fingerprints": [
      {
        "appmap_digest": "26294fadffee376da5687a0b67b887fb4d40f503b9139056ea3a4e23c5db1e9b",
        "canonicalization_algorithm": "beta_v1_error",
        "digest": "c3f71aa7ef29438a57a9d35d04a2b70b35c87706eab1391eded15f07354f5814",
        "fingerprint_algorithm": "sha256"
      },
      {
        "appmap_digest": "26294fadffee376da5687a0b67b887fb4d40f503b9139056ea3a4e23c5db1e9b",
        "canonicalization_algorithm": "beta_v1_info",
        "digest": "371330ee0a8c9c4fb76d98d96a3d6298ee72d78feef59c3e6d73d5ff3a43cad6",
        "fingerprint_algorithm": "sha256"
      },
      {
        "appmap_digest": "26294fadffee376da5687a0b67b887fb4d40f503b9139056ea3a4e23c5db1e9b",
        "canonicalization_algorithm": "beta_v1_debug",
        "digest": "e841914b5815a99612c2bab020f475778616044485a8d4c91b21276c1f0581b8",
        "fingerprint_algorithm": "sha256"
      }
    ]
  },
  "classMap": [
    {
      "name": "activerecord",
      "type": "package",
      "children": [
        {
          "name": "ActiveRecord",
          "type": "class",
          "children": [
            {
              "name": "Inheritance",
              "type": "class",
              "children": [
                {
                  "name": "ClassMethods",
                  "type": "class",
                  "children": [
                    {
                      "name": "new",
                      "type": "function",
                      "location": "/Users/kgilpin/.rbenv/versions/2.6.6/lib/ruby/gems/2.6.0/gems/activerecord-6.0.3.4/lib/active_record/inheritance.rb:50",
                      "static": true
                    }
                  ]
                }
              ]
            },
            {
              "name": "ModelSchema",
              "type": "class",
              "children": [
                {
                  "name": "ClassMethods",
                  "type": "class",
                  "children": [
                    {
                      "name": "symbol_column_to_string",
                      "type": "function",
                      "location": "/Users/kgilpin/.rbenv/versions/2.6.6/lib/ruby/gems/2.6.0/gems/activerecord-6.0.3.4/lib/active_record/model_schema.rb:407",
                      "static": true
                    }
                  ]
                }
              ]
            },
            {
              "name": "Associations",
              "type": "class",
              "children": [
                {
                  "name": "association",
                  "type": "function",
                  "location": "/Users/kgilpin/.rbenv/versions/2.6.6/lib/ruby/gems/2.6.0/gems/activerecord-6.0.3.4/lib/active_record/associations.rb:230",
                  "static": false
                }
              ]
            },
            {
              "name": "ConnectionAdapters",
              "type": "class",
              "children": [
                {
                  "name": "TransactionManager",
                  "type": "class",
                  "children": [
                    {
                      "name": "commit_transaction",
                      "type": "function",
                      "location": "/Users/kgilpin/.rbenv/versions/2.6.6/lib/ruby/gems/2.6.0/gems/activerecord-6.0.3.4/lib/active_record/connection_adapters/abstract/transaction.rb:254",
                      "static": false
                    }
                  ]
                }
              ]
            },
            {
              "name": "LogSubscriber",
              "type": "class",
              "children": [
                {
                  "name": "reset_runtime",
                  "type": "function",
                  "location": "/Users/kgilpin/.rbenv/versions/2.6.6/lib/ruby/gems/2.6.0/gems/activerecord-6.0.3.4/lib/active_record/log_subscriber.rb:17",
                  "static": true
                }
              ]
            },
            {
              "name": "Core",
              "type": "class",
              "children": [
                {
                  "name": "ClassMethods",
                  "type": "class",
                  "children": [
                    {
                      "name": "find",
                      "type": "function",
                      "location": "/Users/kgilpin/.rbenv/versions/2.6.6/lib/ruby/gems/2.6.0/gems/activerecord-6.0.3.4/lib/active_record/core.rb:157",
                      "static": true
                    }
                  ]
                }
              ]
            },
            {
              "name": "AttributeMethods",
              "type": "class",
              "children": [
                {
                  "name": "PrimaryKey",
                  "type": "class",
                  "children": [
                    {
                      "name": "id",
                      "type": "function",
                      "location": "/Users/kgilpin/.rbenv/versions/2.6.6/lib/ruby/gems/2.6.0/gems/activerecord-6.0.3.4/lib/active_record/attribute_methods/primary_key.rb:18",
                      "static": false
                    }
                  ]
                }
              ]
            },
            {
              "name": "Integration",
              "type": "class",
              "children": [
                {
                  "name": "to_param",
                  "type": "function",
                  "location": "/Users/kgilpin/.rbenv/versions/2.6.6/lib/ruby/gems/2.6.0/gems/activerecord-6.0.3.4/lib/active_record/integration.rb:57",
                  "static": false
                }
              ]
            }
          ]
        }
      ]
    },
    {
      "name": "solidus_core",
      "type": "package",
      "children": [
        {
          "name": "Spree",
          "type": "class",
          "children": [
            {
              "name": "UserMethods",
              "type": "class",
              "children": [
                {
                  "name": "auto_generate_spree_api_key",
                  "type": "function",
                  "location": "/Users/kgilpin/source/land-of-apps/solidus/core/app/models/concerns/spree/user_methods.rb:51",
                  "static": false
                }
              ]
            },
            {
              "name": "AppConfiguration",
              "type": "class",
              "children": [
                {
                  "name": "generate_api_key_for_all_roles",
                  "type": "function",
                  "location": "/Users/kgilpin/source/land-of-apps/solidus/core/lib/spree/preferences/preferable_class_methods.rb:45",
                  "static": false
                },
                {
                  "name": "roles_for_auto_api_key",
                  "type": "function",
                  "location": "/Users/kgilpin/source/land-of-apps/solidus/core/lib/spree/preferences/preferable_class_methods.rb:45",
                  "static": false
                },
                {
                  "name": "preferred_guest_token_cookie_options",
                  "type": "function",
                  "location": "/Users/kgilpin/source/land-of-apps/solidus/core/lib/spree/preferences/preferable_class_methods.rb:45",
                  "static": false
                }
              ]
            },
            {
              "name": "Preferences",
              "type": "class",
              "children": [
                {
                  "name": "Configuration",
                  "type": "class",
                  "children": [
                    {
                      "name": "preferences",
                      "type": "function",
                      "location": "/Users/kgilpin/source/land-of-apps/solidus/core/lib/spree/preferences/configuration.rb:40",
                      "static": false
                    }
                  ]
                },
                {
                  "name": "Preferable",
                  "type": "class",
                  "children": [
                    {
                      "name": "get_preference",
                      "type": "function",
                      "location": "/Users/kgilpin/source/land-of-apps/solidus/core/lib/spree/preferences/preferable.rb:66",
                      "static": false,
                      "labels": [
                        "provider.preferences"
                      ]
                    },
                    {
                      "name": "has_preference!",
                      "type": "function",
                      "location": "/Users/kgilpin/source/land-of-apps/solidus/core/lib/spree/preferences/preferable.rb:96",
                      "static": false
                    },
                    {
                      "name": "has_preference?",
                      "type": "function",
                      "location": "/Users/kgilpin/source/land-of-apps/solidus/core/lib/spree/preferences/preferable.rb:102",
                      "static": false
                    },
                    {
                      "name": "defined_preferences",
                      "type": "function",
                      "location": "/Users/kgilpin/source/land-of-apps/solidus/core/lib/spree/preferences/preferable.rb:107",
                      "static": false
                    }
                  ]
                },
                {
                  "name": "PreferableClassMethods",
                  "type": "class",
                  "children": [
                    {
                      "name": "defined_preferences",
                      "type": "function",
                      "location": "/Users/kgilpin/source/land-of-apps/solidus/core/lib/spree/preferences/preferable_class_methods.rb:17",
                      "static": true
                    },
                    {
                      "name": "preference_getter_method",
                      "type": "function",
                      "location": "/Users/kgilpin/source/land-of-apps/solidus/core/lib/spree/preferences/preferable_class_methods.rb:70",
                      "static": true
                    }
                  ]
                }
              ]
            },
            {
              "name": "Core",
              "type": "class",
              "children": [
                {
                  "name": "ControllerHelpers",
                  "type": "class",
                  "children": [
                    {
                      "name": "Auth",
                      "type": "class",
                      "children": [
                        {
                          "name": "set_guest_token",
                          "type": "function",
                          "location": "/Users/kgilpin/source/land-of-apps/solidus/core/lib/spree/core/controller_helpers/auth.rb:56",
                          "static": false
                        }
                      ]
                    }
                  ]
                }
              ]
            },
            {
              "name": "i18n_available_locales",
              "type": "function",
              "location": "/Users/kgilpin/source/land-of-apps/solidus/core/lib/spree/i18n.rb:8",
              "static": true
            },
            {
              "name": "BackendConfiguration",
              "type": "class",
              "children": [
                {
                  "name": "preferred_locale",
                  "type": "function",
                  "location": "/Users/kgilpin/source/land-of-apps/solidus/core/lib/spree/preferences/preferable_class_methods.rb:45",
                  "static": false
                }
              ]
            },
            {
              "name": "user_class",
              "type": "function",
              "location": "/Users/kgilpin/source/land-of-apps/solidus/core/lib/spree/core.rb:26",
              "static": true
            },
            {
              "name": "TestingSupport",
              "type": "class",
              "children": [
                {
                  "name": "UrlHelpers",
                  "type": "class",
                  "children": [
                    {
                      "name": "spree",
                      "type": "function",
                      "location": "/Users/kgilpin/source/land-of-apps/solidus/core/lib/spree/testing_support/url_helpers.rb:6",
                      "static": false
                    }
                  ]
                }
              ]
            }
          ]
        }
      ]
    },
    {
      "name": "action_pack",
      "type": "package",
      "children": [
        {
          "name": "ActionDispatch",
          "type": "class",
          "children": [
            {
              "name": "Cookies",
              "type": "class",
              "children": [
                {
                  "name": "CookieJar",
                  "type": "class",
                  "children": [
                    {
                      "name": "update",
                      "type": "function",
                      "location": "/Users/kgilpin/.rbenv/versions/2.6.6/lib/ruby/gems/2.6.0/gems/actionpack-6.0.3.4/lib/action_dispatch/middleware/cookies.rb:333",
                      "static": false,
                      "labels": [
                        "provider.http.cookie"
                      ]
                    },
                    {
                      "name": "[]=",
                      "type": "function",
                      "location": "/Users/kgilpin/.rbenv/versions/2.6.6/lib/ruby/gems/2.6.0/gems/actionpack-6.0.3.4/lib/action_dispatch/middleware/cookies.rb:373",
                      "static": false,
                      "labels": [
                        "provider.http.cookie"
                      ]
                    }
                  ]
                }
              ]
            }
          ]
        }
      ]
    },
    {
      "name": "carmen",
      "type": "package",
      "children": [
        {
          "name": "Carmen",
          "type": "class",
          "children": [
            {
              "name": "i18n_backend",
              "type": "function",
              "location": "/Users/kgilpin/.rbenv/versions/2.6.6/lib/ruby/gems/2.6.0/gems/carmen-1.1.3/lib/carmen.rb:38",
              "static": true
            }
          ]
        }
      ]
    },
    {
      "name": "app/controllers",
      "type": "package",
      "children": [
        {
          "name": "Spree",
          "type": "class",
          "children": [
            {
              "name": "Admin",
              "type": "class",
              "children": [
                {
                  "name": "UsersController",
                  "type": "class",
                  "children": [
                    {
                      "name": "model_class",
                      "type": "function",
                      "location": "app/controllers/spree/admin/users_controller.rb:119",
                      "static": false
                    },
                    {
                      "name": "show",
                      "type": "function",
                      "location": "app/controllers/spree/admin/users_controller.rb:21",
                      "static": false
                    }
                  ]
                }
              ]
            }
          ]
        }
      ]
    },
    {
      "name": "cancancan",
      "type": "package",
      "children": [
        {
          "name": "CanCan",
          "type": "class",
          "children": [
            {
              "name": "ControllerAdditions",
              "type": "class",
              "children": [
                {
                  "name": "authorize!",
                  "type": "function",
                  "location": "/Users/kgilpin/.rbenv/versions/2.6.6/lib/ruby/gems/2.6.0/gems/cancancan-3.1.0/lib/cancan/controller_additions.rb:337",
                  "static": false,
                  "labels": [
                    "provider.authorization"
                  ]
                }
              ]
            },
            {
              "name": "Ability",
              "type": "class",
              "children": [
                {
                  "name": "authorize!",
                  "type": "function",
                  "location": "/Users/kgilpin/.rbenv/versions/2.6.6/lib/ruby/gems/2.6.0/gems/cancancan-3.1.0/lib/cancan/ability.rb:176",
                  "static": false,
                  "labels": [
                    "provider.authorization"
                  ]
                },
                {
                  "name": "cannot?",
                  "type": "function",
                  "location": "/Users/kgilpin/.rbenv/versions/2.6.6/lib/ruby/gems/2.6.0/gems/cancancan-3.1.0/lib/cancan/ability.rb:87",
                  "static": false
                },
                {
                  "name": "can?",
                  "type": "function",
                  "location": "/Users/kgilpin/.rbenv/versions/2.6.6/lib/ruby/gems/2.6.0/gems/cancancan-3.1.0/lib/cancan/ability.rb:74",
                  "static": false
                },
                {
                  "name": "Actions",
                  "type": "class",
                  "children": [
                    {
                      "name": "aliased_actions",
                      "type": "function",
                      "location": "/Users/kgilpin/.rbenv/versions/2.6.6/lib/ruby/gems/2.6.0/gems/cancancan-3.1.0/lib/cancan/ability/actions.rb:43",
                      "static": false
                    }
                  ]
                }
              ]
            },
            {
              "name": "Relevant",
              "type": "class",
              "children": [
                {
                  "name": "relevant?",
                  "type": "function",
                  "location": "/Users/kgilpin/.rbenv/versions/2.6.6/lib/ruby/gems/2.6.0/gems/cancancan-3.1.0/lib/cancan/relevant.rb:6",
                  "static": false
                }
              ]
            },
            {
              "name": "Rule",
              "type": "class",
              "children": [
                {
                  "name": "only_raw_sql?",
                  "type": "function",
                  "location": "/Users/kgilpin/.rbenv/versions/2.6.6/lib/ruby/gems/2.6.0/gems/cancancan-3.1.0/lib/cancan/rule.rb:67",
                  "static": false
                },
                {
                  "name": "matches_attributes?",
                  "type": "function",
                  "location": "/Users/kgilpin/.rbenv/versions/2.6.6/lib/ruby/gems/2.6.0/gems/cancancan-3.1.0/lib/cancan/rule.rb:95",
                  "static": false
                }
              ]
            },
            {
              "name": "ConditionsMatcher",
              "type": "class",
              "children": [
                {
                  "name": "matches_conditions?",
                  "type": "function",
                  "location": "/Users/kgilpin/.rbenv/versions/2.6.6/lib/ruby/gems/2.6.0/gems/cancancan-3.1.0/lib/cancan/conditions_matcher.rb:6",
                  "static": false
                }
              ]
            }
          ]
        }
      ]
    }
  ],
  "events": [
    {
      "id": 13519,
      "event": "call",
      "thread_id": 70165874327560,
      "defined_class": "ActiveRecord::Inheritance::ClassMethods",
      "method_id": "new",
      "path": "/Users/kgilpin/.rbenv/versions/2.6.6/lib/ruby/gems/2.6.0/gems/activerecord-6.0.3.4/lib/active_record/inheritance.rb",
      "lineno": 50,
      "static": true,
      "parameters": [
        {
          "name": "attributes",
          "class": "NilClass",
          "object_id": 8,
          "value": null,
          "kind": "opt"
        },
        {
          "name": "block",
          "class": "NilClass",
          "object_id": 8,
          "value": null,
          "kind": "block"
        }
      ],
      "receiver": {
        "class": "Class",
        "object_id": 70165967717820,
        "value": "Spree::LegacyUser"
      }
    },
    {
      "id": 13520,
      "event": "return",
      "thread_id": 70165874327560,
      "parent_id": 13519,
      "elapsed": 0.000149,
      "return_value": {
        "class": "Spree::LegacyUser",
        "value": "#<Spree::LegacyUser:0x00007fa190b3e668>",
        "object_id": 70165947085620
      }
    },
    {
      "id": 13521,
      "event": "call",
      "thread_id": 70165874327560,
      "sql_query": {
        "sql": "SAVEPOINT active_record_1",
        "database_type": "sqlite",
        "server_version": "3.33.0"
      }
    },
    {
      "id": 13522,
      "event": "return",
      "thread_id": 70165874327560,
      "parent_id": 13521,
      "elapsed": 0.000139
    },
    {
      "id": 13523,
      "event": "call",
      "thread_id": 70165874327560,
      "sql_query": {
        "sql": "INSERT INTO \"spree_users\" (\"email\", \"created_at\", \"updated_at\") VALUES (?, ?, ?)",
        "database_type": "sqlite",
        "server_version": "3.33.0"
      }
    },
    {
      "id": 13524,
      "event": "return",
      "thread_id": 70165874327560,
      "parent_id": 13523,
      "elapsed": 0.000483
    },
    {
      "id": 13525,
      "event": "call",
      "thread_id": 70165874327560,
      "defined_class": "Spree::UserMethods",
      "method_id": "auto_generate_spree_api_key",
      "path": "/Users/kgilpin/source/land-of-apps/solidus/core/app/models/concerns/spree/user_methods.rb",
      "lineno": 51,
      "static": false,
      "parameters": [],
      "receiver": {
        "class": "Spree::LegacyUser",
        "object_id": 70165947085620,
        "value": "#<Spree::LegacyUser:0x00007fa190b3e668>"
      }
    },
    {
      "id": 13526,
      "event": "call",
      "thread_id": 70165874327560,
      "defined_class": "ActiveRecord::ModelSchema::ClassMethods",
      "method_id": "symbol_column_to_string",
      "path": "/Users/kgilpin/.rbenv/versions/2.6.6/lib/ruby/gems/2.6.0/gems/activerecord-6.0.3.4/lib/active_record/model_schema.rb",
      "lineno": 407,
      "static": true,
      "parameters": [
        {
          "name": "name_symbol",
          "class": "Symbol",
          "object_id": 12078428,
          "value": "spree_api_key",
          "kind": "req"
        }
      ],
      "receiver": {
        "class": "Class",
        "object_id": 70165967717820,
        "value": "Spree::LegacyUser"
      }
    },
    {
      "id": 13527,
      "event": "return",
      "thread_id": 70165874327560,
      "parent_id": 13526,
      "elapsed": 0.000006,
      "return_value": {
        "class": "String",
        "value": "spree_api_key",
        "object_id": 70165946545120
      }
    },
    {
      "id": 13528,
      "event": "call",
      "thread_id": 70165874327560,
      "defined_class": "Spree::AppConfiguration",
      "method_id": "generate_api_key_for_all_roles",
      "path": "/Users/kgilpin/source/land-of-apps/solidus/core/lib/spree/preferences/preferable_class_methods.rb",
      "lineno": 45,
      "static": false,
      "parameters": [],
      "receiver": {
        "class": "Spree::AppConfiguration",
        "object_id": 70165880790920,
        "value": "#<Spree::AppConfiguration:0x00007fa188ccbf10>"
      }
    },
    {
      "id": 13529,
      "event": "call",
      "thread_id": 70165874327560,
      "defined_class": "Spree::Preferences::Configuration",
      "method_id": "preferences",
      "path": "/Users/kgilpin/source/land-of-apps/solidus/core/lib/spree/preferences/configuration.rb",
      "lineno": 40,
      "static": false,
      "parameters": [],
      "receiver": {
        "class": "Spree::AppConfiguration",
        "object_id": 70165880790920,
        "value": "#<Spree::AppConfiguration:0x00007fa188ccbf10>"
      }
    },
    {
      "id": 13530,
      "event": "return",
      "thread_id": 70165874327560,
      "parent_id": 13529,
      "elapsed": 0.000005,
      "return_value": {
        "class": "Hash",
        "value": "{:address_requires_state=>true, :admin_interface_logo=>\"logo/solidus.svg\", :admin_products_per_page=",
        "object_id": 70165956123620
      }
    },
    {
      "id": 13531,
      "event": "return",
      "thread_id": 70165874327560,
      "parent_id": 13528,
      "elapsed": 0.000161
    },
    {
      "id": 13532,
      "event": "call",
      "thread_id": 70165874327560,
      "defined_class": "ActiveRecord::Associations",
      "method_id": "association",
      "path": "/Users/kgilpin/.rbenv/versions/2.6.6/lib/ruby/gems/2.6.0/gems/activerecord-6.0.3.4/lib/active_record/associations.rb",
      "lineno": 230,
      "static": false,
      "parameters": [
        {
          "name": "name",
          "class": "Symbol",
          "object_id": 8851868,
          "value": "spree_roles",
          "kind": "req"
        }
      ],
      "receiver": {
        "class": "Spree::LegacyUser",
        "object_id": 70165947085620,
        "value": "#<Spree::LegacyUser:0x00007fa190b3e668>"
      }
    },
    {
      "id": 13533,
      "event": "return",
      "thread_id": 70165874327560,
      "parent_id": 13532,
      "elapsed": 0.000156,
      "return_value": {
        "class": "ActiveRecord::Associations::HasManyThroughAssociation",
        "value": "#<ActiveRecord::Associations::HasManyThroughAssociation:0x00007fa1934d2c90>",
        "object_id": 70165968885320
      }
    },
    {
      "id": 13534,
      "event": "call",
      "thread_id": 70165874327560,
      "sql_query": {
        "sql": "SELECT \"spree_roles\".* FROM \"spree_roles\" INNER JOIN \"spree_roles_users\" ON \"spree_roles\".\"id\" = \"spree_roles_users\".\"role_id\" WHERE \"spree_roles_users\".\"user_id\" = ?",
        "database_type": "sqlite",
        "server_version": "3.33.0"
      }
    },
    {
      "id": 13535,
      "event": "return",
      "thread_id": 70165874327560,
      "parent_id": 13534,
      "elapsed": 0.000173
    },
    {
      "id": 13536,
      "event": "call",
      "thread_id": 70165874327560,
      "defined_class": "Spree::AppConfiguration",
      "method_id": "roles_for_auto_api_key",
      "path": "/Users/kgilpin/source/land-of-apps/solidus/core/lib/spree/preferences/preferable_class_methods.rb",
      "lineno": 45,
      "static": false,
      "parameters": [],
      "receiver": {
        "class": "Spree::AppConfiguration",
        "object_id": 70165880790920,
        "value": "#<Spree::AppConfiguration:0x00007fa188ccbf10>"
      }
    },
    {
      "id": 13537,
      "event": "call",
      "thread_id": 70165874327560,
      "defined_class": "Spree::Preferences::Configuration",
      "method_id": "preferences",
      "path": "/Users/kgilpin/source/land-of-apps/solidus/core/lib/spree/preferences/configuration.rb",
      "lineno": 40,
      "static": false,
      "parameters": [],
      "receiver": {
        "class": "Spree::AppConfiguration",
        "object_id": 70165880790920,
        "value": "#<Spree::AppConfiguration:0x00007fa188ccbf10>"
      }
    },
    {
      "id": 13538,
      "event": "return",
      "thread_id": 70165874327560,
      "parent_id": 13537,
      "elapsed": 0.000006,
      "return_value": {
        "class": "Hash",
        "value": "{:address_requires_state=>true, :admin_interface_logo=>\"logo/solidus.svg\", :admin_products_per_page=",
        "object_id": 70165956123620
      }
    },
    {
      "id": 13539,
      "event": "return",
      "thread_id": 70165874327560,
      "parent_id": 13536,
      "elapsed": 0.000176,
      "return_value": {
        "class": "Array",
        "value": "[\"admin\"]",
        "object_id": 70165955494580
      }
    },
    {
      "id": 13540,
      "event": "return",
      "thread_id": 70165874327560,
      "parent_id": 13525,
      "elapsed": 0.005851
    },
    {
      "id": 13541,
      "event": "call",
      "thread_id": 70165874327560,
      "defined_class": "ActiveRecord::ConnectionAdapters::TransactionManager",
      "method_id": "commit_transaction",
      "path": "/Users/kgilpin/.rbenv/versions/2.6.6/lib/ruby/gems/2.6.0/gems/activerecord-6.0.3.4/lib/active_record/connection_adapters/abstract/transaction.rb",
      "lineno": 254,
      "static": false,
      "parameters": [],
      "receiver": {
        "class": "ActiveRecord::ConnectionAdapters::TransactionManager",
        "object_id": 70165967264040,
        "value": "#<ActiveRecord::ConnectionAdapters::TransactionManager:0x00007fa1931bb250>"
      }
    },
    {
      "id": 13542,
      "event": "call",
      "thread_id": 70165874327560,
      "sql_query": {
        "sql": "RELEASE SAVEPOINT active_record_1",
        "database_type": "sqlite",
        "server_version": "3.33.0"
      }
    },
    {
      "id": 13543,
      "event": "return",
      "thread_id": 70165874327560,
      "parent_id": 13542,
      "elapsed": 0.000125
    },
    {
      "id": 13544,
      "event": "return",
      "thread_id": 70165874327560,
      "parent_id": 13541,
      "elapsed": 0.002371
    },
    {
      "id": 13545,
      "event": "call",
      "thread_id": 70165874327560,
      "defined_class": "ActionDispatch::Cookies::CookieJar",
      "method_id": "update",
      "path": "/Users/kgilpin/.rbenv/versions/2.6.6/lib/ruby/gems/2.6.0/gems/actionpack-6.0.3.4/lib/action_dispatch/middleware/cookies.rb",
      "lineno": 333,
      "static": false,
      "parameters": [
        {
          "name": "other_hash",
          "class": "ActiveSupport::HashWithIndifferentAccess",
          "object_id": 70165946954100,
          "value": "{}",
          "kind": "req"
        }
      ],
      "receiver": {
        "class": "ActionDispatch::Cookies::CookieJar",
        "object_id": 70165970137100,
        "value": "#<ActionDispatch::Cookies::CookieJar:0x00007fa193736018>"
      }
    },
    {
      "id": 13546,
      "event": "return",
      "thread_id": 70165874327560,
      "parent_id": 13545,
      "elapsed": 0.000014,
      "return_value": {
        "class": "ActionDispatch::Cookies::CookieJar",
        "value": "#<ActionDispatch::Cookies::CookieJar:0x00007fa193736018>",
        "object_id": 70165970137100
      }
    },
    {
      "id": 13547,
      "event": "call",
      "thread_id": 70165874327560,
      "defined_class": "ActionDispatch::Cookies::CookieJar",
      "method_id": "update",
      "path": "/Users/kgilpin/.rbenv/versions/2.6.6/lib/ruby/gems/2.6.0/gems/actionpack-6.0.3.4/lib/action_dispatch/middleware/cookies.rb",
      "lineno": 333,
      "static": false,
      "parameters": [
        {
          "name": "other_hash",
          "class": "ActiveSupport::HashWithIndifferentAccess",
          "object_id": 70165946954100,
          "value": "{}",
          "kind": "req"
        }
      ],
      "receiver": {
        "class": "ActionDispatch::Cookies::CookieJar",
        "object_id": 70165970137100,
        "value": "#<ActionDispatch::Cookies::CookieJar:0x00007fa193736018>"
      }
    },
    {
      "id": 13548,
      "event": "return",
      "thread_id": 70165874327560,
      "parent_id": 13547,
      "elapsed": 0.000007,
      "return_value": {
        "class": "ActionDispatch::Cookies::CookieJar",
        "value": "#<ActionDispatch::Cookies::CookieJar:0x00007fa193736018>",
        "object_id": 70165970137100
      }
    },
    {
      "id": 13549,
      "event": "call",
      "thread_id": 70165874327560,
      "defined_class": "ActionDispatch::Cookies::CookieJar",
      "method_id": "update",
      "path": "/Users/kgilpin/.rbenv/versions/2.6.6/lib/ruby/gems/2.6.0/gems/actionpack-6.0.3.4/lib/action_dispatch/middleware/cookies.rb",
      "lineno": 333,
      "static": false,
      "parameters": [
        {
          "name": "other_hash",
          "class": "ActiveSupport::HashWithIndifferentAccess",
          "object_id": 70165946954100,
          "value": "{}",
          "kind": "req"
        }
      ],
      "receiver": {
        "class": "ActionDispatch::Cookies::CookieJar",
        "object_id": 70165970133220,
        "value": "#<ActionDispatch::Cookies::CookieJar:0x00007fa1937341c8>"
      }
    },
    {
      "id": 13550,
      "event": "return",
      "thread_id": 70165874327560,
      "parent_id": 13549,
      "elapsed": 0.000007,
      "return_value": {
        "class": "ActionDispatch::Cookies::CookieJar",
        "value": "#<ActionDispatch::Cookies::CookieJar:0x00007fa1937341c8>",
        "object_id": 70165970133220
      }
    },
    {
      "id": 13551,
      "event": "call",
      "thread_id": 70165874327560,
      "defined_class": "ActiveRecord::LogSubscriber",
      "method_id": "reset_runtime",
      "path": "/Users/kgilpin/.rbenv/versions/2.6.6/lib/ruby/gems/2.6.0/gems/activerecord-6.0.3.4/lib/active_record/log_subscriber.rb",
      "lineno": 17,
      "static": true,
      "parameters": [],
      "receiver": {
        "class": "Class",
        "object_id": 70165954743940,
        "value": "ActiveRecord::LogSubscriber"
      }
    },
    {
      "id": 13552,
      "event": "return",
      "thread_id": 70165874327560,
      "parent_id": 13551,
      "elapsed": 0.000015,
      "return_value": {
        "class": "Float",
        "value": "0.994000060018152",
        "object_id": -36461138258427900
      }
    },
    {
      "id": 13553,
      "event": "call",
      "thread_id": 70165874327560,
      "http_server_request": {
        "request_method": "GET",
        "path_info": "/admin/users/1",
        "normalized_path_info": "/admin/users/:id(.:format)"
      },
      "message": [
        {
          "name": "id",
          "class": "String",
          "value": "1",
          "object_id": 70165970145140
        },
        {
          "name": "controller",
          "class": "String",
          "value": "spree/admin/users",
          "object_id": 70165956485240
        },
        {
          "name": "action",
          "class": "String",
          "value": "show",
          "object_id": 70165970137140
        }
      ]
    },
    {
      "id": 13554,
      "event": "call",
      "thread_id": 70165874327560,
      "defined_class": "Spree::Core::ControllerHelpers::Auth",
      "method_id": "set_guest_token",
      "path": "/Users/kgilpin/source/land-of-apps/solidus/core/lib/spree/core/controller_helpers/auth.rb",
      "lineno": 56,
      "static": false,
      "parameters": [],
      "receiver": {
        "class": "Spree::Admin::UsersController",
        "object_id": 70165946954340,
        "value": "#<Spree::Admin::UsersController:0x00007fa190afe4c8>"
      }
    },
    {
      "id": 13555,
      "event": "call",
      "thread_id": 70165874327560,
      "defined_class": "ActionDispatch::Cookies::CookieJar",
      "method_id": "update",
      "path": "/Users/kgilpin/.rbenv/versions/2.6.6/lib/ruby/gems/2.6.0/gems/actionpack-6.0.3.4/lib/action_dispatch/middleware/cookies.rb",
      "lineno": 333,
      "static": false,
      "parameters": [
        {
          "name": "other_hash",
          "class": "Hash",
          "object_id": 70165970165480,
          "value": "{}",
          "kind": "req"
        }
      ],
      "receiver": {
        "class": "ActionDispatch::Cookies::CookieJar",
        "object_id": 70165970165380,
        "value": "#<ActionDispatch::Cookies::CookieJar:0x00007fa193743d08>"
      }
    },
    {
      "id": 13556,
      "event": "return",
      "thread_id": 70165874327560,
      "parent_id": 13555,
      "elapsed": 0.000006,
      "return_value": {
        "class": "ActionDispatch::Cookies::CookieJar",
        "value": "#<ActionDispatch::Cookies::CookieJar:0x00007fa193743d08>",
        "object_id": 70165970165380
      }
    },
    {
      "id": 13557,
      "event": "call",
      "thread_id": 70165874327560,
      "defined_class": "Spree::Preferences::Preferable",
      "method_id": "get_preference",
      "path": "/Users/kgilpin/source/land-of-apps/solidus/core/lib/spree/preferences/preferable.rb",
      "lineno": 66,
      "static": false,
      "parameters": [
        {
          "name": "name",
          "class": "Symbol",
          "object_id": 8554908,
          "value": "guest_token_cookie_options",
          "kind": "req"
        }
      ],
      "receiver": {
        "class": "Spree::AppConfiguration",
        "object_id": 70165880790920,
        "value": "#<Spree::AppConfiguration:0x00007fa188ccbf10>"
      }
    },
    {
      "id": 13558,
      "event": "call",
      "thread_id": 70165874327560,
      "defined_class": "Spree::Preferences::Preferable",
      "method_id": "has_preference!",
      "path": "/Users/kgilpin/source/land-of-apps/solidus/core/lib/spree/preferences/preferable.rb",
      "lineno": 96,
      "static": false,
      "parameters": [
        {
          "name": "name",
          "class": "Symbol",
          "object_id": 8554908,
          "value": "guest_token_cookie_options",
          "kind": "req"
        }
      ],
      "receiver": {
        "class": "Spree::AppConfiguration",
        "object_id": 70165880790920,
        "value": "#<Spree::AppConfiguration:0x00007fa188ccbf10>"
      }
    },
    {
      "id": 13559,
      "event": "call",
      "thread_id": 70165874327560,
      "defined_class": "Spree::Preferences::Preferable",
      "method_id": "has_preference?",
      "path": "/Users/kgilpin/source/land-of-apps/solidus/core/lib/spree/preferences/preferable.rb",
      "lineno": 102,
      "static": false,
      "parameters": [
        {
          "name": "name",
          "class": "Symbol",
          "object_id": 8554908,
          "value": "guest_token_cookie_options",
          "kind": "req"
        }
      ],
      "receiver": {
        "class": "Spree::AppConfiguration",
        "object_id": 70165880790920,
        "value": "#<Spree::AppConfiguration:0x00007fa188ccbf10>"
      }
    },
    {
      "id": 13560,
      "event": "call",
      "thread_id": 70165874327560,
      "defined_class": "Spree::Preferences::Preferable",
      "method_id": "defined_preferences",
      "path": "/Users/kgilpin/source/land-of-apps/solidus/core/lib/spree/preferences/preferable.rb",
      "lineno": 107,
      "static": false,
      "parameters": [],
      "receiver": {
        "class": "Spree::AppConfiguration",
        "object_id": 70165880790920,
        "value": "#<Spree::AppConfiguration:0x00007fa188ccbf10>"
      }
    },
    {
      "id": 13561,
      "event": "call",
      "thread_id": 70165874327560,
      "defined_class": "Spree::Preferences::PreferableClassMethods",
      "method_id": "defined_preferences",
      "path": "/Users/kgilpin/source/land-of-apps/solidus/core/lib/spree/preferences/preferable_class_methods.rb",
      "lineno": 17,
      "static": true,
      "parameters": [],
      "receiver": {
        "class": "Class",
        "object_id": 70165955190500,
        "value": "Spree::AppConfiguration"
      }
    },
    {
      "id": 13562,
      "event": "return",
      "thread_id": 70165874327560,
      "parent_id": 13561,
      "elapsed": 0.000004,
      "return_value": {
        "class": "Array",
        "value": "[]",
        "object_id": 70165970200900
      }
    },
    {
      "id": 13563,
      "event": "return",
      "thread_id": 70165874327560,
      "parent_id": 13560,
      "elapsed": 0.000066,
      "return_value": {
        "class": "Array",
        "value": "[:address_requires_state, :admin_interface_logo, :admin_products_per_page, :admin_variants_per_page,",
        "object_id": 70165970200520
      }
    },
    {
      "id": 13564,
      "event": "return",
      "thread_id": 70165874327560,
      "parent_id": 13559,
      "elapsed": 0.000155,
      "return_value": {
        "class": "TrueClass",
        "value": "true",
        "object_id": 20
      }
    },
    {
      "id": 13565,
      "event": "return",
      "thread_id": 70165874327560,
      "parent_id": 13558,
      "elapsed": 0.00021
    },
    {
      "id": 13566,
      "event": "call",
      "thread_id": 70165874327560,
      "defined_class": "Spree::Preferences::PreferableClassMethods",
      "method_id": "preference_getter_method",
      "path": "/Users/kgilpin/source/land-of-apps/solidus/core/lib/spree/preferences/preferable_class_methods.rb",
      "lineno": 70,
      "static": true,
      "parameters": [
        {
          "name": "name",
          "class": "Symbol",
          "object_id": 8554908,
          "value": "guest_token_cookie_options",
          "kind": "req"
        }
      ],
      "receiver": {
        "class": "Class",
        "object_id": 70165955190500,
        "value": "Spree::AppConfiguration"
      }
    },
    {
      "id": 13567,
      "event": "return",
      "thread_id": 70165874327560,
      "parent_id": 13566,
      "elapsed": 0.000005,
      "return_value": {
        "class": "Symbol",
        "value": "preferred_guest_token_cookie_options",
        "object_id": 70165955244980
      }
    },
    {
      "id": 13568,
      "event": "call",
      "thread_id": 70165874327560,
      "defined_class": "Spree::AppConfiguration",
      "method_id": "preferred_guest_token_cookie_options",
      "path": "/Users/kgilpin/source/land-of-apps/solidus/core/lib/spree/preferences/preferable_class_methods.rb",
      "lineno": 45,
      "static": false,
      "parameters": [],
      "receiver": {
        "class": "Spree::AppConfiguration",
        "object_id": 70165880790920,
        "value": "#<Spree::AppConfiguration:0x00007fa188ccbf10>"
      }
    },
    {
      "id": 13569,
      "event": "call",
      "thread_id": 70165874327560,
      "defined_class": "Spree::Preferences::Configuration",
      "method_id": "preferences",
      "path": "/Users/kgilpin/source/land-of-apps/solidus/core/lib/spree/preferences/configuration.rb",
      "lineno": 40,
      "static": false,
      "parameters": [],
      "receiver": {
        "class": "Spree::AppConfiguration",
        "object_id": 70165880790920,
        "value": "#<Spree::AppConfiguration:0x00007fa188ccbf10>"
      }
    },
    {
      "id": 13570,
      "event": "return",
      "thread_id": 70165874327560,
      "parent_id": 13569,
      "elapsed": 0.000004,
      "return_value": {
        "class": "Hash",
        "value": "{:address_requires_state=>true, :admin_interface_logo=>\"logo/solidus.svg\", :admin_products_per_page=",
        "object_id": 70165956123620
      }
    },
    {
      "id": 13571,
      "event": "return",
      "thread_id": 70165874327560,
      "parent_id": 13568,
      "elapsed": 0.000153,
      "return_value": {
        "class": "Hash",
        "value": "{}",
        "object_id": 70165955246040
      }
    },
    {
      "id": 13572,
      "event": "return",
      "thread_id": 70165874327560,
      "parent_id": 13557,
      "elapsed": 0.000524,
      "return_value": {
        "class": "Hash",
        "value": "{}",
        "object_id": 70165955246040
      }
    },
    {
      "id": 13573,
      "event": "call",
      "thread_id": 70165874327560,
      "defined_class": "ActionDispatch::Cookies::CookieJar",
      "method_id": "[]=",
      "path": "/Users/kgilpin/.rbenv/versions/2.6.6/lib/ruby/gems/2.6.0/gems/actionpack-6.0.3.4/lib/action_dispatch/middleware/cookies.rb",
      "lineno": 373,
      "static": false,
      "parameters": [
        {
          "name": "name",
          "class": "Symbol",
          "object_id": 8800988,
          "value": "guest_token",
          "kind": "req"
        },
        {
          "name": "options",
          "class": "Hash",
          "object_id": 70165970230300,
          "value": "{:value=>\"BAhJIhstRW9Edkp1d05QQ0huaGFCbGsza0p3BjoGRUY=--005da911d9df4f5e9b419c7fcf705b5dabdbb2d7\", :",
          "kind": "req"
        }
      ],
      "receiver": {
        "class": "ActionDispatch::Cookies::CookieJar",
        "object_id": 70165970165380,
        "value": "#<ActionDispatch::Cookies::CookieJar:0x00007fa193743d08>"
      }
    },
    {
      "id": 13574,
      "event": "return",
      "thread_id": 70165874327560,
      "parent_id": 13573,
      "elapsed": 0.000012,
      "return_value": {
        "class": "String",
        "value": "BAhJIhstRW9Edkp1d05QQ0huaGFCbGsza0p3BjoGRUY=--005da911d9df4f5e9b419c7fcf705b5dabdbb2d7",
        "object_id": 70165970230080
      }
    },
    {
      "id": 13575,
      "event": "return",
      "thread_id": 70165874327560,
      "parent_id": 13554,
      "elapsed": 0.000964,
      "return_value": {
        "class": "Hash",
        "value": "{:value=>\"BAhJIhstRW9Edkp1d05QQ0huaGFCbGsza0p3BjoGRUY=--005da911d9df4f5e9b419c7fcf705b5dabdbb2d7\", :",
        "object_id": 70165970230300
      }
    },
    {
      "id": 13576,
      "event": "call",
      "thread_id": 70165874327560,
      "defined_class": "Spree",
      "method_id": "i18n_available_locales",
      "path": "/Users/kgilpin/source/land-of-apps/solidus/core/lib/spree/i18n.rb",
      "lineno": 8,
      "static": true,
      "parameters": [],
      "receiver": {
        "class": "Module",
        "object_id": 70165903731900,
        "value": "Spree"
      }
    },
    {
      "id": 13577,
      "event": "return",
      "thread_id": 70165874327560,
      "parent_id": 13576,
      "elapsed": 0.000204,
      "return_value": {
        "class": "Array",
        "value": "[:en]",
        "object_id": 70165970224680
      }
    },
    {
      "id": 13578,
      "event": "call",
      "thread_id": 70165874327560,
      "defined_class": "Spree::Preferences::Preferable",
      "method_id": "get_preference",
      "path": "/Users/kgilpin/source/land-of-apps/solidus/core/lib/spree/preferences/preferable.rb",
      "lineno": 66,
      "static": false,
      "parameters": [
        {
          "name": "name",
          "class": "Symbol",
          "object_id": 2696668,
          "value": "locale",
          "kind": "req"
        }
      ],
      "receiver": {
        "class": "Spree::BackendConfiguration",
        "object_id": 70165957348580,
        "value": "#<Spree::BackendConfiguration:0x00007fa191ed19c8>"
      }
    },
    {
      "id": 13579,
      "event": "call",
      "thread_id": 70165874327560,
      "defined_class": "Spree::Preferences::Preferable",
      "method_id": "has_preference!",
      "path": "/Users/kgilpin/source/land-of-apps/solidus/core/lib/spree/preferences/preferable.rb",
      "lineno": 96,
      "static": false,
      "parameters": [
        {
          "name": "name",
          "class": "Symbol",
          "object_id": 2696668,
          "value": "locale",
          "kind": "req"
        }
      ],
      "receiver": {
        "class": "Spree::BackendConfiguration",
        "object_id": 70165957348580,
        "value": "#<Spree::BackendConfiguration:0x00007fa191ed19c8>"
      }
    },
    {
      "id": 13580,
      "event": "call",
      "thread_id": 70165874327560,
      "defined_class": "Spree::Preferences::Preferable",
      "method_id": "has_preference?",
      "path": "/Users/kgilpin/source/land-of-apps/solidus/core/lib/spree/preferences/preferable.rb",
      "lineno": 102,
      "static": false,
      "parameters": [
        {
          "name": "name",
          "class": "Symbol",
          "object_id": 2696668,
          "value": "locale",
          "kind": "req"
        }
      ],
      "receiver": {
        "class": "Spree::BackendConfiguration",
        "object_id": 70165957348580,
        "value": "#<Spree::BackendConfiguration:0x00007fa191ed19c8>"
      }
    },
    {
      "id": 13581,
      "event": "call",
      "thread_id": 70165874327560,
      "defined_class": "Spree::Preferences::Preferable",
      "method_id": "defined_preferences",
      "path": "/Users/kgilpin/source/land-of-apps/solidus/core/lib/spree/preferences/preferable.rb",
      "lineno": 107,
      "static": false,
      "parameters": [],
      "receiver": {
        "class": "Spree::BackendConfiguration",
        "object_id": 70165957348580,
        "value": "#<Spree::BackendConfiguration:0x00007fa191ed19c8>"
      }
    },
    {
      "id": 13582,
      "event": "call",
      "thread_id": 70165874327560,
      "defined_class": "Spree::Preferences::PreferableClassMethods",
      "method_id": "defined_preferences",
      "path": "/Users/kgilpin/source/land-of-apps/solidus/core/lib/spree/preferences/preferable_class_methods.rb",
      "lineno": 17,
      "static": true,
      "parameters": [],
      "receiver": {
        "class": "Class",
        "object_id": 70165956884400,
        "value": "Spree::BackendConfiguration"
      }
    },
    {
      "id": 13583,
      "event": "return",
      "thread_id": 70165874327560,
      "parent_id": 13582,
      "elapsed": 0.000004,
      "return_value": {
        "class": "Array",
        "value": "[]",
        "object_id": 70165970250220
      }
    },
    {
      "id": 13584,
      "event": "return",
      "thread_id": 70165874327560,
      "parent_id": 13581,
      "elapsed": 0.000058,
      "return_value": {
        "class": "Array",
        "value": "[:locale, :unfrozen_preference_store]",
        "object_id": 70165970249860
      }
    },
    {
      "id": 13585,
      "event": "return",
      "thread_id": 70165874327560,
      "parent_id": 13580,
      "elapsed": 0.000113,
      "return_value": {
        "class": "TrueClass",
        "value": "true",
        "object_id": 20
      }
    },
    {
      "id": 13586,
      "event": "return",
      "thread_id": 70165874327560,
      "parent_id": 13579,
      "elapsed": 0.000168
    },
    {
      "id": 13587,
      "event": "call",
      "thread_id": 70165874327560,
      "defined_class": "Spree::Preferences::PreferableClassMethods",
      "method_id": "preference_getter_method",
      "path": "/Users/kgilpin/source/land-of-apps/solidus/core/lib/spree/preferences/preferable_class_methods.rb",
      "lineno": 70,
      "static": true,
      "parameters": [
        {
          "name": "name",
          "class": "Symbol",
          "object_id": 2696668,
          "value": "locale",
          "kind": "req"
        }
      ],
      "receiver": {
        "class": "Class",
        "object_id": 70165956884400,
        "value": "Spree::BackendConfiguration"
      }
    },
    {
      "id": 13588,
      "event": "return",
      "thread_id": 70165874327560,
      "parent_id": 13587,
      "elapsed": 0.000006,
      "return_value": {
        "class": "Symbol",
        "value": "preferred_locale",
        "object_id": 70165956883180
      }
    },
    {
      "id": 13589,
      "event": "call",
      "thread_id": 70165874327560,
      "defined_class": "Spree::BackendConfiguration",
      "method_id": "preferred_locale",
      "path": "/Users/kgilpin/source/land-of-apps/solidus/core/lib/spree/preferences/preferable_class_methods.rb",
      "lineno": 45,
      "static": false,
      "parameters": [],
      "receiver": {
        "class": "Spree::BackendConfiguration",
        "object_id": 70165957348580,
        "value": "#<Spree::BackendConfiguration:0x00007fa191ed19c8>"
      }
    },
    {
      "id": 13590,
      "event": "call",
      "thread_id": 70165874327560,
      "defined_class": "Spree::Preferences::Configuration",
      "method_id": "preferences",
      "path": "/Users/kgilpin/source/land-of-apps/solidus/core/lib/spree/preferences/configuration.rb",
      "lineno": 40,
      "static": false,
      "parameters": [],
      "receiver": {
        "class": "Spree::BackendConfiguration",
        "object_id": 70165957348580,
        "value": "#<Spree::BackendConfiguration:0x00007fa191ed19c8>"
      }
    },
    {
      "id": 13591,
      "event": "return",
      "thread_id": 70165874327560,
      "parent_id": 13590,
      "elapsed": 0.000005,
      "return_value": {
        "class": "Hash",
        "value": "{:locale=>:en, :unfrozen_preference_store=>{:locale=>:en, :unfrozen_preference_store=>nil}}",
        "object_id": 70165946446000
      }
    },
    {
      "id": 13592,
      "event": "return",
      "thread_id": 70165874327560,
      "parent_id": 13589,
      "elapsed": 0.000062,
      "return_value": {
        "class": "Symbol",
        "value": "en",
        "object_id": 2696988
      }
    },
    {
      "id": 13593,
      "event": "return",
      "thread_id": 70165874327560,
      "parent_id": 13578,
      "elapsed": 0.000391,
      "return_value": {
        "class": "Symbol",
        "value": "en",
        "object_id": 2696988
      }
    },
    {
      "id": 13594,
      "event": "call",
      "thread_id": 70165874327560,
      "defined_class": "Carmen",
      "method_id": "i18n_backend",
      "path": "/Users/kgilpin/.rbenv/versions/2.6.6/lib/ruby/gems/2.6.0/gems/carmen-1.1.3/lib/carmen.rb",
      "lineno": 38,
      "static": true,
      "parameters": [],
      "receiver": {
        "class": "Module",
        "object_id": 70165956773220,
        "value": "Carmen"
      }
    },
    {
      "id": 13595,
      "event": "return",
      "thread_id": 70165874327560,
      "parent_id": 13594,
      "elapsed": 0.000005,
      "return_value": {
        "class": "Carmen::I18n::Simple",
        "value": "#<Carmen::I18n::Simple:0x00007fa18bacee80>",
        "object_id": 70165904914240
      }
    },
    {
      "id": 13596,
      "event": "call",
      "thread_id": 70165874327560,
      "defined_class": "Spree::Admin::UsersController",
      "method_id": "model_class",
      "path": "app/controllers/spree/admin/users_controller.rb",
      "lineno": 119,
      "static": false,
      "parameters": [],
      "receiver": {
        "class": "Spree::Admin::UsersController",
        "object_id": 70165946954340,
        "value": "#<Spree::Admin::UsersController:0x00007fa190afe4c8>"
      }
    },
    {
      "id": 13597,
      "event": "call",
      "thread_id": 70165874327560,
      "defined_class": "Spree",
      "method_id": "user_class",
      "path": "/Users/kgilpin/source/land-of-apps/solidus/core/lib/spree/core.rb",
      "lineno": 26,
      "static": true,
      "parameters": [],
      "receiver": {
        "class": "Module",
        "object_id": 70165903731900,
        "value": "Spree"
      }
    },
    {
      "id": 13598,
      "event": "return",
      "thread_id": 70165874327560,
      "parent_id": 13597,
      "elapsed": 0.000011,
      "return_value": {
        "class": "Class",
        "value": "Spree::LegacyUser",
        "object_id": 70165967717820
      }
    },
    {
      "id": 13599,
      "event": "return",
      "thread_id": 70165874327560,
      "parent_id": 13596,
      "elapsed": 0.000069,
      "return_value": {
        "class": "Class",
        "value": "Spree::LegacyUser",
        "object_id": 70165967717820
      }
    },
    {
      "id": 13600,
      "event": "call",
      "thread_id": 70165874327560,
      "defined_class": "Spree::Admin::UsersController",
      "method_id": "model_class",
      "path": "app/controllers/spree/admin/users_controller.rb",
      "lineno": 119,
      "static": false,
      "parameters": [],
      "receiver": {
        "class": "Spree::Admin::UsersController",
        "object_id": 70165946954340,
        "value": "#<Spree::Admin::UsersController:0x00007fa190afe4c8>"
      }
    },
    {
      "id": 13601,
      "event": "call",
      "thread_id": 70165874327560,
      "defined_class": "Spree",
      "method_id": "user_class",
      "path": "/Users/kgilpin/source/land-of-apps/solidus/core/lib/spree/core.rb",
      "lineno": 26,
      "static": true,
      "parameters": [],
      "receiver": {
        "class": "Module",
        "object_id": 70165903731900,
        "value": "Spree"
      }
    },
    {
      "id": 13602,
      "event": "return",
      "thread_id": 70165874327560,
      "parent_id": 13601,
      "elapsed": 0.000008,
      "return_value": {
        "class": "Class",
        "value": "Spree::LegacyUser",
        "object_id": 70165967717820
      }
    },
    {
      "id": 13603,
      "event": "return",
      "thread_id": 70165874327560,
      "parent_id": 13600,
      "elapsed": 0.000059,
      "return_value": {
        "class": "Class",
        "value": "Spree::LegacyUser",
        "object_id": 70165967717820
      }
    },
    {
      "id": 13604,
      "event": "call",
      "thread_id": 70165874327560,
      "defined_class": "CanCan::ControllerAdditions",
      "method_id": "authorize!",
      "path": "/Users/kgilpin/.rbenv/versions/2.6.6/lib/ruby/gems/2.6.0/gems/cancancan-3.1.0/lib/cancan/controller_additions.rb",
      "lineno": 337,
      "static": false,
      "parameters": [
        {
          "name": "args",
          "class": "Array",
          "object_id": 70165970274640,
          "value": "[:admin, Spree::LegacyUser(id: integer, crypted_password: string, salt: string, email: string, remem",
          "kind": "rest"
        }
      ],
      "receiver": {
        "class": "Spree::Admin::UsersController",
        "object_id": 70165946954340,
        "value": "#<Spree::Admin::UsersController:0x00007fa190afe4c8>"
      }
    },
    {
      "id": 13605,
      "event": "call",
      "thread_id": 70165874327560,
      "defined_class": "CanCan::Ability",
      "method_id": "authorize!",
      "path": "/Users/kgilpin/.rbenv/versions/2.6.6/lib/ruby/gems/2.6.0/gems/cancancan-3.1.0/lib/cancan/ability.rb",
      "lineno": 176,
      "static": false,
      "parameters": [
        {
          "name": "action",
          "class": "Symbol",
          "object_id": 8584668,
          "value": "admin",
          "kind": "req"
        },
        {
          "name": "subject",
          "class": "Class",
          "object_id": 70165967717820,
          "value": "Spree::LegacyUser",
          "kind": "req"
        },
        {
          "name": "args",
          "class": "Array",
          "object_id": 70165970312940,
          "value": "[]",
          "kind": "rest"
        }
      ],
      "receiver": {
        "class": "Object",
        "object_id": 70165946971140,
        "value": "#<#<Class:0x00007fa191ebbdd0>:0x00007fa190b06808>"
      }
    },
    {
      "id": 13606,
      "event": "call",
      "thread_id": 70165874327560,
      "defined_class": "CanCan::Ability",
      "method_id": "cannot?",
      "path": "/Users/kgilpin/.rbenv/versions/2.6.6/lib/ruby/gems/2.6.0/gems/cancancan-3.1.0/lib/cancan/ability.rb",
      "lineno": 87,
      "static": false,
      "parameters": [
        {
          "name": "args",
          "class": "Array",
          "object_id": 70165970311540,
          "value": "[:admin, Spree::LegacyUser(id: integer, crypted_password: string, salt: string, email: string, remem",
          "kind": "rest"
        }
      ],
      "receiver": {
        "class": "Object",
        "object_id": 70165946971140,
        "value": "#<#<Class:0x00007fa191ebbdd0>:0x00007fa190b06808>"
      }
    },
    {
      "id": 13607,
      "event": "call",
      "thread_id": 70165874327560,
      "defined_class": "CanCan::Ability",
      "method_id": "can?",
      "path": "/Users/kgilpin/.rbenv/versions/2.6.6/lib/ruby/gems/2.6.0/gems/cancancan-3.1.0/lib/cancan/ability.rb",
      "lineno": 74,
      "static": false,
      "parameters": [
        {
          "name": "action",
          "class": "Symbol",
          "object_id": 8584668,
          "value": "admin",
          "kind": "req"
        },
        {
          "name": "subject",
          "class": "Class",
          "object_id": 70165967717820,
          "value": "Spree::LegacyUser",
          "kind": "req"
        },
        {
          "name": "attribute",
          "class": "NilClass",
          "object_id": 8,
          "value": null,
          "kind": "opt"
        },
        {
          "name": "extra_args",
          "class": "NilClass",
          "object_id": 8,
          "value": null,
          "kind": "rest"
        }
      ],
      "receiver": {
        "class": "Object",
        "object_id": 70165946971140,
        "value": "#<#<Class:0x00007fa191ebbdd0>:0x00007fa190b06808>"
      }
    },
    {
      "id": 13608,
      "event": "call",
      "thread_id": 70165874327560,
      "defined_class": "CanCan::Ability::Actions",
      "method_id": "aliased_actions",
      "path": "/Users/kgilpin/.rbenv/versions/2.6.6/lib/ruby/gems/2.6.0/gems/cancancan-3.1.0/lib/cancan/ability/actions.rb",
      "lineno": 43,
      "static": false,
      "parameters": [],
      "receiver": {
        "class": "Object",
        "object_id": 70165946971140,
        "value": "#<#<Class:0x00007fa191ebbdd0>:0x00007fa190b06808>"
      }
    },
    {
      "id": 13609,
      "event": "return",
      "thread_id": 70165874327560,
      "parent_id": 13608,
      "elapsed": 0.00001,
      "return_value": {
        "class": "Hash",
        "value": "{:read=>[:index, :show], :create=>[:new], :update=>[:edit]}",
        "object_id": 70165970321540
      }
    },
    {
      "id": 13610,
      "event": "call",
      "thread_id": 70165874327560,
      "defined_class": "CanCan::Ability::Actions",
      "method_id": "aliased_actions",
      "path": "/Users/kgilpin/.rbenv/versions/2.6.6/lib/ruby/gems/2.6.0/gems/cancancan-3.1.0/lib/cancan/ability/actions.rb",
      "lineno": 43,
      "static": false,
      "parameters": [],
      "receiver": {
        "class": "Object",
        "object_id": 70165946971140,
        "value": "#<#<Class:0x00007fa191ebbdd0>:0x00007fa190b06808>"
      }
    },
    {
      "id": 13611,
      "event": "return",
      "thread_id": 70165874327560,
      "parent_id": 13610,
      "elapsed": 0.00001,
      "return_value": {
        "class": "Hash",
        "value": "{:read=>[:index, :show], :create=>[:new], :update=>[:edit]}",
        "object_id": 70165970321540
      }
    },
    {
      "id": 13612,
      "event": "call",
      "thread_id": 70165874327560,
      "defined_class": "CanCan::Relevant",
      "method_id": "relevant?",
      "path": "/Users/kgilpin/.rbenv/versions/2.6.6/lib/ruby/gems/2.6.0/gems/cancancan-3.1.0/lib/cancan/relevant.rb",
      "lineno": 6,
      "static": false,
      "parameters": [
        {
          "name": "action",
          "class": "Symbol",
          "object_id": 8584668,
          "value": "admin",
          "kind": "req"
        },
        {
          "name": "subject",
          "class": "Class",
          "object_id": 70165967717820,
          "value": "Spree::LegacyUser",
          "kind": "req"
        }
      ],
      "receiver": {
        "class": "CanCan::Rule",
        "object_id": 70165946966340,
        "value": "#<CanCan::Rule:0x00007fa190b04288>"
      }
    },
    {
      "id": 13613,
      "event": "return",
      "thread_id": 70165874327560,
      "parent_id": 13612,
      "elapsed": 0.000011,
      "return_value": {
        "class": "TrueClass",
        "value": "true",
        "object_id": 20
      }
    },
    {
      "id": 13614,
      "event": "call",
      "thread_id": 70165874327560,
      "defined_class": "CanCan::Relevant",
      "method_id": "relevant?",
      "path": "/Users/kgilpin/.rbenv/versions/2.6.6/lib/ruby/gems/2.6.0/gems/cancancan-3.1.0/lib/cancan/relevant.rb",
      "lineno": 6,
      "static": false,
      "parameters": [
        {
          "name": "action",
          "class": "Symbol",
          "object_id": 8584668,
          "value": "admin",
          "kind": "req"
        },
        {
          "name": "subject",
          "class": "Class",
          "object_id": 70165967717820,
          "value": "Spree::LegacyUser",
          "kind": "req"
        }
      ],
      "receiver": {
        "class": "CanCan::Rule",
        "object_id": 70165946966340,
        "value": "#<CanCan::Rule:0x00007fa190b04288>"
      }
    },
    {
      "id": 13615,
      "event": "return",
      "thread_id": 70165874327560,
      "parent_id": 13614,
      "elapsed": 0.000006,
      "return_value": {
        "class": "TrueClass",
        "value": "true",
        "object_id": 20
      }
    },
    {
      "id": 13616,
      "event": "call",
      "thread_id": 70165874327560,
      "defined_class": "CanCan::Rule",
      "method_id": "only_raw_sql?",
      "path": "/Users/kgilpin/.rbenv/versions/2.6.6/lib/ruby/gems/2.6.0/gems/cancancan-3.1.0/lib/cancan/rule.rb",
      "lineno": 67,
      "static": false,
      "parameters": [],
      "receiver": {
        "class": "CanCan::Rule",
        "object_id": 70165946966340,
        "value": "#<CanCan::Rule:0x00007fa190b04288>"
      }
    },
    {
      "id": 13617,
      "event": "return",
      "thread_id": 70165874327560,
      "parent_id": 13616,
      "elapsed": 0.000006
    },
    {
      "id": 13618,
      "event": "call",
      "thread_id": 70165874327560,
      "defined_class": "CanCan::ConditionsMatcher",
      "method_id": "matches_conditions?",
      "path": "/Users/kgilpin/.rbenv/versions/2.6.6/lib/ruby/gems/2.6.0/gems/cancancan-3.1.0/lib/cancan/conditions_matcher.rb",
      "lineno": 6,
      "static": false,
      "parameters": [
        {
          "name": "action",
          "class": "Symbol",
          "object_id": 8584668,
          "value": "admin",
          "kind": "req"
        },
        {
          "name": "subject",
          "class": "Class",
          "object_id": 70165967717820,
          "value": "Spree::LegacyUser",
          "kind": "req"
        },
        {
          "name": "attribute",
          "class": "NilClass",
          "object_id": 8,
          "value": null,
          "kind": "opt"
        },
        {
          "name": "extra_args",
          "class": "Array",
          "object_id": 70165970359460,
          "value": "[]",
          "kind": "rest"
        }
      ],
      "receiver": {
        "class": "CanCan::Rule",
        "object_id": 70165946966340,
        "value": "#<CanCan::Rule:0x00007fa190b04288>"
      }
    },
    {
      "id": 13619,
      "event": "return",
      "thread_id": 70165874327560,
      "parent_id": 13618,
      "elapsed": 0.000008,
      "return_value": {
        "class": "TrueClass",
        "value": "true",
        "object_id": 20
      }
    },
    {
      "id": 13620,
      "event": "call",
      "thread_id": 70165874327560,
      "defined_class": "CanCan::Rule",
      "method_id": "matches_attributes?",
      "path": "/Users/kgilpin/.rbenv/versions/2.6.6/lib/ruby/gems/2.6.0/gems/cancancan-3.1.0/lib/cancan/rule.rb",
      "lineno": 95,
      "static": false,
      "parameters": [
        {
          "name": "attribute",
          "class": "NilClass",
          "object_id": 8,
          "value": null,
          "kind": "req"
        }
      ],
      "receiver": {
        "class": "CanCan::Rule",
        "object_id": 70165946966340,
        "value": "#<CanCan::Rule:0x00007fa190b04288>"
      }
    },
    {
      "id": 13621,
      "event": "return",
      "thread_id": 70165874327560,
      "parent_id": 13620,
      "elapsed": 0.000005,
      "return_value": {
        "class": "TrueClass",
        "value": "true",
        "object_id": 20
      }
    },
    {
      "id": 13622,
      "event": "return",
      "thread_id": 70165874327560,
      "parent_id": 13607,
      "elapsed": 0.003631,
      "return_value": {
        "class": "TrueClass",
        "value": "true",
        "object_id": 20
      }
    },
    {
      "id": 13623,
      "event": "return",
      "thread_id": 70165874327560,
      "parent_id": 13606,
      "elapsed": 0.00527
    },
    {
      "id": 13624,
      "event": "return",
      "thread_id": 70165874327560,
      "parent_id": 13605,
      "elapsed": 0.007599,
      "return_value": {
        "class": "Class",
        "value": "Spree::LegacyUser",
        "object_id": 70165967717820
      }
    },
    {
      "id": 13625,
      "event": "return",
      "thread_id": 70165874327560,
      "parent_id": 13604,
      "elapsed": 0.010786,
      "return_value": {
        "class": "Class",
        "value": "Spree::LegacyUser",
        "object_id": 70165967717820
      }
    },
    {
      "id": 13626,
      "event": "call",
      "thread_id": 70165874327560,
      "defined_class": "CanCan::ControllerAdditions",
      "method_id": "authorize!",
      "path": "/Users/kgilpin/.rbenv/versions/2.6.6/lib/ruby/gems/2.6.0/gems/cancancan-3.1.0/lib/cancan/controller_additions.rb",
      "lineno": 337,
      "static": false,
      "parameters": [
        {
          "name": "args",
          "class": "Array",
          "object_id": 70165970355080,
          "value": "[:show, Spree::LegacyUser(id: integer, crypted_password: string, salt: string, email: string, rememb",
          "kind": "rest"
        }
      ],
      "receiver": {
        "class": "Spree::Admin::UsersController",
        "object_id": 70165946954340,
        "value": "#<Spree::Admin::UsersController:0x00007fa190afe4c8>"
      }
    },
    {
      "id": 13627,
      "event": "call",
      "thread_id": 70165874327560,
      "defined_class": "CanCan::Ability",
      "method_id": "authorize!",
      "path": "/Users/kgilpin/.rbenv/versions/2.6.6/lib/ruby/gems/2.6.0/gems/cancancan-3.1.0/lib/cancan/ability.rb",
      "lineno": 176,
      "static": false,
      "parameters": [
        {
          "name": "action",
          "class": "Symbol",
          "object_id": 1645788,
          "value": "show",
          "kind": "req"
        },
        {
          "name": "subject",
          "class": "Class",
          "object_id": 70165967717820,
          "value": "Spree::LegacyUser",
          "kind": "req"
        },
        {
          "name": "args",
          "class": "Array",
          "object_id": 70165970408160,
          "value": "[]",
          "kind": "rest"
        }
      ],
      "receiver": {
        "class": "Object",
        "object_id": 70165946971140,
        "value": "#<#<Class:0x00007fa191ebbdd0>:0x00007fa190b06808>"
      }
    },
    {
      "id": 13628,
      "event": "call",
      "thread_id": 70165874327560,
      "defined_class": "CanCan::Ability",
      "method_id": "cannot?",
      "path": "/Users/kgilpin/.rbenv/versions/2.6.6/lib/ruby/gems/2.6.0/gems/cancancan-3.1.0/lib/cancan/ability.rb",
      "lineno": 87,
      "static": false,
      "parameters": [
        {
          "name": "args",
          "class": "Array",
          "object_id": 70165970406820,
          "value": "[:show, Spree::LegacyUser(id: integer, crypted_password: string, salt: string, email: string, rememb",
          "kind": "rest"
        }
      ],
      "receiver": {
        "class": "Object",
        "object_id": 70165946971140,
        "value": "#<#<Class:0x00007fa191ebbdd0>:0x00007fa190b06808>"
      }
    },
    {
      "id": 13629,
      "event": "call",
      "thread_id": 70165874327560,
      "defined_class": "CanCan::Ability",
      "method_id": "can?",
      "path": "/Users/kgilpin/.rbenv/versions/2.6.6/lib/ruby/gems/2.6.0/gems/cancancan-3.1.0/lib/cancan/ability.rb",
      "lineno": 74,
      "static": false,
      "parameters": [
        {
          "name": "action",
          "class": "Symbol",
          "object_id": 1645788,
          "value": "show",
          "kind": "req"
        },
        {
          "name": "subject",
          "class": "Class",
          "object_id": 70165967717820,
          "value": "Spree::LegacyUser",
          "kind": "req"
        },
        {
          "name": "attribute",
          "class": "NilClass",
          "object_id": 8,
          "value": null,
          "kind": "opt"
        },
        {
          "name": "extra_args",
          "class": "NilClass",
          "object_id": 8,
          "value": null,
          "kind": "rest"
        }
      ],
      "receiver": {
        "class": "Object",
        "object_id": 70165946971140,
        "value": "#<#<Class:0x00007fa191ebbdd0>:0x00007fa190b06808>"
      }
    },
    {
      "id": 13630,
      "event": "call",
      "thread_id": 70165874327560,
      "defined_class": "CanCan::Relevant",
      "method_id": "relevant?",
      "path": "/Users/kgilpin/.rbenv/versions/2.6.6/lib/ruby/gems/2.6.0/gems/cancancan-3.1.0/lib/cancan/relevant.rb",
      "lineno": 6,
      "static": false,
      "parameters": [
        {
          "name": "action",
          "class": "Symbol",
          "object_id": 1645788,
          "value": "show",
          "kind": "req"
        },
        {
          "name": "subject",
          "class": "Class",
          "object_id": 70165967717820,
          "value": "Spree::LegacyUser",
          "kind": "req"
        }
      ],
      "receiver": {
        "class": "CanCan::Rule",
        "object_id": 70165946966340,
        "value": "#<CanCan::Rule:0x00007fa190b04288>"
      }
    },
    {
      "id": 13631,
      "event": "return",
      "thread_id": 70165874327560,
      "parent_id": 13630,
      "elapsed": 0.000008,
      "return_value": {
        "class": "TrueClass",
        "value": "true",
        "object_id": 20
      }
    },
    {
      "id": 13632,
      "event": "call",
      "thread_id": 70165874327560,
      "defined_class": "CanCan::Relevant",
      "method_id": "relevant?",
      "path": "/Users/kgilpin/.rbenv/versions/2.6.6/lib/ruby/gems/2.6.0/gems/cancancan-3.1.0/lib/cancan/relevant.rb",
      "lineno": 6,
      "static": false,
      "parameters": [
        {
          "name": "action",
          "class": "Symbol",
          "object_id": 1645788,
          "value": "show",
          "kind": "req"
        },
        {
          "name": "subject",
          "class": "Class",
          "object_id": 70165967717820,
          "value": "Spree::LegacyUser",
          "kind": "req"
        }
      ],
      "receiver": {
        "class": "CanCan::Rule",
        "object_id": 70165946966340,
        "value": "#<CanCan::Rule:0x00007fa190b04288>"
      }
    },
    {
      "id": 13633,
      "event": "return",
      "thread_id": 70165874327560,
      "parent_id": 13632,
      "elapsed": 0.000006,
      "return_value": {
        "class": "TrueClass",
        "value": "true",
        "object_id": 20
      }
    },
    {
      "id": 13634,
      "event": "call",
      "thread_id": 70165874327560,
      "defined_class": "CanCan::Rule",
      "method_id": "only_raw_sql?",
      "path": "/Users/kgilpin/.rbenv/versions/2.6.6/lib/ruby/gems/2.6.0/gems/cancancan-3.1.0/lib/cancan/rule.rb",
      "lineno": 67,
      "static": false,
      "parameters": [],
      "receiver": {
        "class": "CanCan::Rule",
        "object_id": 70165946966340,
        "value": "#<CanCan::Rule:0x00007fa190b04288>"
      }
    },
    {
      "id": 13635,
      "event": "return",
      "thread_id": 70165874327560,
      "parent_id": 13634,
      "elapsed": 0.000006
    },
    {
      "id": 13636,
      "event": "call",
      "thread_id": 70165874327560,
      "defined_class": "CanCan::ConditionsMatcher",
      "method_id": "matches_conditions?",
      "path": "/Users/kgilpin/.rbenv/versions/2.6.6/lib/ruby/gems/2.6.0/gems/cancancan-3.1.0/lib/cancan/conditions_matcher.rb",
      "lineno": 6,
      "static": false,
      "parameters": [
        {
          "name": "action",
          "class": "Symbol",
          "object_id": 1645788,
          "value": "show",
          "kind": "req"
        },
        {
          "name": "subject",
          "class": "Class",
          "object_id": 70165967717820,
          "value": "Spree::LegacyUser",
          "kind": "req"
        },
        {
          "name": "attribute",
          "class": "NilClass",
          "object_id": 8,
          "value": null,
          "kind": "opt"
        },
        {
          "name": "extra_args",
          "class": "Array",
          "object_id": 70165970431440,
          "value": "[]",
          "kind": "rest"
        }
      ],
      "receiver": {
        "class": "CanCan::Rule",
        "object_id": 70165946966340,
        "value": "#<CanCan::Rule:0x00007fa190b04288>"
      }
    },
    {
      "id": 13637,
      "event": "return",
      "thread_id": 70165874327560,
      "parent_id": 13636,
      "elapsed": 0.000005,
      "return_value": {
        "class": "TrueClass",
        "value": "true",
        "object_id": 20
      }
    },
    {
      "id": 13638,
      "event": "call",
      "thread_id": 70165874327560,
      "defined_class": "CanCan::Rule",
      "method_id": "matches_attributes?",
      "path": "/Users/kgilpin/.rbenv/versions/2.6.6/lib/ruby/gems/2.6.0/gems/cancancan-3.1.0/lib/cancan/rule.rb",
      "lineno": 95,
      "static": false,
      "parameters": [
        {
          "name": "attribute",
          "class": "NilClass",
          "object_id": 8,
          "value": null,
          "kind": "req"
        }
      ],
      "receiver": {
        "class": "CanCan::Rule",
        "object_id": 70165946966340,
        "value": "#<CanCan::Rule:0x00007fa190b04288>"
      }
    },
    {
      "id": 13639,
      "event": "return",
      "thread_id": 70165874327560,
      "parent_id": 13638,
      "elapsed": 0.000004,
      "return_value": {
        "class": "TrueClass",
        "value": "true",
        "object_id": 20
      }
    },
    {
      "id": 13640,
      "event": "return",
      "thread_id": 70165874327560,
      "parent_id": 13629,
      "elapsed": 0.000444,
      "return_value": {
        "class": "TrueClass",
        "value": "true",
        "object_id": 20
      }
    },
    {
      "id": 13641,
      "event": "return",
      "thread_id": 70165874327560,
      "parent_id": 13628,
      "elapsed": 0.001923
    },
    {
      "id": 13642,
      "event": "return",
      "thread_id": 70165874327560,
      "parent_id": 13627,
      "elapsed": 0.003545,
      "return_value": {
        "class": "Class",
        "value": "Spree::LegacyUser",
        "object_id": 70165967717820
      }
    },
    {
      "id": 13643,
      "event": "return",
      "thread_id": 70165874327560,
      "parent_id": 13626,
      "elapsed": 0.005239,
      "return_value": {
        "class": "Class",
        "value": "Spree::LegacyUser",
        "object_id": 70165967717820
      }
    },
    {
      "id": 13644,
      "event": "call",
      "thread_id": 70165874327560,
      "defined_class": "Spree::Admin::UsersController",
      "method_id": "model_class",
      "path": "app/controllers/spree/admin/users_controller.rb",
      "lineno": 119,
      "static": false,
      "parameters": [],
      "receiver": {
        "class": "Spree::Admin::UsersController",
        "object_id": 70165946954340,
        "value": "#<Spree::Admin::UsersController:0x00007fa190afe4c8>"
      }
    },
    {
      "id": 13645,
      "event": "call",
      "thread_id": 70165874327560,
      "defined_class": "Spree",
      "method_id": "user_class",
      "path": "/Users/kgilpin/source/land-of-apps/solidus/core/lib/spree/core.rb",
      "lineno": 26,
      "static": true,
      "parameters": [],
      "receiver": {
        "class": "Module",
        "object_id": 70165903731900,
        "value": "Spree"
      }
    },
    {
      "id": 13646,
      "event": "return",
      "thread_id": 70165874327560,
      "parent_id": 13645,
      "elapsed": 0.000012,
      "return_value": {
        "class": "Class",
        "value": "Spree::LegacyUser",
        "object_id": 70165967717820
      }
    },
    {
      "id": 13647,
      "event": "return",
      "thread_id": 70165874327560,
      "parent_id": 13644,
      "elapsed": 0.00007,
      "return_value": {
        "class": "Class",
        "value": "Spree::LegacyUser",
        "object_id": 70165967717820
      }
    },
    {
      "id": 13648,
      "event": "call",
      "thread_id": 70165874327560,
      "defined_class": "ActiveRecord::Core::ClassMethods",
      "method_id": "find",
      "path": "/Users/kgilpin/.rbenv/versions/2.6.6/lib/ruby/gems/2.6.0/gems/activerecord-6.0.3.4/lib/active_record/core.rb",
      "lineno": 157,
      "static": true,
      "parameters": [
        {
          "name": "ids",
          "class": "Array",
          "object_id": 70165970448520,
          "value": "[\"1\"]",
          "kind": "rest"
        }
      ],
      "receiver": {
        "class": "Class",
        "object_id": 70165967717820,
        "value": "Spree::LegacyUser"
      }
    },
    {
      "id": 13649,
      "event": "call",
      "thread_id": 70165874327560,
      "sql_query": {
        "sql": "SELECT \"spree_users\".* FROM \"spree_users\" WHERE \"spree_users\".\"id\" = ? LIMIT ?",
        "database_type": "sqlite",
        "server_version": "3.33.0"
      }
    },
    {
      "id": 13650,
      "event": "return",
      "thread_id": 70165874327560,
      "parent_id": 13649,
      "elapsed": 0.000197
    },
    {
      "id": 13651,
      "event": "return",
      "thread_id": 70165874327560,
      "parent_id": 13648,
      "elapsed": 0.00273,
      "return_value": {
        "class": "Spree::LegacyUser",
        "value": "#<Spree::LegacyUser:0x00007fa1960afa98>",
        "object_id": 70165991882060
      }
    },
    {
      "id": 13652,
      "event": "call",
      "thread_id": 70165874327560,
      "defined_class": "CanCan::ControllerAdditions",
      "method_id": "authorize!",
      "path": "/Users/kgilpin/.rbenv/versions/2.6.6/lib/ruby/gems/2.6.0/gems/cancancan-3.1.0/lib/cancan/controller_additions.rb",
      "lineno": 337,
      "static": false,
      "parameters": [
        {
          "name": "args",
          "class": "Array",
          "object_id": 70165991880200,
          "value": "[:show, #<Spree::LegacyUser id: 1, crypted_password: nil, salt: nil, email: \"email34@example.com\", r",
          "kind": "rest"
        }
      ],
      "receiver": {
        "class": "Spree::Admin::UsersController",
        "object_id": 70165946954340,
        "value": "#<Spree::Admin::UsersController:0x00007fa190afe4c8>"
      }
    },
    {
      "id": 13653,
      "event": "call",
      "thread_id": 70165874327560,
      "defined_class": "CanCan::Ability",
      "method_id": "authorize!",
      "path": "/Users/kgilpin/.rbenv/versions/2.6.6/lib/ruby/gems/2.6.0/gems/cancancan-3.1.0/lib/cancan/ability.rb",
      "lineno": 176,
      "static": false,
      "parameters": [
        {
          "name": "action",
          "class": "Symbol",
          "object_id": 1645788,
          "value": "show",
          "kind": "req"
        },
        {
          "name": "subject",
          "class": "Spree::LegacyUser",
          "object_id": 70165991882060,
          "value": "#<Spree::LegacyUser:0x00007fa1960afa98>",
          "kind": "req"
        },
        {
          "name": "args",
          "class": "Array",
          "object_id": 70165991910380,
          "value": "[]",
          "kind": "rest"
        }
      ],
      "receiver": {
        "class": "Object",
        "object_id": 70165946971140,
        "value": "#<#<Class:0x00007fa191ebbdd0>:0x00007fa190b06808>"
      }
    },
    {
      "id": 13654,
      "event": "call",
      "thread_id": 70165874327560,
      "defined_class": "CanCan::Ability",
      "method_id": "cannot?",
      "path": "/Users/kgilpin/.rbenv/versions/2.6.6/lib/ruby/gems/2.6.0/gems/cancancan-3.1.0/lib/cancan/ability.rb",
      "lineno": 87,
      "static": false,
      "parameters": [
        {
          "name": "args",
          "class": "Array",
          "object_id": 70165991909040,
          "value": "[:show, #<Spree::LegacyUser id: 1, crypted_password: nil, salt: nil, email: \"email34@example.com\", r",
          "kind": "rest"
        }
      ],
      "receiver": {
        "class": "Object",
        "object_id": 70165946971140,
        "value": "#<#<Class:0x00007fa191ebbdd0>:0x00007fa190b06808>"
      }
    },
    {
      "id": 13655,
      "event": "call",
      "thread_id": 70165874327560,
      "defined_class": "CanCan::Ability",
      "method_id": "can?",
      "path": "/Users/kgilpin/.rbenv/versions/2.6.6/lib/ruby/gems/2.6.0/gems/cancancan-3.1.0/lib/cancan/ability.rb",
      "lineno": 74,
      "static": false,
      "parameters": [
        {
          "name": "action",
          "class": "Symbol",
          "object_id": 1645788,
          "value": "show",
          "kind": "req"
        },
        {
          "name": "subject",
          "class": "Spree::LegacyUser",
          "object_id": 70165991882060,
          "value": "#<Spree::LegacyUser:0x00007fa1960afa98>",
          "kind": "req"
        },
        {
          "name": "attribute",
          "class": "NilClass",
          "object_id": 8,
          "value": null,
          "kind": "opt"
        },
        {
          "name": "extra_args",
          "class": "NilClass",
          "object_id": 8,
          "value": null,
          "kind": "rest"
        }
      ],
      "receiver": {
        "class": "Object",
        "object_id": 70165946971140,
        "value": "#<#<Class:0x00007fa191ebbdd0>:0x00007fa190b06808>"
      }
    },
    {
      "id": 13656,
      "event": "call",
      "thread_id": 70165874327560,
      "defined_class": "ActiveRecord::AttributeMethods::PrimaryKey",
      "method_id": "id",
      "path": "/Users/kgilpin/.rbenv/versions/2.6.6/lib/ruby/gems/2.6.0/gems/activerecord-6.0.3.4/lib/active_record/attribute_methods/primary_key.rb",
      "lineno": 18,
      "static": false,
      "parameters": [],
      "receiver": {
        "class": "Spree::LegacyUser",
        "object_id": 70165991882060,
        "value": "#<Spree::LegacyUser:0x00007fa1960afa98>"
      }
    },
    {
      "id": 13657,
      "event": "return",
      "thread_id": 70165874327560,
      "parent_id": 13656,
      "elapsed": 0.000016,
      "return_value": {
        "class": "Integer",
        "value": "1",
        "object_id": 3
      }
    },
    {
      "id": 13658,
      "event": "call",
      "thread_id": 70165874327560,
      "defined_class": "CanCan::Relevant",
      "method_id": "relevant?",
      "path": "/Users/kgilpin/.rbenv/versions/2.6.6/lib/ruby/gems/2.6.0/gems/cancancan-3.1.0/lib/cancan/relevant.rb",
      "lineno": 6,
      "static": false,
      "parameters": [
        {
          "name": "action",
          "class": "Symbol",
          "object_id": 1645788,
          "value": "show",
          "kind": "req"
        },
        {
          "name": "subject",
          "class": "Spree::LegacyUser",
          "object_id": 70165991882060,
          "value": "#<Spree::LegacyUser:0x00007fa1960afa98>",
          "kind": "req"
        }
      ],
      "receiver": {
        "class": "CanCan::Rule",
        "object_id": 70165946966340,
        "value": "#<CanCan::Rule:0x00007fa190b04288>"
      }
    },
    {
      "id": 13659,
      "event": "return",
      "thread_id": 70165874327560,
      "parent_id": 13658,
      "elapsed": 0.000009,
      "return_value": {
        "class": "TrueClass",
        "value": "true",
        "object_id": 20
      }
    },
    {
      "id": 13660,
      "event": "call",
      "thread_id": 70165874327560,
      "defined_class": "CanCan::Rule",
      "method_id": "only_raw_sql?",
      "path": "/Users/kgilpin/.rbenv/versions/2.6.6/lib/ruby/gems/2.6.0/gems/cancancan-3.1.0/lib/cancan/rule.rb",
      "lineno": 67,
      "static": false,
      "parameters": [],
      "receiver": {
        "class": "CanCan::Rule",
        "object_id": 70165946966340,
        "value": "#<CanCan::Rule:0x00007fa190b04288>"
      }
    },
    {
      "id": 13661,
      "event": "return",
      "thread_id": 70165874327560,
      "parent_id": 13660,
      "elapsed": 0.000006
    },
    {
      "id": 13662,
      "event": "call",
      "thread_id": 70165874327560,
      "defined_class": "CanCan::ConditionsMatcher",
      "method_id": "matches_conditions?",
      "path": "/Users/kgilpin/.rbenv/versions/2.6.6/lib/ruby/gems/2.6.0/gems/cancancan-3.1.0/lib/cancan/conditions_matcher.rb",
      "lineno": 6,
      "static": false,
      "parameters": [
        {
          "name": "action",
          "class": "Symbol",
          "object_id": 1645788,
          "value": "show",
          "kind": "req"
        },
        {
          "name": "subject",
          "class": "Spree::LegacyUser",
          "object_id": 70165991882060,
          "value": "#<Spree::LegacyUser:0x00007fa1960afa98>",
          "kind": "req"
        },
        {
          "name": "attribute",
          "class": "NilClass",
          "object_id": 8,
          "value": null,
          "kind": "opt"
        },
        {
          "name": "extra_args",
          "class": "Array",
          "object_id": 70165991959700,
          "value": "[]",
          "kind": "rest"
        }
      ],
      "receiver": {
        "class": "CanCan::Rule",
        "object_id": 70165946966340,
        "value": "#<CanCan::Rule:0x00007fa190b04288>"
      }
    },
    {
      "id": 13663,
      "event": "return",
      "thread_id": 70165874327560,
      "parent_id": 13662,
      "elapsed": 0.000006,
      "return_value": {
        "class": "TrueClass",
        "value": "true",
        "object_id": 20
      }
    },
    {
      "id": 13664,
      "event": "call",
      "thread_id": 70165874327560,
      "defined_class": "CanCan::Rule",
      "method_id": "matches_attributes?",
      "path": "/Users/kgilpin/.rbenv/versions/2.6.6/lib/ruby/gems/2.6.0/gems/cancancan-3.1.0/lib/cancan/rule.rb",
      "lineno": 95,
      "static": false,
      "parameters": [
        {
          "name": "attribute",
          "class": "NilClass",
          "object_id": 8,
          "value": null,
          "kind": "req"
        }
      ],
      "receiver": {
        "class": "CanCan::Rule",
        "object_id": 70165946966340,
        "value": "#<CanCan::Rule:0x00007fa190b04288>"
      }
    },
    {
      "id": 13665,
      "event": "return",
      "thread_id": 70165874327560,
      "parent_id": 13664,
      "elapsed": 0.000004,
      "return_value": {
        "class": "TrueClass",
        "value": "true",
        "object_id": 20
      }
    },
    {
      "id": 13666,
      "event": "return",
      "thread_id": 70165874327560,
      "parent_id": 13655,
      "elapsed": 0.000482,
      "return_value": {
        "class": "TrueClass",
        "value": "true",
        "object_id": 20
      }
    },
    {
      "id": 13667,
      "event": "return",
      "thread_id": 70165874327560,
      "parent_id": 13654,
      "elapsed": 0.001966
    },
    {
      "id": 13668,
      "event": "return",
      "thread_id": 70165874327560,
      "parent_id": 13653,
      "elapsed": 0.003808,
      "return_value": {
        "class": "Spree::LegacyUser",
        "value": "#<Spree::LegacyUser:0x00007fa1960afa98>",
        "object_id": 70165991882060
      }
    },
    {
      "id": 13669,
      "event": "return",
      "thread_id": 70165874327560,
      "parent_id": 13652,
      "elapsed": 0.00645,
      "return_value": {
        "class": "Spree::LegacyUser",
        "value": "#<Spree::LegacyUser:0x00007fa1960afa98>",
        "object_id": 70165991882060
      }
    },
    {
      "id": 13670,
      "event": "call",
      "thread_id": 70165874327560,
      "defined_class": "Spree::Admin::UsersController",
      "method_id": "show",
      "path": "app/controllers/spree/admin/users_controller.rb",
      "lineno": 21,
      "static": false,
      "parameters": [],
      "receiver": {
        "class": "Spree::Admin::UsersController",
        "object_id": 70165946954340,
        "value": "#<Spree::Admin::UsersController:0x00007fa190afe4c8>"
      }
    },
    {
      "id": 13671,
      "event": "call",
      "thread_id": 70165874327560,
      "defined_class": "ActiveRecord::Integration",
      "method_id": "to_param",
      "path": "/Users/kgilpin/.rbenv/versions/2.6.6/lib/ruby/gems/2.6.0/gems/activerecord-6.0.3.4/lib/active_record/integration.rb",
      "lineno": 57,
      "static": false,
      "parameters": [],
      "receiver": {
        "class": "Spree::LegacyUser",
        "object_id": 70165991882060,
        "value": "#<Spree::LegacyUser:0x00007fa1960afa98>"
      }
    },
    {
      "id": 13672,
      "event": "return",
      "thread_id": 70165874327560,
      "parent_id": 13671,
      "elapsed": 0.000026,
      "return_value": {
        "class": "String",
        "value": "1",
        "object_id": 70165991975880
      }
    },
    {
      "id": 13673,
      "event": "return",
      "thread_id": 70165874327560,
      "parent_id": 13670,
      "elapsed": 0.000366,
      "return_value": {
        "class": "String",
        "value": "<html><body>You are being <a href=\"http://test.host/admin/users/1/edit\">redirected</a>.</body></html",
        "object_id": 70165991974620
      }
    },
    {
      "id": 13674,
      "event": "return",
      "thread_id": 70165874327560,
      "parent_id": 13553,
      "elapsed": 0.029389,
      "http_server_response": {
        "status": 302
      }
    },
    {
      "id": 13675,
      "event": "call",
      "thread_id": 70165874327560,
      "defined_class": "ActionDispatch::Cookies::CookieJar",
      "method_id": "update",
      "path": "/Users/kgilpin/.rbenv/versions/2.6.6/lib/ruby/gems/2.6.0/gems/actionpack-6.0.3.4/lib/action_dispatch/middleware/cookies.rb",
      "lineno": 333,
      "static": false,
      "parameters": [
        {
          "name": "other_hash",
          "class": "Hash",
          "object_id": 70165970165300,
          "value": "{\"guest_token\"=>\"BAhJIhstRW9Edkp1d05QQ0huaGFCbGsza0p3BjoGRUY=--005da911d9df4f5e9b419c7fcf705b5dabdbb",
          "kind": "req"
        }
      ],
      "receiver": {
        "class": "ActionDispatch::Cookies::CookieJar",
        "object_id": 70165970137100,
        "value": "#<ActionDispatch::Cookies::CookieJar:0x00007fa193736018>"
      }
    },
    {
      "id": 13676,
      "event": "return",
      "thread_id": 70165874327560,
      "parent_id": 13675,
      "elapsed": 0.000007,
      "return_value": {
        "class": "ActionDispatch::Cookies::CookieJar",
        "value": "#<ActionDispatch::Cookies::CookieJar:0x00007fa193736018>",
        "object_id": 70165970137100
      }
    },
    {
      "id": 13677,
      "event": "call",
      "thread_id": 70165874327560,
      "defined_class": "ActionDispatch::Cookies::CookieJar",
      "method_id": "update",
      "path": "/Users/kgilpin/.rbenv/versions/2.6.6/lib/ruby/gems/2.6.0/gems/actionpack-6.0.3.4/lib/action_dispatch/middleware/cookies.rb",
      "lineno": 333,
      "static": false,
      "parameters": [
        {
          "name": "other_hash",
          "class": "Hash",
          "object_id": 70165991992020,
          "value": "{\"guest_token\"=>\"BAhJIhstRW9Edkp1d05QQ0huaGFCbGsza0p3BjoGRUY=--005da911d9df4f5e9b419c7fcf705b5dabdbb",
          "kind": "req"
        }
      ],
      "receiver": {
        "class": "ActionDispatch::Cookies::CookieJar",
        "object_id": 70165970137100,
        "value": "#<ActionDispatch::Cookies::CookieJar:0x00007fa193736018>"
      }
    },
    {
      "id": 13678,
      "event": "return",
      "thread_id": 70165874327560,
      "parent_id": 13677,
      "elapsed": 0.000006,
      "return_value": {
        "class": "ActionDispatch::Cookies::CookieJar",
        "value": "#<ActionDispatch::Cookies::CookieJar:0x00007fa193736018>",
        "object_id": 70165970137100
      }
    },
    {
      "id": 13679,
      "event": "call",
      "thread_id": 70165874327560,
      "defined_class": "Spree::TestingSupport::UrlHelpers",
      "method_id": "spree",
      "path": "/Users/kgilpin/source/land-of-apps/solidus/core/lib/spree/testing_support/url_helpers.rb",
      "lineno": 6,
      "static": false,
      "parameters": [],
      "receiver": {
        "class": "RSpec::ExampleGroups::SpreeAdminUsersController::Show",
        "object_id": 70165946871020,
        "value": "#<RSpec::ExampleGroups::SpreeAdminUsersController::Show:0x00007fa190ad59d8>"
      }
    },
    {
      "id": 13680,
      "event": "return",
      "thread_id": 70165874327560,
      "parent_id": 13679,
      "elapsed": 0.01026,
      "return_value": {
        "class": "Module",
        "value": "#<Module:0x00007fa1960efc10>",
        "object_id": 70165992013320
      }
    },
    {
      "id": 13681,
      "event": "call",
      "thread_id": 70165874327560,
      "defined_class": "ActiveRecord::Integration",
      "method_id": "to_param",
      "path": "/Users/kgilpin/.rbenv/versions/2.6.6/lib/ruby/gems/2.6.0/gems/activerecord-6.0.3.4/lib/active_record/integration.rb",
      "lineno": 57,
      "static": false,
      "parameters": [],
      "receiver": {
        "class": "Spree::LegacyUser",
        "object_id": 70165947085620,
        "value": "#<Spree::LegacyUser:0x00007fa190b3e668>"
      }
    },
    {
      "id": 13682,
      "event": "return",
      "thread_id": 70165874327560,
      "parent_id": 13681,
      "elapsed": 0.000024,
      "return_value": {
        "class": "String",
        "value": "1",
        "object_id": 70165992025940
      }
    }
  ]
}