{
  "version": "1.4",
  "metadata": {
    "app": "nytem-2021/solidus",
    "language": {
      "name": "ruby",
      "engine": "ruby",
      "version": "2.6.6"
    },
    "client": {
      "name": "appmap",
      "url": "https://github.com/applandinc/appmap-ruby",
      "version": "0.41.2"
    },
    "frameworks": [
      {
        "name": "rails",
        "version": "6.0.3.4"
      },
      {
        "name": "rspec",
        "version": "3.10.0"
      }
    ],
    "git": {
      "repository": "git@github.com:land-of-apps/solidus-nytem-2021.git",
      "branch": "main",
      "commit": "438fff939c2893653f43176c17ebb84894b38c20",
      "status": [],
      "git_last_annotated_tag": "v2.10.0.beta1",
      "git_last_tag": "v2.10.0.beta1",
      "git_commits_since_last_annotated_tag": 0,
      "git_commits_since_last_tag": 0
    },
    "name": "Spree::Admin::UsersController #authorize_admin without ability to admin users denies access",
    "feature": "Spree::Admin::UsersController #authorize_admin",
    "feature_group": "Spree admin users",
    "recorder": {
      "name": "rspec"
    },
    "fingerprints": [
      {
        "appmap_digest": "b0cf83d319462dc4772abf1853ed414a5660dd9769e5c6ae0685899a07ae39a7",
        "canonicalization_algorithm": "beta_v1_error",
        "digest": "e6fdf8100351e7ac535f79569efddd9f12707a1655cd70c41b9dedd57cb0189c",
        "fingerprint_algorithm": "sha256"
      },
      {
        "appmap_digest": "b0cf83d319462dc4772abf1853ed414a5660dd9769e5c6ae0685899a07ae39a7",
        "canonicalization_algorithm": "beta_v1_info",
        "digest": "e6fdf8100351e7ac535f79569efddd9f12707a1655cd70c41b9dedd57cb0189c",
        "fingerprint_algorithm": "sha256"
      },
      {
        "appmap_digest": "b0cf83d319462dc4772abf1853ed414a5660dd9769e5c6ae0685899a07ae39a7",
        "canonicalization_algorithm": "beta_v1_debug",
        "digest": "ee08aa49fff2aca027bb151ed48db59b246aee70c908b700a25e069614274ef8",
        "fingerprint_algorithm": "sha256"
      }
    ]
  },
  "classMap": [
    {
      "name": "action_pack",
      "type": "package",
      "children": [
        {
          "name": "ActionDispatch",
          "type": "class",
          "children": [
            {
              "name": "Cookies",
              "type": "class",
              "children": [
                {
                  "name": "CookieJar",
                  "type": "class",
                  "children": [
                    {
                      "name": "update",
                      "type": "function",
                      "location": "/Users/kgilpin/.rbenv/versions/2.6.6/lib/ruby/gems/2.6.0/gems/actionpack-6.0.3.4/lib/action_dispatch/middleware/cookies.rb:333",
                      "static": false,
                      "labels": [
                        "provider.http.cookie"
                      ]
                    },
                    {
                      "name": "[]=",
                      "type": "function",
                      "location": "/Users/kgilpin/.rbenv/versions/2.6.6/lib/ruby/gems/2.6.0/gems/actionpack-6.0.3.4/lib/action_dispatch/middleware/cookies.rb:373",
                      "static": false,
                      "labels": [
                        "provider.http.cookie"
                      ]
                    }
                  ]
                }
              ]
            }
          ]
        }
      ]
    },
    {
      "name": "activerecord",
      "type": "package",
      "children": [
        {
          "name": "ActiveRecord",
          "type": "class",
          "children": [
            {
              "name": "LogSubscriber",
              "type": "class",
              "children": [
                {
                  "name": "reset_runtime",
                  "type": "function",
                  "location": "/Users/kgilpin/.rbenv/versions/2.6.6/lib/ruby/gems/2.6.0/gems/activerecord-6.0.3.4/lib/active_record/log_subscriber.rb:17",
                  "static": true
                }
              ]
            },
            {
              "name": "Translation",
              "type": "class",
              "children": [
                {
                  "name": "lookup_ancestors",
                  "type": "function",
                  "location": "/Users/kgilpin/.rbenv/versions/2.6.6/lib/ruby/gems/2.6.0/gems/activerecord-6.0.3.4/lib/active_record/translation.rb:8",
                  "static": true
                },
                {
                  "name": "i18n_scope",
                  "type": "function",
                  "location": "/Users/kgilpin/.rbenv/versions/2.6.6/lib/ruby/gems/2.6.0/gems/activerecord-6.0.3.4/lib/active_record/translation.rb:20",
                  "static": true
                }
              ]
            },
            {
              "name": "ConnectionHandling",
              "type": "class",
              "children": [
                {
                  "name": "connected?",
                  "type": "function",
                  "location": "/Users/kgilpin/.rbenv/versions/2.6.6/lib/ruby/gems/2.6.0/gems/activerecord-6.0.3.4/lib/active_record/connection_handling.rb:225",
                  "static": true
                }
              ]
            }
          ]
        }
      ]
    },
    {
      "name": "solidus_core",
      "type": "package",
      "children": [
        {
          "name": "Spree",
          "type": "class",
          "children": [
            {
              "name": "Core",
              "type": "class",
              "children": [
                {
                  "name": "ControllerHelpers",
                  "type": "class",
                  "children": [
                    {
                      "name": "Auth",
                      "type": "class",
                      "children": [
                        {
                          "name": "set_guest_token",
                          "type": "function",
                          "location": "/Users/kgilpin/source/land-of-apps/solidus/core/lib/spree/core/controller_helpers/auth.rb:56",
                          "static": false
                        }
                      ]
                    }
                  ]
                }
              ]
            },
            {
              "name": "Preferences",
              "type": "class",
              "children": [
                {
                  "name": "Preferable",
                  "type": "class",
                  "children": [
                    {
                      "name": "get_preference",
                      "type": "function",
                      "location": "/Users/kgilpin/source/land-of-apps/solidus/core/lib/spree/preferences/preferable.rb:66",
                      "static": false,
                      "labels": [
                        "provider.preferences"
                      ]
                    },
                    {
                      "name": "has_preference!",
                      "type": "function",
                      "location": "/Users/kgilpin/source/land-of-apps/solidus/core/lib/spree/preferences/preferable.rb:96",
                      "static": false
                    },
                    {
                      "name": "has_preference?",
                      "type": "function",
                      "location": "/Users/kgilpin/source/land-of-apps/solidus/core/lib/spree/preferences/preferable.rb:102",
                      "static": false
                    },
                    {
                      "name": "defined_preferences",
                      "type": "function",
                      "location": "/Users/kgilpin/source/land-of-apps/solidus/core/lib/spree/preferences/preferable.rb:107",
                      "static": false
                    }
                  ]
                },
                {
                  "name": "PreferableClassMethods",
                  "type": "class",
                  "children": [
                    {
                      "name": "defined_preferences",
                      "type": "function",
                      "location": "/Users/kgilpin/source/land-of-apps/solidus/core/lib/spree/preferences/preferable_class_methods.rb:17",
                      "static": true
                    },
                    {
                      "name": "preference_getter_method",
                      "type": "function",
                      "location": "/Users/kgilpin/source/land-of-apps/solidus/core/lib/spree/preferences/preferable_class_methods.rb:70",
                      "static": true
                    }
                  ]
                },
                {
                  "name": "Configuration",
                  "type": "class",
                  "children": [
                    {
                      "name": "preferences",
                      "type": "function",
                      "location": "/Users/kgilpin/source/land-of-apps/solidus/core/lib/spree/preferences/configuration.rb:40",
                      "static": false
                    }
                  ]
                }
              ]
            },
            {
              "name": "AppConfiguration",
              "type": "class",
              "children": [
                {
                  "name": "preferred_guest_token_cookie_options",
                  "type": "function",
                  "location": "/Users/kgilpin/source/land-of-apps/solidus/core/lib/spree/preferences/preferable_class_methods.rb:45",
                  "static": false
                },
                {
                  "name": "redirect_back_on_unauthorized",
                  "type": "function",
                  "location": "/Users/kgilpin/source/land-of-apps/solidus/core/lib/spree/preferences/preferable_class_methods.rb:45",
                  "static": false
                }
              ]
            },
            {
              "name": "i18n_available_locales",
              "type": "function",
              "location": "/Users/kgilpin/source/land-of-apps/solidus/core/lib/spree/i18n.rb:8",
              "static": true
            },
            {
              "name": "BackendConfiguration",
              "type": "class",
              "children": [
                {
                  "name": "preferred_locale",
                  "type": "function",
                  "location": "/Users/kgilpin/source/land-of-apps/solidus/core/lib/spree/preferences/preferable_class_methods.rb:45",
                  "static": false
                }
              ]
            },
            {
              "name": "user_class",
              "type": "function",
              "location": "/Users/kgilpin/source/land-of-apps/solidus/core/lib/spree/core.rb:26",
              "static": true
            },
            {
              "name": "LegacyUser",
              "type": "class",
              "children": [
                {
                  "name": "model_name",
                  "type": "function",
                  "location": "/Users/kgilpin/source/land-of-apps/solidus/core/app/models/spree/legacy_user.rb:13",
                  "static": true
                }
              ]
            }
          ]
        }
      ]
    },
    {
      "name": "carmen",
      "type": "package",
      "children": [
        {
          "name": "Carmen",
          "type": "class",
          "children": [
            {
              "name": "i18n_backend",
              "type": "function",
              "location": "/Users/kgilpin/.rbenv/versions/2.6.6/lib/ruby/gems/2.6.0/gems/carmen-1.1.3/lib/carmen.rb:38",
              "static": true
            }
          ]
        }
      ]
    },
    {
      "name": "app/controllers",
      "type": "package",
      "children": [
        {
          "name": "Spree",
          "type": "class",
          "children": [
            {
              "name": "Admin",
              "type": "class",
              "children": [
                {
                  "name": "UsersController",
                  "type": "class",
                  "children": [
                    {
                      "name": "model_class",
                      "type": "function",
                      "location": "app/controllers/spree/admin/users_controller.rb:120",
                      "static": false
                    }
                  ]
                }
              ]
            }
          ]
        }
      ]
    },
    {
      "name": "cancancan",
      "type": "package",
      "children": [
        {
          "name": "CanCan",
          "type": "class",
          "children": [
            {
              "name": "ControllerAdditions",
              "type": "class",
              "children": [
                {
                  "name": "authorize!",
                  "type": "function",
                  "location": "/Users/kgilpin/.rbenv/versions/2.6.6/lib/ruby/gems/2.6.0/gems/cancancan-3.1.0/lib/cancan/controller_additions.rb:337",
                  "static": false,
                  "labels": [
                    "provider.authorization"
                  ]
                }
              ]
            },
            {
              "name": "Ability",
              "type": "class",
              "children": [
                {
                  "name": "authorize!",
                  "type": "function",
                  "location": "/Users/kgilpin/.rbenv/versions/2.6.6/lib/ruby/gems/2.6.0/gems/cancancan-3.1.0/lib/cancan/ability.rb:176",
                  "static": false,
                  "labels": [
                    "provider.authorization"
                  ]
                },
                {
                  "name": "cannot?",
                  "type": "function",
                  "location": "/Users/kgilpin/.rbenv/versions/2.6.6/lib/ruby/gems/2.6.0/gems/cancancan-3.1.0/lib/cancan/ability.rb:87",
                  "static": false
                },
                {
                  "name": "can?",
                  "type": "function",
                  "location": "/Users/kgilpin/.rbenv/versions/2.6.6/lib/ruby/gems/2.6.0/gems/cancancan-3.1.0/lib/cancan/ability.rb:74",
                  "static": false
                },
                {
                  "name": "Actions",
                  "type": "class",
                  "children": [
                    {
                      "name": "aliased_actions",
                      "type": "function",
                      "location": "/Users/kgilpin/.rbenv/versions/2.6.6/lib/ruby/gems/2.6.0/gems/cancancan-3.1.0/lib/cancan/ability/actions.rb:43",
                      "static": false
                    }
                  ]
                }
              ]
            },
            {
              "name": "UnauthorizedMessageResolver",
              "type": "class",
              "children": [
                {
                  "name": "unauthorized_message",
                  "type": "function",
                  "location": "/Users/kgilpin/.rbenv/versions/2.6.6/lib/ruby/gems/2.6.0/gems/cancancan-3.1.0/lib/cancan/unauthorized_message_resolver.rb:5",
                  "static": false
                },
                {
                  "name": "translate_subject",
                  "type": "function",
                  "location": "/Users/kgilpin/.rbenv/versions/2.6.6/lib/ruby/gems/2.6.0/gems/cancancan-3.1.0/lib/cancan/unauthorized_message_resolver.rb:15",
                  "static": false
                }
              ]
            }
          ]
        }
      ]
    }
  ],
  "events": [
    {
      "id": 14797,
      "event": "call",
      "thread_id": 70183062585360,
      "defined_class": "ActionDispatch::Cookies::CookieJar",
      "method_id": "update",
      "path": "/Users/kgilpin/.rbenv/versions/2.6.6/lib/ruby/gems/2.6.0/gems/actionpack-6.0.3.4/lib/action_dispatch/middleware/cookies.rb",
      "lineno": 333,
      "static": false,
      "parameters": [
        {
          "name": "other_hash",
          "class": "ActiveSupport::HashWithIndifferentAccess",
          "object_id": 70183090607320,
          "value": "{}",
          "kind": "req"
        }
      ],
      "receiver": {
        "class": "ActionDispatch::Cookies::CookieJar",
        "object_id": 70183091666580,
        "value": "#<ActionDispatch::Cookies::CookieJar:0x00007fa98c7efd28>"
      }
    },
    {
      "id": 14798,
      "event": "return",
      "thread_id": 70183062585360,
      "parent_id": 14797,
      "elapsed": 0.000013,
      "return_value": {
        "class": "ActionDispatch::Cookies::CookieJar",
        "value": "#<ActionDispatch::Cookies::CookieJar:0x00007fa98c7efd28>",
        "object_id": 70183091666580
      }
    },
    {
      "id": 14799,
      "event": "call",
      "thread_id": 70183062585360,
      "defined_class": "ActionDispatch::Cookies::CookieJar",
      "method_id": "update",
      "path": "/Users/kgilpin/.rbenv/versions/2.6.6/lib/ruby/gems/2.6.0/gems/actionpack-6.0.3.4/lib/action_dispatch/middleware/cookies.rb",
      "lineno": 333,
      "static": false,
      "parameters": [
        {
          "name": "other_hash",
          "class": "ActiveSupport::HashWithIndifferentAccess",
          "object_id": 70183090607320,
          "value": "{}",
          "kind": "req"
        }
      ],
      "receiver": {
        "class": "ActionDispatch::Cookies::CookieJar",
        "object_id": 70183091666580,
        "value": "#<ActionDispatch::Cookies::CookieJar:0x00007fa98c7efd28>"
      }
    },
    {
      "id": 14800,
      "event": "return",
      "thread_id": 70183062585360,
      "parent_id": 14799,
      "elapsed": 0.000008,
      "return_value": {
        "class": "ActionDispatch::Cookies::CookieJar",
        "value": "#<ActionDispatch::Cookies::CookieJar:0x00007fa98c7efd28>",
        "object_id": 70183091666580
      }
    },
    {
      "id": 14801,
      "event": "call",
      "thread_id": 70183062585360,
      "defined_class": "ActionDispatch::Cookies::CookieJar",
      "method_id": "update",
      "path": "/Users/kgilpin/.rbenv/versions/2.6.6/lib/ruby/gems/2.6.0/gems/actionpack-6.0.3.4/lib/action_dispatch/middleware/cookies.rb",
      "lineno": 333,
      "static": false,
      "parameters": [
        {
          "name": "other_hash",
          "class": "ActiveSupport::HashWithIndifferentAccess",
          "object_id": 70183090607320,
          "value": "{}",
          "kind": "req"
        }
      ],
      "receiver": {
        "class": "ActionDispatch::Cookies::CookieJar",
        "object_id": 70183091661920,
        "value": "#<ActionDispatch::Cookies::CookieJar:0x00007fa98c7ed8c0>"
      }
    },
    {
      "id": 14802,
      "event": "return",
      "thread_id": 70183062585360,
      "parent_id": 14801,
      "elapsed": 0.000007,
      "return_value": {
        "class": "ActionDispatch::Cookies::CookieJar",
        "value": "#<ActionDispatch::Cookies::CookieJar:0x00007fa98c7ed8c0>",
        "object_id": 70183091661920
      }
    },
    {
      "id": 14803,
      "event": "call",
      "thread_id": 70183062585360,
      "defined_class": "ActiveRecord::LogSubscriber",
      "method_id": "reset_runtime",
      "path": "/Users/kgilpin/.rbenv/versions/2.6.6/lib/ruby/gems/2.6.0/gems/activerecord-6.0.3.4/lib/active_record/log_subscriber.rb",
      "lineno": 17,
      "static": true,
      "parameters": [],
      "receiver": {
        "class": "Class",
        "object_id": 70183130397380,
        "value": "ActiveRecord::LogSubscriber"
      }
    },
    {
      "id": 14804,
      "event": "return",
      "thread_id": 70183062585360,
      "parent_id": 14803,
      "elapsed": 0.000015,
      "return_value": {
        "class": "Float",
        "value": "0.09499990846961737",
        "object_id": -161409063408631800
      }
    },
    {
      "id": 14805,
      "event": "call",
      "thread_id": 70183062585360,
      "http_server_request": {
        "request_method": "POST",
        "path_info": "/admin/users",
        "normalized_path_info": "/admin/users(.:format)"
      },
      "message": [
        {
          "name": "controller",
          "class": "String",
          "value": "spree/admin/users",
          "object_id": 70183142768040
        },
        {
          "name": "action",
          "class": "String",
          "value": "index",
          "object_id": 70183091666620
        }
      ]
    },
    {
      "id": 14806,
      "event": "call",
      "thread_id": 70183062585360,
      "defined_class": "Spree::Core::ControllerHelpers::Auth",
      "method_id": "set_guest_token",
      "path": "/Users/kgilpin/source/land-of-apps/solidus/core/lib/spree/core/controller_helpers/auth.rb",
      "lineno": 56,
      "static": false,
      "parameters": [],
      "receiver": {
        "class": "Spree::Admin::UsersController",
        "object_id": 70183090607440,
        "value": "#<Spree::Admin::UsersController:0x00007fa98c5eaaa0>"
      }
    },
    {
      "id": 14807,
      "event": "call",
      "thread_id": 70183062585360,
      "defined_class": "ActionDispatch::Cookies::CookieJar",
      "method_id": "update",
      "path": "/Users/kgilpin/.rbenv/versions/2.6.6/lib/ruby/gems/2.6.0/gems/actionpack-6.0.3.4/lib/action_dispatch/middleware/cookies.rb",
      "lineno": 333,
      "static": false,
      "parameters": [
        {
          "name": "other_hash",
          "class": "Hash",
          "object_id": 70183090665520,
          "value": "{}",
          "kind": "req"
        }
      ],
      "receiver": {
        "class": "ActionDispatch::Cookies::CookieJar",
        "object_id": 70183090665380,
        "value": "#<ActionDispatch::Cookies::CookieJar:0x00007fa98c606f48>"
      }
    },
    {
      "id": 14808,
      "event": "return",
      "thread_id": 70183062585360,
      "parent_id": 14807,
      "elapsed": 0.000006,
      "return_value": {
        "class": "ActionDispatch::Cookies::CookieJar",
        "value": "#<ActionDispatch::Cookies::CookieJar:0x00007fa98c606f48>",
        "object_id": 70183090665380
      }
    },
    {
      "id": 14809,
      "event": "call",
      "thread_id": 70183062585360,
      "defined_class": "Spree::Preferences::Preferable",
      "method_id": "get_preference",
      "path": "/Users/kgilpin/source/land-of-apps/solidus/core/lib/spree/preferences/preferable.rb",
      "lineno": 66,
      "static": false,
      "parameters": [
        {
          "name": "name",
          "class": "Symbol",
          "object_id": 8554908,
          "value": "guest_token_cookie_options",
          "kind": "req"
        }
      ],
      "receiver": {
        "class": "Spree::AppConfiguration",
        "object_id": 70183064889180,
        "value": "#<Spree::AppConfiguration:0x00007fa9894dceb8>"
      }
    },
    {
      "id": 14810,
      "event": "call",
      "thread_id": 70183062585360,
      "defined_class": "Spree::Preferences::Preferable",
      "method_id": "has_preference!",
      "path": "/Users/kgilpin/source/land-of-apps/solidus/core/lib/spree/preferences/preferable.rb",
      "lineno": 96,
      "static": false,
      "parameters": [
        {
          "name": "name",
          "class": "Symbol",
          "object_id": 8554908,
          "value": "guest_token_cookie_options",
          "kind": "req"
        }
      ],
      "receiver": {
        "class": "Spree::AppConfiguration",
        "object_id": 70183064889180,
        "value": "#<Spree::AppConfiguration:0x00007fa9894dceb8>"
      }
    },
    {
      "id": 14811,
      "event": "call",
      "thread_id": 70183062585360,
      "defined_class": "Spree::Preferences::Preferable",
      "method_id": "has_preference?",
      "path": "/Users/kgilpin/source/land-of-apps/solidus/core/lib/spree/preferences/preferable.rb",
      "lineno": 102,
      "static": false,
      "parameters": [
        {
          "name": "name",
          "class": "Symbol",
          "object_id": 8554908,
          "value": "guest_token_cookie_options",
          "kind": "req"
        }
      ],
      "receiver": {
        "class": "Spree::AppConfiguration",
        "object_id": 70183064889180,
        "value": "#<Spree::AppConfiguration:0x00007fa9894dceb8>"
      }
    },
    {
      "id": 14812,
      "event": "call",
      "thread_id": 70183062585360,
      "defined_class": "Spree::Preferences::Preferable",
      "method_id": "defined_preferences",
      "path": "/Users/kgilpin/source/land-of-apps/solidus/core/lib/spree/preferences/preferable.rb",
      "lineno": 107,
      "static": false,
      "parameters": [],
      "receiver": {
        "class": "Spree::AppConfiguration",
        "object_id": 70183064889180,
        "value": "#<Spree::AppConfiguration:0x00007fa9894dceb8>"
      }
    },
    {
      "id": 14813,
      "event": "call",
      "thread_id": 70183062585360,
      "defined_class": "Spree::Preferences::PreferableClassMethods",
      "method_id": "defined_preferences",
      "path": "/Users/kgilpin/source/land-of-apps/solidus/core/lib/spree/preferences/preferable_class_methods.rb",
      "lineno": 17,
      "static": true,
      "parameters": [],
      "receiver": {
        "class": "Class",
        "object_id": 70183130825920,
        "value": "Spree::AppConfiguration"
      }
    },
    {
      "id": 14814,
      "event": "return",
      "thread_id": 70183062585360,
      "parent_id": 14813,
      "elapsed": 0.000004,
      "return_value": {
        "class": "Array",
        "value": "[]",
        "object_id": 70183090680520
      }
    },
    {
      "id": 14815,
      "event": "return",
      "thread_id": 70183062585360,
      "parent_id": 14812,
      "elapsed": 0.000059,
      "return_value": {
        "class": "Array",
        "value": "[:address_requires_state, :admin_interface_logo, :admin_products_per_page, :admin_variants_per_page,",
        "object_id": 70183090680000
      }
    },
    {
      "id": 14816,
      "event": "return",
      "thread_id": 70183062585360,
      "parent_id": 14811,
      "elapsed": 0.000151,
      "return_value": {
        "class": "TrueClass",
        "value": "true",
        "object_id": 20
      }
    },
    {
      "id": 14817,
      "event": "return",
      "thread_id": 70183062585360,
      "parent_id": 14810,
      "elapsed": 0.000205
    },
    {
      "id": 14818,
      "event": "call",
      "thread_id": 70183062585360,
      "defined_class": "Spree::Preferences::PreferableClassMethods",
      "method_id": "preference_getter_method",
      "path": "/Users/kgilpin/source/land-of-apps/solidus/core/lib/spree/preferences/preferable_class_methods.rb",
      "lineno": 70,
      "static": true,
      "parameters": [
        {
          "name": "name",
          "class": "Symbol",
          "object_id": 8554908,
          "value": "guest_token_cookie_options",
          "kind": "req"
        }
      ],
      "receiver": {
        "class": "Class",
        "object_id": 70183130825920,
        "value": "Spree::AppConfiguration"
      }
    },
    {
      "id": 14819,
      "event": "return",
      "thread_id": 70183062585360,
      "parent_id": 14818,
      "elapsed": 0.000006,
      "return_value": {
        "class": "Symbol",
        "value": "preferred_guest_token_cookie_options",
        "object_id": 70183130896840
      }
    },
    {
      "id": 14820,
      "event": "call",
      "thread_id": 70183062585360,
      "defined_class": "Spree::AppConfiguration",
      "method_id": "preferred_guest_token_cookie_options",
      "path": "/Users/kgilpin/source/land-of-apps/solidus/core/lib/spree/preferences/preferable_class_methods.rb",
      "lineno": 45,
      "static": false,
      "parameters": [],
      "receiver": {
        "class": "Spree::AppConfiguration",
        "object_id": 70183064889180,
        "value": "#<Spree::AppConfiguration:0x00007fa9894dceb8>"
      }
    },
    {
      "id": 14821,
      "event": "call",
      "thread_id": 70183062585360,
      "defined_class": "Spree::Preferences::Configuration",
      "method_id": "preferences",
      "path": "/Users/kgilpin/source/land-of-apps/solidus/core/lib/spree/preferences/configuration.rb",
      "lineno": 40,
      "static": false,
      "parameters": [],
      "receiver": {
        "class": "Spree::AppConfiguration",
        "object_id": 70183064889180,
        "value": "#<Spree::AppConfiguration:0x00007fa9894dceb8>"
      }
    },
    {
      "id": 14822,
      "event": "return",
      "thread_id": 70183062585360,
      "parent_id": 14821,
      "elapsed": 0.000005,
      "return_value": {
        "class": "Hash",
        "value": "{:address_requires_state=>true, :admin_interface_logo=>\"logo/solidus.svg\", :admin_products_per_page=",
        "object_id": 70183131745900
      }
    },
    {
      "id": 14823,
      "event": "return",
      "thread_id": 70183062585360,
      "parent_id": 14820,
      "elapsed": 0.000158,
      "return_value": {
        "class": "Hash",
        "value": "{}",
        "object_id": 70183130897760
      }
    },
    {
      "id": 14824,
      "event": "return",
      "thread_id": 70183062585360,
      "parent_id": 14809,
      "elapsed": 0.000523,
      "return_value": {
        "class": "Hash",
        "value": "{}",
        "object_id": 70183130897760
      }
    },
    {
      "id": 14825,
      "event": "call",
      "thread_id": 70183062585360,
      "defined_class": "ActionDispatch::Cookies::CookieJar",
      "method_id": "[]=",
      "path": "/Users/kgilpin/.rbenv/versions/2.6.6/lib/ruby/gems/2.6.0/gems/actionpack-6.0.3.4/lib/action_dispatch/middleware/cookies.rb",
      "lineno": 373,
      "static": false,
      "parameters": [
        {
          "name": "name",
          "class": "Symbol",
          "object_id": 8800988,
          "value": "guest_token",
          "kind": "req"
        },
        {
          "name": "options",
          "class": "Hash",
          "object_id": 70183090703700,
          "value": "{:value=>\"BAhJIhs4VUpHaFdKWFRKc1RFZHMxaEtNaG1BBjoGRUY=--51487f22dc0e15bbed3ab8ac9feeed38f2f5fd28\", :",
          "kind": "req"
        }
      ],
      "receiver": {
        "class": "ActionDispatch::Cookies::CookieJar",
        "object_id": 70183090665380,
        "value": "#<ActionDispatch::Cookies::CookieJar:0x00007fa98c606f48>"
      }
    },
    {
      "id": 14826,
      "event": "return",
      "thread_id": 70183062585360,
      "parent_id": 14825,
      "elapsed": 0.000012,
      "return_value": {
        "class": "String",
        "value": "BAhJIhs4VUpHaFdKWFRKc1RFZHMxaEtNaG1BBjoGRUY=--51487f22dc0e15bbed3ab8ac9feeed38f2f5fd28",
        "object_id": 70183090703280
      }
    },
    {
      "id": 14827,
      "event": "return",
      "thread_id": 70183062585360,
      "parent_id": 14806,
      "elapsed": 0.000936,
      "return_value": {
        "class": "Hash",
        "value": "{:value=>\"BAhJIhs4VUpHaFdKWFRKc1RFZHMxaEtNaG1BBjoGRUY=--51487f22dc0e15bbed3ab8ac9feeed38f2f5fd28\", :",
        "object_id": 70183090703700
      }
    },
    {
      "id": 14828,
      "event": "call",
      "thread_id": 70183062585360,
      "defined_class": "Spree",
      "method_id": "i18n_available_locales",
      "path": "/Users/kgilpin/source/land-of-apps/solidus/core/lib/spree/i18n.rb",
      "lineno": 8,
      "static": true,
      "parameters": [],
      "receiver": {
        "class": "Module",
        "object_id": 70183075442060,
        "value": "Spree"
      }
    },
    {
      "id": 14829,
      "event": "return",
      "thread_id": 70183062585360,
      "parent_id": 14828,
      "elapsed": 0.000188,
      "return_value": {
        "class": "Array",
        "value": "[:en]",
        "object_id": 70183090721180
      }
    },
    {
      "id": 14830,
      "event": "call",
      "thread_id": 70183062585360,
      "defined_class": "Spree::Preferences::Preferable",
      "method_id": "get_preference",
      "path": "/Users/kgilpin/source/land-of-apps/solidus/core/lib/spree/preferences/preferable.rb",
      "lineno": 66,
      "static": false,
      "parameters": [
        {
          "name": "name",
          "class": "Symbol",
          "object_id": 2696668,
          "value": "locale",
          "kind": "req"
        }
      ],
      "receiver": {
        "class": "Spree::BackendConfiguration",
        "object_id": 70183133001580,
        "value": "#<Spree::BackendConfiguration:0x00007fa9916c6ed8>"
      }
    },
    {
      "id": 14831,
      "event": "call",
      "thread_id": 70183062585360,
      "defined_class": "Spree::Preferences::Preferable",
      "method_id": "has_preference!",
      "path": "/Users/kgilpin/source/land-of-apps/solidus/core/lib/spree/preferences/preferable.rb",
      "lineno": 96,
      "static": false,
      "parameters": [
        {
          "name": "name",
          "class": "Symbol",
          "object_id": 2696668,
          "value": "locale",
          "kind": "req"
        }
      ],
      "receiver": {
        "class": "Spree::BackendConfiguration",
        "object_id": 70183133001580,
        "value": "#<Spree::BackendConfiguration:0x00007fa9916c6ed8>"
      }
    },
    {
      "id": 14832,
      "event": "call",
      "thread_id": 70183062585360,
      "defined_class": "Spree::Preferences::Preferable",
      "method_id": "has_preference?",
      "path": "/Users/kgilpin/source/land-of-apps/solidus/core/lib/spree/preferences/preferable.rb",
      "lineno": 102,
      "static": false,
      "parameters": [
        {
          "name": "name",
          "class": "Symbol",
          "object_id": 2696668,
          "value": "locale",
          "kind": "req"
        }
      ],
      "receiver": {
        "class": "Spree::BackendConfiguration",
        "object_id": 70183133001580,
        "value": "#<Spree::BackendConfiguration:0x00007fa9916c6ed8>"
      }
    },
    {
      "id": 14833,
      "event": "call",
      "thread_id": 70183062585360,
      "defined_class": "Spree::Preferences::Preferable",
      "method_id": "defined_preferences",
      "path": "/Users/kgilpin/source/land-of-apps/solidus/core/lib/spree/preferences/preferable.rb",
      "lineno": 107,
      "static": false,
      "parameters": [],
      "receiver": {
        "class": "Spree::BackendConfiguration",
        "object_id": 70183133001580,
        "value": "#<Spree::BackendConfiguration:0x00007fa9916c6ed8>"
      }
    },
    {
      "id": 14834,
      "event": "call",
      "thread_id": 70183062585360,
      "defined_class": "Spree::Preferences::PreferableClassMethods",
      "method_id": "defined_preferences",
      "path": "/Users/kgilpin/source/land-of-apps/solidus/core/lib/spree/preferences/preferable_class_methods.rb",
      "lineno": 17,
      "static": true,
      "parameters": [],
      "receiver": {
        "class": "Class",
        "object_id": 70183132504460,
        "value": "Spree::BackendConfiguration"
      }
    },
    {
      "id": 14835,
      "event": "return",
      "thread_id": 70183062585360,
      "parent_id": 14834,
      "elapsed": 0.000004,
      "return_value": {
        "class": "Array",
        "value": "[]",
        "object_id": 70183090760600
      }
    },
    {
      "id": 14836,
      "event": "return",
      "thread_id": 70183062585360,
      "parent_id": 14833,
      "elapsed": 0.000058,
      "return_value": {
        "class": "Array",
        "value": "[:locale, :unfrozen_preference_store]",
        "object_id": 70183090760160
      }
    },
    {
      "id": 14837,
      "event": "return",
      "thread_id": 70183062585360,
      "parent_id": 14832,
      "elapsed": 0.000111,
      "return_value": {
        "class": "TrueClass",
        "value": "true",
        "object_id": 20
      }
    },
    {
      "id": 14838,
      "event": "return",
      "thread_id": 70183062585360,
      "parent_id": 14831,
      "elapsed": 0.000167
    },
    {
      "id": 14839,
      "event": "call",
      "thread_id": 70183062585360,
      "defined_class": "Spree::Preferences::PreferableClassMethods",
      "method_id": "preference_getter_method",
      "path": "/Users/kgilpin/source/land-of-apps/solidus/core/lib/spree/preferences/preferable_class_methods.rb",
      "lineno": 70,
      "static": true,
      "parameters": [
        {
          "name": "name",
          "class": "Symbol",
          "object_id": 2696668,
          "value": "locale",
          "kind": "req"
        }
      ],
      "receiver": {
        "class": "Class",
        "object_id": 70183132504460,
        "value": "Spree::BackendConfiguration"
      }
    },
    {
      "id": 14840,
      "event": "return",
      "thread_id": 70183062585360,
      "parent_id": 14839,
      "elapsed": 0.000006,
      "return_value": {
        "class": "Symbol",
        "value": "preferred_locale",
        "object_id": 70183132535740
      }
    },
    {
      "id": 14841,
      "event": "call",
      "thread_id": 70183062585360,
      "defined_class": "Spree::BackendConfiguration",
      "method_id": "preferred_locale",
      "path": "/Users/kgilpin/source/land-of-apps/solidus/core/lib/spree/preferences/preferable_class_methods.rb",
      "lineno": 45,
      "static": false,
      "parameters": [],
      "receiver": {
        "class": "Spree::BackendConfiguration",
        "object_id": 70183133001580,
        "value": "#<Spree::BackendConfiguration:0x00007fa9916c6ed8>"
      }
    },
    {
      "id": 14842,
      "event": "call",
      "thread_id": 70183062585360,
      "defined_class": "Spree::Preferences::Configuration",
      "method_id": "preferences",
      "path": "/Users/kgilpin/source/land-of-apps/solidus/core/lib/spree/preferences/configuration.rb",
      "lineno": 40,
      "static": false,
      "parameters": [],
      "receiver": {
        "class": "Spree::BackendConfiguration",
        "object_id": 70183133001580,
        "value": "#<Spree::BackendConfiguration:0x00007fa9916c6ed8>"
      }
    },
    {
      "id": 14843,
      "event": "return",
      "thread_id": 70183062585360,
      "parent_id": 14842,
      "elapsed": 0.000004,
      "return_value": {
        "class": "Hash",
        "value": "{:locale=>:en, :unfrozen_preference_store=>{:locale=>:en, :unfrozen_preference_store=>nil}}",
        "object_id": 70183070665000
      }
    },
    {
      "id": 14844,
      "event": "return",
      "thread_id": 70183062585360,
      "parent_id": 14841,
      "elapsed": 0.000064,
      "return_value": {
        "class": "Symbol",
        "value": "en",
        "object_id": 2696988
      }
    },
    {
      "id": 14845,
      "event": "return",
      "thread_id": 70183062585360,
      "parent_id": 14830,
      "elapsed": 0.000391,
      "return_value": {
        "class": "Symbol",
        "value": "en",
        "object_id": 2696988
      }
    },
    {
      "id": 14846,
      "event": "call",
      "thread_id": 70183062585360,
      "defined_class": "Carmen",
      "method_id": "i18n_backend",
      "path": "/Users/kgilpin/.rbenv/versions/2.6.6/lib/ruby/gems/2.6.0/gems/carmen-1.1.3/lib/carmen.rb",
      "lineno": 38,
      "static": true,
      "parameters": [],
      "receiver": {
        "class": "Module",
        "object_id": 70183132433540,
        "value": "Carmen"
      }
    },
    {
      "id": 14847,
      "event": "return",
      "thread_id": 70183062585360,
      "parent_id": 14846,
      "elapsed": 0.000005,
      "return_value": {
        "class": "Carmen::I18n::Simple",
        "value": "#<Carmen::I18n::Simple:0x00007fa9899c4a20>",
        "object_id": 70183067460880
      }
    },
    {
      "id": 14848,
      "event": "call",
      "thread_id": 70183062585360,
      "defined_class": "Spree::Admin::UsersController",
      "method_id": "model_class",
      "path": "app/controllers/spree/admin/users_controller.rb",
      "lineno": 120,
      "static": false,
      "parameters": [],
      "receiver": {
        "class": "Spree::Admin::UsersController",
        "object_id": 70183090607440,
        "value": "#<Spree::Admin::UsersController:0x00007fa98c5eaaa0>"
      }
    },
    {
      "id": 14849,
      "event": "call",
      "thread_id": 70183062585360,
      "defined_class": "Spree",
      "method_id": "user_class",
      "path": "/Users/kgilpin/source/land-of-apps/solidus/core/lib/spree/core.rb",
      "lineno": 26,
      "static": true,
      "parameters": [],
      "receiver": {
        "class": "Module",
        "object_id": 70183075442060,
        "value": "Spree"
      }
    },
    {
      "id": 14850,
      "event": "return",
      "thread_id": 70183062585360,
      "parent_id": 14849,
      "elapsed": 0.000015,
      "return_value": {
        "class": "Class",
        "value": "Spree::LegacyUser",
        "object_id": 70183142099340
      }
    },
    {
      "id": 14851,
      "event": "return",
      "thread_id": 70183062585360,
      "parent_id": 14848,
      "elapsed": 0.000077,
      "return_value": {
        "class": "Class",
        "value": "Spree::LegacyUser",
        "object_id": 70183142099340
      }
    },
    {
      "id": 14852,
      "event": "call",
      "thread_id": 70183062585360,
      "defined_class": "Spree::Admin::UsersController",
      "method_id": "model_class",
      "path": "app/controllers/spree/admin/users_controller.rb",
      "lineno": 120,
      "static": false,
      "parameters": [],
      "receiver": {
        "class": "Spree::Admin::UsersController",
        "object_id": 70183090607440,
        "value": "#<Spree::Admin::UsersController:0x00007fa98c5eaaa0>"
      }
    },
    {
      "id": 14853,
      "event": "call",
      "thread_id": 70183062585360,
      "defined_class": "Spree",
      "method_id": "user_class",
      "path": "/Users/kgilpin/source/land-of-apps/solidus/core/lib/spree/core.rb",
      "lineno": 26,
      "static": true,
      "parameters": [],
      "receiver": {
        "class": "Module",
        "object_id": 70183075442060,
        "value": "Spree"
      }
    },
    {
      "id": 14854,
      "event": "return",
      "thread_id": 70183062585360,
      "parent_id": 14853,
      "elapsed": 0.000008,
      "return_value": {
        "class": "Class",
        "value": "Spree::LegacyUser",
        "object_id": 70183142099340
      }
    },
    {
      "id": 14855,
      "event": "return",
      "thread_id": 70183062585360,
      "parent_id": 14852,
      "elapsed": 0.000062,
      "return_value": {
        "class": "Class",
        "value": "Spree::LegacyUser",
        "object_id": 70183142099340
      }
    },
    {
      "id": 14856,
      "event": "call",
      "thread_id": 70183062585360,
      "defined_class": "CanCan::ControllerAdditions",
      "method_id": "authorize!",
      "path": "/Users/kgilpin/.rbenv/versions/2.6.6/lib/ruby/gems/2.6.0/gems/cancancan-3.1.0/lib/cancan/controller_additions.rb",
      "lineno": 337,
      "static": false,
      "parameters": [
        {
          "name": "args",
          "class": "Array",
          "object_id": 70183090826640,
          "value": "[:admin, Spree::LegacyUser(id: integer, crypted_password: string, salt: string, email: string, remem",
          "kind": "rest"
        }
      ],
      "receiver": {
        "class": "Spree::Admin::UsersController",
        "object_id": 70183090607440,
        "value": "#<Spree::Admin::UsersController:0x00007fa98c5eaaa0>"
      }
    },
    {
      "id": 14857,
      "event": "call",
      "thread_id": 70183062585360,
      "defined_class": "CanCan::Ability",
      "method_id": "authorize!",
      "path": "/Users/kgilpin/.rbenv/versions/2.6.6/lib/ruby/gems/2.6.0/gems/cancancan-3.1.0/lib/cancan/ability.rb",
      "lineno": 176,
      "static": false,
      "parameters": [
        {
          "name": "action",
          "class": "Symbol",
          "object_id": 8584668,
          "value": "admin",
          "kind": "req"
        },
        {
          "name": "subject",
          "class": "Class",
          "object_id": 70183142099340,
          "value": "Spree::LegacyUser",
          "kind": "req"
        },
        {
          "name": "args",
          "class": "Array",
          "object_id": 70183090365020,
          "value": "[]",
          "kind": "rest"
        }
      ],
      "receiver": {
        "class": "Object",
        "object_id": 70183090605200,
        "value": "#<#<Class:0x00007fa992de9e58>:0x00007fa98c5e9920>"
      }
    },
    {
      "id": 14858,
      "event": "call",
      "thread_id": 70183062585360,
      "defined_class": "CanCan::Ability",
      "method_id": "cannot?",
      "path": "/Users/kgilpin/.rbenv/versions/2.6.6/lib/ruby/gems/2.6.0/gems/cancancan-3.1.0/lib/cancan/ability.rb",
      "lineno": 87,
      "static": false,
      "parameters": [
        {
          "name": "args",
          "class": "Array",
          "object_id": 70183090837480,
          "value": "[:admin, Spree::LegacyUser(id: integer, crypted_password: string, salt: string, email: string, remem",
          "kind": "rest"
        }
      ],
      "receiver": {
        "class": "Object",
        "object_id": 70183090605200,
        "value": "#<#<Class:0x00007fa992de9e58>:0x00007fa98c5e9920>"
      }
    },
    {
      "id": 14859,
      "event": "call",
      "thread_id": 70183062585360,
      "defined_class": "CanCan::Ability",
      "method_id": "can?",
      "path": "/Users/kgilpin/.rbenv/versions/2.6.6/lib/ruby/gems/2.6.0/gems/cancancan-3.1.0/lib/cancan/ability.rb",
      "lineno": 74,
      "static": false,
      "parameters": [
        {
          "name": "action",
          "class": "Symbol",
          "object_id": 8584668,
          "value": "admin",
          "kind": "req"
        },
        {
          "name": "subject",
          "class": "Class",
          "object_id": 70183142099340,
          "value": "Spree::LegacyUser",
          "kind": "req"
        },
        {
          "name": "attribute",
          "class": "NilClass",
          "object_id": 8,
          "value": null,
          "kind": "opt"
        },
        {
          "name": "extra_args",
          "class": "NilClass",
          "object_id": 8,
          "value": null,
          "kind": "rest"
        }
      ],
      "receiver": {
        "class": "Object",
        "object_id": 70183090605200,
        "value": "#<#<Class:0x00007fa992de9e58>:0x00007fa98c5e9920>"
      }
    },
    {
      "id": 14860,
      "event": "return",
      "thread_id": 70183062585360,
      "parent_id": 14859,
      "elapsed": 0.000027
    },
    {
      "id": 14861,
      "event": "return",
      "thread_id": 70183062585360,
      "parent_id": 14858,
      "elapsed": 0.001408,
      "return_value": {
        "class": "TrueClass",
        "value": "true",
        "object_id": 20
      }
    },
    {
      "id": 14862,
      "event": "call",
      "thread_id": 70183062585360,
      "defined_class": "CanCan::UnauthorizedMessageResolver",
      "method_id": "unauthorized_message",
      "path": "/Users/kgilpin/.rbenv/versions/2.6.6/lib/ruby/gems/2.6.0/gems/cancancan-3.1.0/lib/cancan/unauthorized_message_resolver.rb",
      "lineno": 5,
      "static": false,
      "parameters": [
        {
          "name": "action",
          "class": "Symbol",
          "object_id": 8584668,
          "value": "admin",
          "kind": "req"
        },
        {
          "name": "subject",
          "class": "Class",
          "object_id": 70183142099340,
          "value": "Spree::LegacyUser",
          "kind": "req"
        }
      ],
      "receiver": {
        "class": "Object",
        "object_id": 70183090605200,
        "value": "#<#<Class:0x00007fa992de9e58>:0x00007fa98c5e9920>"
      }
    },
    {
      "id": 14863,
      "event": "call",
      "thread_id": 70183062585360,
      "defined_class": "CanCan::Ability::Actions",
      "method_id": "aliased_actions",
      "path": "/Users/kgilpin/.rbenv/versions/2.6.6/lib/ruby/gems/2.6.0/gems/cancancan-3.1.0/lib/cancan/ability/actions.rb",
      "lineno": 43,
      "static": false,
      "parameters": [],
      "receiver": {
        "class": "Object",
        "object_id": 70183090605200,
        "value": "#<#<Class:0x00007fa992de9e58>:0x00007fa98c5e9920>"
      }
    },
    {
      "id": 14864,
      "event": "return",
      "thread_id": 70183062585360,
      "parent_id": 14863,
      "elapsed": 0.000008,
      "return_value": {
        "class": "Hash",
        "value": "{:read=>[:index, :show], :create=>[:new], :update=>[:edit]}",
        "object_id": 70183090392980
      }
    },
    {
      "id": 14865,
      "event": "call",
      "thread_id": 70183062585360,
      "defined_class": "CanCan::UnauthorizedMessageResolver",
      "method_id": "translate_subject",
      "path": "/Users/kgilpin/.rbenv/versions/2.6.6/lib/ruby/gems/2.6.0/gems/cancancan-3.1.0/lib/cancan/unauthorized_message_resolver.rb",
      "lineno": 15,
      "static": false,
      "parameters": [
        {
          "name": "subject",
          "class": "Class",
          "object_id": 70183142099340,
          "value": "Spree::LegacyUser",
          "kind": "req"
        }
      ],
      "receiver": {
        "class": "Object",
        "object_id": 70183090605200,
        "value": "#<#<Class:0x00007fa992de9e58>:0x00007fa98c5e9920>"
      }
    },
    {
      "id": 14866,
      "event": "call",
      "thread_id": 70183062585360,
      "defined_class": "Spree::LegacyUser",
      "method_id": "model_name",
      "path": "/Users/kgilpin/source/land-of-apps/solidus/core/app/models/spree/legacy_user.rb",
      "lineno": 13,
      "static": true,
      "parameters": [],
      "receiver": {
        "class": "Class",
        "object_id": 70183142099340,
        "value": "Spree::LegacyUser"
      }
    },
    {
      "id": 14867,
      "event": "return",
      "thread_id": 70183062585360,
      "parent_id": 14866,
      "elapsed": 0.000159,
      "return_value": {
        "class": "ActiveModel::Name",
        "value": "user",
        "object_id": 70183090413120
      }
    },
    {
      "id": 14868,
      "event": "call",
      "thread_id": 70183062585360,
      "defined_class": "ActiveRecord::Translation",
      "method_id": "lookup_ancestors",
      "path": "/Users/kgilpin/.rbenv/versions/2.6.6/lib/ruby/gems/2.6.0/gems/activerecord-6.0.3.4/lib/active_record/translation.rb",
      "lineno": 8,
      "static": true,
      "parameters": [],
      "receiver": {
        "class": "Class",
        "object_id": 70183142099340,
        "value": "Spree::LegacyUser"
      }
    },
    {
      "id": 14869,
      "event": "return",
      "thread_id": 70183062585360,
      "parent_id": 14868,
      "elapsed": 0.000027,
      "return_value": {
        "class": "Array",
        "value": "[Spree::LegacyUser(id: integer, crypted_password: string, salt: string, email: string, remember_toke",
        "object_id": 70183090409600
      }
    },
    {
      "id": 14870,
      "event": "call",
      "thread_id": 70183062585360,
      "defined_class": "Spree::LegacyUser",
      "method_id": "model_name",
      "path": "/Users/kgilpin/source/land-of-apps/solidus/core/app/models/spree/legacy_user.rb",
      "lineno": 13,
      "static": true,
      "parameters": [],
      "receiver": {
        "class": "Class",
        "object_id": 70183142099340,
        "value": "Spree::LegacyUser"
      }
    },
    {
      "id": 14871,
      "event": "return",
      "thread_id": 70183062585360,
      "parent_id": 14870,
      "elapsed": 0.000116,
      "return_value": {
        "class": "ActiveModel::Name",
        "value": "user",
        "object_id": 70183090201780
      }
    },
    {
      "id": 14872,
      "event": "call",
      "thread_id": 70183062585360,
      "defined_class": "ActiveRecord::Translation",
      "method_id": "i18n_scope",
      "path": "/Users/kgilpin/.rbenv/versions/2.6.6/lib/ruby/gems/2.6.0/gems/activerecord-6.0.3.4/lib/active_record/translation.rb",
      "lineno": 20,
      "static": true,
      "parameters": [],
      "receiver": {
        "class": "Class",
        "object_id": 70183142099340,
        "value": "Spree::LegacyUser"
      }
    },
    {
      "id": 14873,
      "event": "return",
      "thread_id": 70183062585360,
      "parent_id": 14872,
      "elapsed": 0.000005,
      "return_value": {
        "class": "Symbol",
        "value": "activerecord",
        "object_id": 9224028
      }
    },
    {
      "id": 14874,
      "event": "return",
      "thread_id": 70183062585360,
      "parent_id": 14865,
      "elapsed": 0.00081,
      "return_value": {
        "class": "String",
        "value": "User",
        "object_id": 70183090221440
      }
    },
    {
      "id": 14875,
      "event": "return",
      "thread_id": 70183062585360,
      "parent_id": 14862,
      "elapsed": 0.003661
    },
    {
      "id": 14876,
      "event": "return",
      "thread_id": 70183062585360,
      "parent_id": 14857,
      "elapsed": 0.008221,
      "exceptions": [
        {
          "class": "CanCan::AccessDenied",
          "message": "You are not authorized to access this page.",
          "object_id": 70183090218480,
          "path": "/Users/kgilpin/.rbenv/versions/2.6.6/lib/ruby/gems/2.6.0/gems/cancancan-3.1.0/lib/cancan/ability.rb",
          "lineno": 180
        }
      ]
    },
    {
      "id": 14877,
      "event": "return",
      "thread_id": 70183062585360,
      "parent_id": 14856,
      "elapsed": 0.011427,
      "exceptions": [
        {
          "class": "CanCan::AccessDenied",
          "message": "You are not authorized to access this page.",
          "object_id": 70183090218480,
          "path": "/Users/kgilpin/.rbenv/versions/2.6.6/lib/ruby/gems/2.6.0/gems/cancancan-3.1.0/lib/cancan/ability.rb",
          "lineno": 180
        }
      ]
    },
    {
      "id": 14878,
      "event": "call",
      "thread_id": 70183062585360,
      "defined_class": "Spree::AppConfiguration",
      "method_id": "redirect_back_on_unauthorized",
      "path": "/Users/kgilpin/source/land-of-apps/solidus/core/lib/spree/preferences/preferable_class_methods.rb",
      "lineno": 45,
      "static": false,
      "parameters": [],
      "receiver": {
        "class": "Spree::AppConfiguration",
        "object_id": 70183064889180,
        "value": "#<Spree::AppConfiguration:0x00007fa9894dceb8>"
      }
    },
    {
      "id": 14879,
      "event": "call",
      "thread_id": 70183062585360,
      "defined_class": "Spree::Preferences::Configuration",
      "method_id": "preferences",
      "path": "/Users/kgilpin/source/land-of-apps/solidus/core/lib/spree/preferences/configuration.rb",
      "lineno": 40,
      "static": false,
      "parameters": [],
      "receiver": {
        "class": "Spree::AppConfiguration",
        "object_id": 70183064889180,
        "value": "#<Spree::AppConfiguration:0x00007fa9894dceb8>"
      }
    },
    {
      "id": 14880,
      "event": "return",
      "thread_id": 70183062585360,
      "parent_id": 14879,
      "elapsed": 0.000005,
      "return_value": {
        "class": "Hash",
        "value": "{:address_requires_state=>true, :admin_interface_logo=>\"logo/solidus.svg\", :admin_products_per_page=",
        "object_id": 70183131745900
      }
    },
    {
      "id": 14881,
      "event": "return",
      "thread_id": 70183062585360,
      "parent_id": 14878,
      "elapsed": 0.000185,
      "return_value": {
        "class": "TrueClass",
        "value": "true",
        "object_id": 20
      }
    },
    {
      "id": 14882,
      "event": "call",
      "thread_id": 70183062585360,
      "defined_class": "ActiveRecord::ConnectionHandling",
      "method_id": "connected?",
      "path": "/Users/kgilpin/.rbenv/versions/2.6.6/lib/ruby/gems/2.6.0/gems/activerecord-6.0.3.4/lib/active_record/connection_handling.rb",
      "lineno": 225,
      "static": true,
      "parameters": [],
      "receiver": {
        "class": "Class",
        "object_id": 70183064466740,
        "value": "ActiveRecord::Base"
      }
    },
    {
      "id": 14883,
      "event": "return",
      "thread_id": 70183062585360,
      "parent_id": 14882,
      "elapsed": 0.000032,
      "return_value": {
        "class": "TrueClass",
        "value": "true",
        "object_id": 20
      }
    },
    {
      "id": 14884,
      "event": "return",
      "thread_id": 70183062585360,
      "parent_id": 14805,
      "elapsed": 0.014642,
      "http_server_response": {
        "status": 302
      }
    },
    {
      "id": 14885,
      "event": "call",
      "thread_id": 70183062585360,
      "defined_class": "ActionDispatch::Cookies::CookieJar",
      "method_id": "update",
      "path": "/Users/kgilpin/.rbenv/versions/2.6.6/lib/ruby/gems/2.6.0/gems/actionpack-6.0.3.4/lib/action_dispatch/middleware/cookies.rb",
      "lineno": 333,
      "static": false,
      "parameters": [
        {
          "name": "other_hash",
          "class": "Hash",
          "object_id": 70183090665320,
          "value": "{\"guest_token\"=>\"BAhJIhs4VUpHaFdKWFRKc1RFZHMxaEtNaG1BBjoGRUY=--51487f22dc0e15bbed3ab8ac9feeed38f2f5f",
          "kind": "req"
        }
      ],
      "receiver": {
        "class": "ActionDispatch::Cookies::CookieJar",
        "object_id": 70183091666580,
        "value": "#<ActionDispatch::Cookies::CookieJar:0x00007fa98c7efd28>"
      }
    },
    {
      "id": 14886,
      "event": "return",
      "thread_id": 70183062585360,
      "parent_id": 14885,
      "elapsed": 0.000007,
      "return_value": {
        "class": "ActionDispatch::Cookies::CookieJar",
        "value": "#<ActionDispatch::Cookies::CookieJar:0x00007fa98c7efd28>",
        "object_id": 70183091666580
      }
    }
  ]
}