{
  "version": "1.4",
  "metadata": {
    "app": "nytem-2021/solidus",
    "language": {
      "name": "ruby",
      "engine": "ruby",
      "version": "2.6.6"
    },
    "client": {
      "name": "appmap",
      "url": "https://github.com/applandinc/appmap-ruby",
      "version": "0.41.2"
    },
    "frameworks": [
      {
        "name": "rails",
        "version": "6.0.3.4"
      },
      {
        "name": "rspec",
        "version": "3.10.0"
      }
    ],
    "git": {
      "repository": "git@github.com:land-of-apps/solidus-nytem-2021.git",
      "branch": "optimize-user-creation",
      "commit": "2e8526f32b87458b385bdd558c9be40ab86df09f",
      "status": [
        "M app/controllers/spree/admin/users_controller.rb",
        "?? ../appmaps.zip"
      ],
      "git_last_annotated_tag": "v2.10.0.beta1",
      "git_last_tag": "v2.10.0.beta1",
      "git_commits_since_last_annotated_tag": 0,
      "git_commits_since_last_tag": 0
    },
    "name": "Spree::Admin::Users::ApiKeyController #create without ability to manage users and API keys denies access",
    "feature": "Spree::Admin::Users::ApiKeyController #create",
    "feature_group": "Spree admin users api key",
    "recorder": {
      "name": "rspec"
    },
    "fingerprints": [
      {
        "appmap_digest": "1736c2e2f8c36e92107a50c226cf49b445caffe1f989771545ded6bbc75953b2",
        "canonicalization_algorithm": "beta_v1_error",
        "digest": "cc6fc83032d178a76e8989fc2e41a2253eb6d9cc319f0b52c1cdb78832595abd",
        "fingerprint_algorithm": "sha256"
      },
      {
        "appmap_digest": "1736c2e2f8c36e92107a50c226cf49b445caffe1f989771545ded6bbc75953b2",
        "canonicalization_algorithm": "beta_v1_info",
        "digest": "cc6fc83032d178a76e8989fc2e41a2253eb6d9cc319f0b52c1cdb78832595abd",
        "fingerprint_algorithm": "sha256"
      },
      {
        "appmap_digest": "1736c2e2f8c36e92107a50c226cf49b445caffe1f989771545ded6bbc75953b2",
        "canonicalization_algorithm": "beta_v1_debug",
        "digest": "2599cf2966cf1dd8a498a074b63bab294ee8dd4fb925de5310e4492f60b5b24a",
        "fingerprint_algorithm": "sha256"
      }
    ]
  },
  "classMap": [
    {
      "name": "activerecord",
      "type": "package",
      "children": [
        {
          "name": "ActiveRecord",
          "type": "class",
          "children": [
            {
              "name": "Inheritance",
              "type": "class",
              "children": [
                {
                  "name": "ClassMethods",
                  "type": "class",
                  "children": [
                    {
                      "name": "new",
                      "type": "function",
                      "location": "/Users/kgilpin/.rbenv/versions/2.6.6/lib/ruby/gems/2.6.0/gems/activerecord-6.0.3.4/lib/active_record/inheritance.rb:50",
                      "static": true
                    }
                  ]
                }
              ]
            },
            {
              "name": "ModelSchema",
              "type": "class",
              "children": [
                {
                  "name": "ClassMethods",
                  "type": "class",
                  "children": [
                    {
                      "name": "symbol_column_to_string",
                      "type": "function",
                      "location": "/Users/kgilpin/.rbenv/versions/2.6.6/lib/ruby/gems/2.6.0/gems/activerecord-6.0.3.4/lib/active_record/model_schema.rb:407",
                      "static": true
                    }
                  ]
                }
              ]
            },
            {
              "name": "Associations",
              "type": "class",
              "children": [
                {
                  "name": "association",
                  "type": "function",
                  "location": "/Users/kgilpin/.rbenv/versions/2.6.6/lib/ruby/gems/2.6.0/gems/activerecord-6.0.3.4/lib/active_record/associations.rb:230",
                  "static": false
                }
              ]
            },
            {
              "name": "ConnectionAdapters",
              "type": "class",
              "children": [
                {
                  "name": "TransactionManager",
                  "type": "class",
                  "children": [
                    {
                      "name": "commit_transaction",
                      "type": "function",
                      "location": "/Users/kgilpin/.rbenv/versions/2.6.6/lib/ruby/gems/2.6.0/gems/activerecord-6.0.3.4/lib/active_record/connection_adapters/abstract/transaction.rb:254",
                      "static": false
                    }
                  ]
                }
              ]
            },
            {
              "name": "LogSubscriber",
              "type": "class",
              "children": [
                {
                  "name": "reset_runtime",
                  "type": "function",
                  "location": "/Users/kgilpin/.rbenv/versions/2.6.6/lib/ruby/gems/2.6.0/gems/activerecord-6.0.3.4/lib/active_record/log_subscriber.rb:17",
                  "static": true
                }
              ]
            },
            {
              "name": "ConnectionHandling",
              "type": "class",
              "children": [
                {
                  "name": "connected?",
                  "type": "function",
                  "location": "/Users/kgilpin/.rbenv/versions/2.6.6/lib/ruby/gems/2.6.0/gems/activerecord-6.0.3.4/lib/active_record/connection_handling.rb:225",
                  "static": true
                }
              ]
            }
          ]
        }
      ]
    },
    {
      "name": "solidus_core",
      "type": "package",
      "children": [
        {
          "name": "Spree",
          "type": "class",
          "children": [
            {
              "name": "UserMethods",
              "type": "class",
              "children": [
                {
                  "name": "auto_generate_spree_api_key",
                  "type": "function",
                  "location": "/Users/kgilpin/source/land-of-apps/solidus/core/app/models/concerns/spree/user_methods.rb:51",
                  "static": false
                }
              ]
            },
            {
              "name": "AppConfiguration",
              "type": "class",
              "children": [
                {
                  "name": "generate_api_key_for_all_roles",
                  "type": "function",
                  "location": "/Users/kgilpin/source/land-of-apps/solidus/core/lib/spree/preferences/preferable_class_methods.rb:45",
                  "static": false
                },
                {
                  "name": "roles_for_auto_api_key",
                  "type": "function",
                  "location": "/Users/kgilpin/source/land-of-apps/solidus/core/lib/spree/preferences/preferable_class_methods.rb:45",
                  "static": false
                },
                {
                  "name": "preferred_guest_token_cookie_options",
                  "type": "function",
                  "location": "/Users/kgilpin/source/land-of-apps/solidus/core/lib/spree/preferences/preferable_class_methods.rb:45",
                  "static": false
                },
                {
                  "name": "redirect_back_on_unauthorized",
                  "type": "function",
                  "location": "/Users/kgilpin/source/land-of-apps/solidus/core/lib/spree/preferences/preferable_class_methods.rb:45",
                  "static": false
                }
              ]
            },
            {
              "name": "Preferences",
              "type": "class",
              "children": [
                {
                  "name": "Configuration",
                  "type": "class",
                  "children": [
                    {
                      "name": "preferences",
                      "type": "function",
                      "location": "/Users/kgilpin/source/land-of-apps/solidus/core/lib/spree/preferences/configuration.rb:40",
                      "static": false
                    }
                  ]
                },
                {
                  "name": "Preferable",
                  "type": "class",
                  "children": [
                    {
                      "name": "get_preference",
                      "type": "function",
                      "location": "/Users/kgilpin/source/land-of-apps/solidus/core/lib/spree/preferences/preferable.rb:66",
                      "static": false,
                      "labels": [
                        "provider.preferences"
                      ]
                    },
                    {
                      "name": "has_preference!",
                      "type": "function",
                      "location": "/Users/kgilpin/source/land-of-apps/solidus/core/lib/spree/preferences/preferable.rb:96",
                      "static": false
                    },
                    {
                      "name": "has_preference?",
                      "type": "function",
                      "location": "/Users/kgilpin/source/land-of-apps/solidus/core/lib/spree/preferences/preferable.rb:102",
                      "static": false
                    },
                    {
                      "name": "defined_preferences",
                      "type": "function",
                      "location": "/Users/kgilpin/source/land-of-apps/solidus/core/lib/spree/preferences/preferable.rb:107",
                      "static": false
                    }
                  ]
                },
                {
                  "name": "PreferableClassMethods",
                  "type": "class",
                  "children": [
                    {
                      "name": "defined_preferences",
                      "type": "function",
                      "location": "/Users/kgilpin/source/land-of-apps/solidus/core/lib/spree/preferences/preferable_class_methods.rb:17",
                      "static": true
                    },
                    {
                      "name": "preference_getter_method",
                      "type": "function",
                      "location": "/Users/kgilpin/source/land-of-apps/solidus/core/lib/spree/preferences/preferable_class_methods.rb:70",
                      "static": true
                    }
                  ]
                }
              ]
            },
            {
              "name": "Core",
              "type": "class",
              "children": [
                {
                  "name": "ControllerHelpers",
                  "type": "class",
                  "children": [
                    {
                      "name": "Auth",
                      "type": "class",
                      "children": [
                        {
                          "name": "set_guest_token",
                          "type": "function",
                          "location": "/Users/kgilpin/source/land-of-apps/solidus/core/lib/spree/core/controller_helpers/auth.rb:56",
                          "static": false
                        }
                      ]
                    }
                  ]
                }
              ]
            },
            {
              "name": "i18n_available_locales",
              "type": "function",
              "location": "/Users/kgilpin/source/land-of-apps/solidus/core/lib/spree/i18n.rb:8",
              "static": true
            },
            {
              "name": "BackendConfiguration",
              "type": "class",
              "children": [
                {
                  "name": "preferred_locale",
                  "type": "function",
                  "location": "/Users/kgilpin/source/land-of-apps/solidus/core/lib/spree/preferences/preferable_class_methods.rb:45",
                  "static": false
                }
              ]
            }
          ]
        }
      ]
    },
    {
      "name": "action_pack",
      "type": "package",
      "children": [
        {
          "name": "ActionDispatch",
          "type": "class",
          "children": [
            {
              "name": "Cookies",
              "type": "class",
              "children": [
                {
                  "name": "CookieJar",
                  "type": "class",
                  "children": [
                    {
                      "name": "update",
                      "type": "function",
                      "location": "/Users/kgilpin/.rbenv/versions/2.6.6/lib/ruby/gems/2.6.0/gems/actionpack-6.0.3.4/lib/action_dispatch/middleware/cookies.rb:333",
                      "static": false,
                      "labels": [
                        "provider.http.cookie"
                      ]
                    },
                    {
                      "name": "[]=",
                      "type": "function",
                      "location": "/Users/kgilpin/.rbenv/versions/2.6.6/lib/ruby/gems/2.6.0/gems/actionpack-6.0.3.4/lib/action_dispatch/middleware/cookies.rb:373",
                      "static": false,
                      "labels": [
                        "provider.http.cookie"
                      ]
                    }
                  ]
                }
              ]
            }
          ]
        }
      ]
    },
    {
      "name": "carmen",
      "type": "package",
      "children": [
        {
          "name": "Carmen",
          "type": "class",
          "children": [
            {
              "name": "i18n_backend",
              "type": "function",
              "location": "/Users/kgilpin/.rbenv/versions/2.6.6/lib/ruby/gems/2.6.0/gems/carmen-1.1.3/lib/carmen.rb:38",
              "static": true
            }
          ]
        }
      ]
    },
    {
      "name": "cancancan",
      "type": "package",
      "children": [
        {
          "name": "CanCan",
          "type": "class",
          "children": [
            {
              "name": "ControllerAdditions",
              "type": "class",
              "children": [
                {
                  "name": "authorize!",
                  "type": "function",
                  "location": "/Users/kgilpin/.rbenv/versions/2.6.6/lib/ruby/gems/2.6.0/gems/cancancan-3.1.0/lib/cancan/controller_additions.rb:337",
                  "static": false,
                  "labels": [
                    "provider.authorization"
                  ]
                }
              ]
            },
            {
              "name": "Ability",
              "type": "class",
              "children": [
                {
                  "name": "authorize!",
                  "type": "function",
                  "location": "/Users/kgilpin/.rbenv/versions/2.6.6/lib/ruby/gems/2.6.0/gems/cancancan-3.1.0/lib/cancan/ability.rb:176",
                  "static": false,
                  "labels": [
                    "provider.authorization"
                  ]
                },
                {
                  "name": "cannot?",
                  "type": "function",
                  "location": "/Users/kgilpin/.rbenv/versions/2.6.6/lib/ruby/gems/2.6.0/gems/cancancan-3.1.0/lib/cancan/ability.rb:87",
                  "static": false
                },
                {
                  "name": "can?",
                  "type": "function",
                  "location": "/Users/kgilpin/.rbenv/versions/2.6.6/lib/ruby/gems/2.6.0/gems/cancancan-3.1.0/lib/cancan/ability.rb:74",
                  "static": false
                },
                {
                  "name": "Actions",
                  "type": "class",
                  "children": [
                    {
                      "name": "aliased_actions",
                      "type": "function",
                      "location": "/Users/kgilpin/.rbenv/versions/2.6.6/lib/ruby/gems/2.6.0/gems/cancancan-3.1.0/lib/cancan/ability/actions.rb:43",
                      "static": false
                    }
                  ]
                }
              ]
            },
            {
              "name": "UnauthorizedMessageResolver",
              "type": "class",
              "children": [
                {
                  "name": "unauthorized_message",
                  "type": "function",
                  "location": "/Users/kgilpin/.rbenv/versions/2.6.6/lib/ruby/gems/2.6.0/gems/cancancan-3.1.0/lib/cancan/unauthorized_message_resolver.rb:5",
                  "static": false
                },
                {
                  "name": "translate_subject",
                  "type": "function",
                  "location": "/Users/kgilpin/.rbenv/versions/2.6.6/lib/ruby/gems/2.6.0/gems/cancancan-3.1.0/lib/cancan/unauthorized_message_resolver.rb:15",
                  "static": false
                }
              ]
            }
          ]
        }
      ]
    }
  ],
  "events": [
    {
      "id": 407,
      "event": "call",
      "thread_id": 70165874327560,
      "defined_class": "ActiveRecord::Inheritance::ClassMethods",
      "method_id": "new",
      "path": "/Users/kgilpin/.rbenv/versions/2.6.6/lib/ruby/gems/2.6.0/gems/activerecord-6.0.3.4/lib/active_record/inheritance.rb",
      "lineno": 50,
      "static": true,
      "parameters": [
        {
          "name": "attributes",
          "class": "NilClass",
          "object_id": 8,
          "value": null,
          "kind": "opt"
        },
        {
          "name": "block",
          "class": "NilClass",
          "object_id": 8,
          "value": null,
          "kind": "block"
        }
      ],
      "receiver": {
        "class": "Class",
        "object_id": 70165967717820,
        "value": "Spree::LegacyUser"
      }
    },
    {
      "id": 408,
      "event": "return",
      "thread_id": 70165874327560,
      "parent_id": 407,
      "elapsed": 0.000149,
      "return_value": {
        "class": "Spree::LegacyUser",
        "value": "#<Spree::LegacyUser:0x00007fa190c458e0>",
        "object_id": 70165947624560
      }
    },
    {
      "id": 409,
      "event": "call",
      "thread_id": 70165874327560,
      "sql_query": {
        "sql": "SAVEPOINT active_record_1",
        "database_type": "sqlite",
        "server_version": "3.33.0"
      }
    },
    {
      "id": 410,
      "event": "return",
      "thread_id": 70165874327560,
      "parent_id": 409,
      "elapsed": 0.000142
    },
    {
      "id": 411,
      "event": "call",
      "thread_id": 70165874327560,
      "sql_query": {
        "sql": "INSERT INTO \"spree_users\" (\"email\", \"created_at\", \"updated_at\") VALUES (?, ?, ?)",
        "database_type": "sqlite",
        "server_version": "3.33.0"
      }
    },
    {
      "id": 412,
      "event": "return",
      "thread_id": 70165874327560,
      "parent_id": 411,
      "elapsed": 0.000499
    },
    {
      "id": 413,
      "event": "call",
      "thread_id": 70165874327560,
      "defined_class": "Spree::UserMethods",
      "method_id": "auto_generate_spree_api_key",
      "path": "/Users/kgilpin/source/land-of-apps/solidus/core/app/models/concerns/spree/user_methods.rb",
      "lineno": 51,
      "static": false,
      "parameters": [],
      "receiver": {
        "class": "Spree::LegacyUser",
        "object_id": 70165947624560,
        "value": "#<Spree::LegacyUser:0x00007fa190c458e0>"
      }
    },
    {
      "id": 414,
      "event": "call",
      "thread_id": 70165874327560,
      "defined_class": "ActiveRecord::ModelSchema::ClassMethods",
      "method_id": "symbol_column_to_string",
      "path": "/Users/kgilpin/.rbenv/versions/2.6.6/lib/ruby/gems/2.6.0/gems/activerecord-6.0.3.4/lib/active_record/model_schema.rb",
      "lineno": 407,
      "static": true,
      "parameters": [
        {
          "name": "name_symbol",
          "class": "Symbol",
          "object_id": 12078428,
          "value": "spree_api_key",
          "kind": "req"
        }
      ],
      "receiver": {
        "class": "Class",
        "object_id": 70165967717820,
        "value": "Spree::LegacyUser"
      }
    },
    {
      "id": 415,
      "event": "return",
      "thread_id": 70165874327560,
      "parent_id": 414,
      "elapsed": 0.00001,
      "return_value": {
        "class": "String",
        "value": "spree_api_key",
        "object_id": 70165946545120
      }
    },
    {
      "id": 416,
      "event": "call",
      "thread_id": 70165874327560,
      "defined_class": "Spree::AppConfiguration",
      "method_id": "generate_api_key_for_all_roles",
      "path": "/Users/kgilpin/source/land-of-apps/solidus/core/lib/spree/preferences/preferable_class_methods.rb",
      "lineno": 45,
      "static": false,
      "parameters": [],
      "receiver": {
        "class": "Spree::AppConfiguration",
        "object_id": 70165880790920,
        "value": "#<Spree::AppConfiguration:0x00007fa188ccbf10>"
      }
    },
    {
      "id": 417,
      "event": "call",
      "thread_id": 70165874327560,
      "defined_class": "Spree::Preferences::Configuration",
      "method_id": "preferences",
      "path": "/Users/kgilpin/source/land-of-apps/solidus/core/lib/spree/preferences/configuration.rb",
      "lineno": 40,
      "static": false,
      "parameters": [],
      "receiver": {
        "class": "Spree::AppConfiguration",
        "object_id": 70165880790920,
        "value": "#<Spree::AppConfiguration:0x00007fa188ccbf10>"
      }
    },
    {
      "id": 418,
      "event": "return",
      "thread_id": 70165874327560,
      "parent_id": 417,
      "elapsed": 0.000005,
      "return_value": {
        "class": "Hash",
        "value": "{:address_requires_state=>true, :admin_interface_logo=>\"logo/solidus.svg\", :admin_products_per_page=",
        "object_id": 70165956123620
      }
    },
    {
      "id": 419,
      "event": "return",
      "thread_id": 70165874327560,
      "parent_id": 416,
      "elapsed": 0.000243
    },
    {
      "id": 420,
      "event": "call",
      "thread_id": 70165874327560,
      "defined_class": "ActiveRecord::Associations",
      "method_id": "association",
      "path": "/Users/kgilpin/.rbenv/versions/2.6.6/lib/ruby/gems/2.6.0/gems/activerecord-6.0.3.4/lib/active_record/associations.rb",
      "lineno": 230,
      "static": false,
      "parameters": [
        {
          "name": "name",
          "class": "Symbol",
          "object_id": 8851868,
          "value": "spree_roles",
          "kind": "req"
        }
      ],
      "receiver": {
        "class": "Spree::LegacyUser",
        "object_id": 70165947624560,
        "value": "#<Spree::LegacyUser:0x00007fa190c458e0>"
      }
    },
    {
      "id": 421,
      "event": "return",
      "thread_id": 70165874327560,
      "parent_id": 420,
      "elapsed": 0.000348,
      "return_value": {
        "class": "ActiveRecord::Associations::HasManyThroughAssociation",
        "value": "#<ActiveRecord::Associations::HasManyThroughAssociation:0x00007fa188cbbe58>",
        "object_id": 70165880758060
      }
    },
    {
      "id": 422,
      "event": "call",
      "thread_id": 70165874327560,
      "sql_query": {
        "sql": "SELECT \"spree_roles\".* FROM \"spree_roles\" INNER JOIN \"spree_roles_users\" ON \"spree_roles\".\"id\" = \"spree_roles_users\".\"role_id\" WHERE \"spree_roles_users\".\"user_id\" = ?",
        "database_type": "sqlite",
        "server_version": "3.33.0"
      }
    },
    {
      "id": 423,
      "event": "return",
      "thread_id": 70165874327560,
      "parent_id": 422,
      "elapsed": 0.00021
    },
    {
      "id": 424,
      "event": "call",
      "thread_id": 70165874327560,
      "defined_class": "Spree::AppConfiguration",
      "method_id": "roles_for_auto_api_key",
      "path": "/Users/kgilpin/source/land-of-apps/solidus/core/lib/spree/preferences/preferable_class_methods.rb",
      "lineno": 45,
      "static": false,
      "parameters": [],
      "receiver": {
        "class": "Spree::AppConfiguration",
        "object_id": 70165880790920,
        "value": "#<Spree::AppConfiguration:0x00007fa188ccbf10>"
      }
    },
    {
      "id": 425,
      "event": "call",
      "thread_id": 70165874327560,
      "defined_class": "Spree::Preferences::Configuration",
      "method_id": "preferences",
      "path": "/Users/kgilpin/source/land-of-apps/solidus/core/lib/spree/preferences/configuration.rb",
      "lineno": 40,
      "static": false,
      "parameters": [],
      "receiver": {
        "class": "Spree::AppConfiguration",
        "object_id": 70165880790920,
        "value": "#<Spree::AppConfiguration:0x00007fa188ccbf10>"
      }
    },
    {
      "id": 426,
      "event": "return",
      "thread_id": 70165874327560,
      "parent_id": 425,
      "elapsed": 0.000006,
      "return_value": {
        "class": "Hash",
        "value": "{:address_requires_state=>true, :admin_interface_logo=>\"logo/solidus.svg\", :admin_products_per_page=",
        "object_id": 70165956123620
      }
    },
    {
      "id": 427,
      "event": "return",
      "thread_id": 70165874327560,
      "parent_id": 424,
      "elapsed": 0.000206,
      "return_value": {
        "class": "Array",
        "value": "[\"admin\"]",
        "object_id": 70165955494580
      }
    },
    {
      "id": 428,
      "event": "return",
      "thread_id": 70165874327560,
      "parent_id": 413,
      "elapsed": 0.008534
    },
    {
      "id": 429,
      "event": "call",
      "thread_id": 70165874327560,
      "defined_class": "ActiveRecord::ConnectionAdapters::TransactionManager",
      "method_id": "commit_transaction",
      "path": "/Users/kgilpin/.rbenv/versions/2.6.6/lib/ruby/gems/2.6.0/gems/activerecord-6.0.3.4/lib/active_record/connection_adapters/abstract/transaction.rb",
      "lineno": 254,
      "static": false,
      "parameters": [],
      "receiver": {
        "class": "ActiveRecord::ConnectionAdapters::TransactionManager",
        "object_id": 70165967264040,
        "value": "#<ActiveRecord::ConnectionAdapters::TransactionManager:0x00007fa1931bb250>"
      }
    },
    {
      "id": 430,
      "event": "call",
      "thread_id": 70165874327560,
      "sql_query": {
        "sql": "RELEASE SAVEPOINT active_record_1",
        "database_type": "sqlite",
        "server_version": "3.33.0"
      }
    },
    {
      "id": 431,
      "event": "return",
      "thread_id": 70165874327560,
      "parent_id": 430,
      "elapsed": 0.000147
    },
    {
      "id": 432,
      "event": "return",
      "thread_id": 70165874327560,
      "parent_id": 429,
      "elapsed": 0.002995
    },
    {
      "id": 433,
      "event": "call",
      "thread_id": 70165874327560,
      "defined_class": "ActionDispatch::Cookies::CookieJar",
      "method_id": "update",
      "path": "/Users/kgilpin/.rbenv/versions/2.6.6/lib/ruby/gems/2.6.0/gems/actionpack-6.0.3.4/lib/action_dispatch/middleware/cookies.rb",
      "lineno": 333,
      "static": false,
      "parameters": [
        {
          "name": "other_hash",
          "class": "ActiveSupport::HashWithIndifferentAccess",
          "object_id": 70165947609700,
          "value": "{}",
          "kind": "req"
        }
      ],
      "receiver": {
        "class": "ActionDispatch::Cookies::CookieJar",
        "object_id": 70165884189340,
        "value": "#<ActionDispatch::Cookies::CookieJar:0x00007fa189347538>"
      }
    },
    {
      "id": 434,
      "event": "return",
      "thread_id": 70165874327560,
      "parent_id": 433,
      "elapsed": 0.000014,
      "return_value": {
        "class": "ActionDispatch::Cookies::CookieJar",
        "value": "#<ActionDispatch::Cookies::CookieJar:0x00007fa189347538>",
        "object_id": 70165884189340
      }
    },
    {
      "id": 435,
      "event": "call",
      "thread_id": 70165874327560,
      "defined_class": "ActionDispatch::Cookies::CookieJar",
      "method_id": "update",
      "path": "/Users/kgilpin/.rbenv/versions/2.6.6/lib/ruby/gems/2.6.0/gems/actionpack-6.0.3.4/lib/action_dispatch/middleware/cookies.rb",
      "lineno": 333,
      "static": false,
      "parameters": [
        {
          "name": "other_hash",
          "class": "ActiveSupport::HashWithIndifferentAccess",
          "object_id": 70165947609700,
          "value": "{}",
          "kind": "req"
        }
      ],
      "receiver": {
        "class": "ActionDispatch::Cookies::CookieJar",
        "object_id": 70165884189340,
        "value": "#<ActionDispatch::Cookies::CookieJar:0x00007fa189347538>"
      }
    },
    {
      "id": 436,
      "event": "return",
      "thread_id": 70165874327560,
      "parent_id": 435,
      "elapsed": 0.000008,
      "return_value": {
        "class": "ActionDispatch::Cookies::CookieJar",
        "value": "#<ActionDispatch::Cookies::CookieJar:0x00007fa189347538>",
        "object_id": 70165884189340
      }
    },
    {
      "id": 437,
      "event": "call",
      "thread_id": 70165874327560,
      "defined_class": "ActionDispatch::Cookies::CookieJar",
      "method_id": "update",
      "path": "/Users/kgilpin/.rbenv/versions/2.6.6/lib/ruby/gems/2.6.0/gems/actionpack-6.0.3.4/lib/action_dispatch/middleware/cookies.rb",
      "lineno": 333,
      "static": false,
      "parameters": [
        {
          "name": "other_hash",
          "class": "ActiveSupport::HashWithIndifferentAccess",
          "object_id": 70165947609700,
          "value": "{}",
          "kind": "req"
        }
      ],
      "receiver": {
        "class": "ActionDispatch::Cookies::CookieJar",
        "object_id": 70165884184060,
        "value": "#<ActionDispatch::Cookies::CookieJar:0x00007fa189344bf8>"
      }
    },
    {
      "id": 438,
      "event": "return",
      "thread_id": 70165874327560,
      "parent_id": 437,
      "elapsed": 0.000008,
      "return_value": {
        "class": "ActionDispatch::Cookies::CookieJar",
        "value": "#<ActionDispatch::Cookies::CookieJar:0x00007fa189344bf8>",
        "object_id": 70165884184060
      }
    },
    {
      "id": 439,
      "event": "call",
      "thread_id": 70165874327560,
      "defined_class": "ActiveRecord::LogSubscriber",
      "method_id": "reset_runtime",
      "path": "/Users/kgilpin/.rbenv/versions/2.6.6/lib/ruby/gems/2.6.0/gems/activerecord-6.0.3.4/lib/active_record/log_subscriber.rb",
      "lineno": 17,
      "static": true,
      "parameters": [],
      "receiver": {
        "class": "Class",
        "object_id": 70165954743940,
        "value": "ActiveRecord::LogSubscriber"
      }
    },
    {
      "id": 440,
      "event": "return",
      "thread_id": 70165874327560,
      "parent_id": 439,
      "elapsed": 0.000015,
      "return_value": {
        "class": "Float",
        "value": "1.0519999777898192",
        "object_id": -34155300374183936
      }
    },
    {
      "id": 441,
      "event": "call",
      "thread_id": 70165874327560,
      "http_server_request": {
        "request_method": "DELETE",
        "path_info": "/admin/users/1/api_key",
        "normalized_path_info": "/admin/users/:user_id/api_key(.:format)"
      },
      "message": [
        {
          "name": "user_id",
          "class": "String",
          "value": "1",
          "object_id": 70165884200760
        },
        {
          "name": "controller",
          "class": "String",
          "value": "spree/admin/users/api_key",
          "object_id": 70165883988760
        },
        {
          "name": "action",
          "class": "String",
          "value": "destroy",
          "object_id": 70165884189380
        }
      ]
    },
    {
      "id": 442,
      "event": "call",
      "thread_id": 70165874327560,
      "defined_class": "Spree::Core::ControllerHelpers::Auth",
      "method_id": "set_guest_token",
      "path": "/Users/kgilpin/source/land-of-apps/solidus/core/lib/spree/core/controller_helpers/auth.rb",
      "lineno": 56,
      "static": false,
      "parameters": [],
      "receiver": {
        "class": "Spree::Admin::Users::ApiKeyController",
        "object_id": 70165947609820,
        "value": "#<Spree::Admin::Users::ApiKeyController:0x00007fa190c3e5b8>"
      }
    },
    {
      "id": 443,
      "event": "call",
      "thread_id": 70165874327560,
      "defined_class": "ActionDispatch::Cookies::CookieJar",
      "method_id": "update",
      "path": "/Users/kgilpin/.rbenv/versions/2.6.6/lib/ruby/gems/2.6.0/gems/actionpack-6.0.3.4/lib/action_dispatch/middleware/cookies.rb",
      "lineno": 333,
      "static": false,
      "parameters": [
        {
          "name": "other_hash",
          "class": "Hash",
          "object_id": 70165884250080,
          "value": "{}",
          "kind": "req"
        }
      ],
      "receiver": {
        "class": "ActionDispatch::Cookies::CookieJar",
        "object_id": 70165884249860,
        "value": "#<ActionDispatch::Cookies::CookieJar:0x00007fa189364e08>"
      }
    },
    {
      "id": 444,
      "event": "return",
      "thread_id": 70165874327560,
      "parent_id": 443,
      "elapsed": 0.000006,
      "return_value": {
        "class": "ActionDispatch::Cookies::CookieJar",
        "value": "#<ActionDispatch::Cookies::CookieJar:0x00007fa189364e08>",
        "object_id": 70165884249860
      }
    },
    {
      "id": 445,
      "event": "call",
      "thread_id": 70165874327560,
      "defined_class": "Spree::Preferences::Preferable",
      "method_id": "get_preference",
      "path": "/Users/kgilpin/source/land-of-apps/solidus/core/lib/spree/preferences/preferable.rb",
      "lineno": 66,
      "static": false,
      "parameters": [
        {
          "name": "name",
          "class": "Symbol",
          "object_id": 8554908,
          "value": "guest_token_cookie_options",
          "kind": "req"
        }
      ],
      "receiver": {
        "class": "Spree::AppConfiguration",
        "object_id": 70165880790920,
        "value": "#<Spree::AppConfiguration:0x00007fa188ccbf10>"
      }
    },
    {
      "id": 446,
      "event": "call",
      "thread_id": 70165874327560,
      "defined_class": "Spree::Preferences::Preferable",
      "method_id": "has_preference!",
      "path": "/Users/kgilpin/source/land-of-apps/solidus/core/lib/spree/preferences/preferable.rb",
      "lineno": 96,
      "static": false,
      "parameters": [
        {
          "name": "name",
          "class": "Symbol",
          "object_id": 8554908,
          "value": "guest_token_cookie_options",
          "kind": "req"
        }
      ],
      "receiver": {
        "class": "Spree::AppConfiguration",
        "object_id": 70165880790920,
        "value": "#<Spree::AppConfiguration:0x00007fa188ccbf10>"
      }
    },
    {
      "id": 447,
      "event": "call",
      "thread_id": 70165874327560,
      "defined_class": "Spree::Preferences::Preferable",
      "method_id": "has_preference?",
      "path": "/Users/kgilpin/source/land-of-apps/solidus/core/lib/spree/preferences/preferable.rb",
      "lineno": 102,
      "static": false,
      "parameters": [
        {
          "name": "name",
          "class": "Symbol",
          "object_id": 8554908,
          "value": "guest_token_cookie_options",
          "kind": "req"
        }
      ],
      "receiver": {
        "class": "Spree::AppConfiguration",
        "object_id": 70165880790920,
        "value": "#<Spree::AppConfiguration:0x00007fa188ccbf10>"
      }
    },
    {
      "id": 448,
      "event": "call",
      "thread_id": 70165874327560,
      "defined_class": "Spree::Preferences::Preferable",
      "method_id": "defined_preferences",
      "path": "/Users/kgilpin/source/land-of-apps/solidus/core/lib/spree/preferences/preferable.rb",
      "lineno": 107,
      "static": false,
      "parameters": [],
      "receiver": {
        "class": "Spree::AppConfiguration",
        "object_id": 70165880790920,
        "value": "#<Spree::AppConfiguration:0x00007fa188ccbf10>"
      }
    },
    {
      "id": 449,
      "event": "call",
      "thread_id": 70165874327560,
      "defined_class": "Spree::Preferences::PreferableClassMethods",
      "method_id": "defined_preferences",
      "path": "/Users/kgilpin/source/land-of-apps/solidus/core/lib/spree/preferences/preferable_class_methods.rb",
      "lineno": 17,
      "static": true,
      "parameters": [],
      "receiver": {
        "class": "Class",
        "object_id": 70165955190500,
        "value": "Spree::AppConfiguration"
      }
    },
    {
      "id": 450,
      "event": "return",
      "thread_id": 70165874327560,
      "parent_id": 449,
      "elapsed": 0.000004,
      "return_value": {
        "class": "Array",
        "value": "[]",
        "object_id": 70165884283000
      }
    },
    {
      "id": 451,
      "event": "return",
      "thread_id": 70165874327560,
      "parent_id": 448,
      "elapsed": 0.000062,
      "return_value": {
        "class": "Array",
        "value": "[:address_requires_state, :admin_interface_logo, :admin_products_per_page, :admin_variants_per_page,",
        "object_id": 70165884281960
      }
    },
    {
      "id": 452,
      "event": "return",
      "thread_id": 70165874327560,
      "parent_id": 447,
      "elapsed": 0.000156,
      "return_value": {
        "class": "TrueClass",
        "value": "true",
        "object_id": 20
      }
    },
    {
      "id": 453,
      "event": "return",
      "thread_id": 70165874327560,
      "parent_id": 446,
      "elapsed": 0.000215
    },
    {
      "id": 454,
      "event": "call",
      "thread_id": 70165874327560,
      "defined_class": "Spree::Preferences::PreferableClassMethods",
      "method_id": "preference_getter_method",
      "path": "/Users/kgilpin/source/land-of-apps/solidus/core/lib/spree/preferences/preferable_class_methods.rb",
      "lineno": 70,
      "static": true,
      "parameters": [
        {
          "name": "name",
          "class": "Symbol",
          "object_id": 8554908,
          "value": "guest_token_cookie_options",
          "kind": "req"
        }
      ],
      "receiver": {
        "class": "Class",
        "object_id": 70165955190500,
        "value": "Spree::AppConfiguration"
      }
    },
    {
      "id": 455,
      "event": "return",
      "thread_id": 70165874327560,
      "parent_id": 454,
      "elapsed": 0.000006,
      "return_value": {
        "class": "Symbol",
        "value": "preferred_guest_token_cookie_options",
        "object_id": 70165955244980
      }
    },
    {
      "id": 456,
      "event": "call",
      "thread_id": 70165874327560,
      "defined_class": "Spree::AppConfiguration",
      "method_id": "preferred_guest_token_cookie_options",
      "path": "/Users/kgilpin/source/land-of-apps/solidus/core/lib/spree/preferences/preferable_class_methods.rb",
      "lineno": 45,
      "static": false,
      "parameters": [],
      "receiver": {
        "class": "Spree::AppConfiguration",
        "object_id": 70165880790920,
        "value": "#<Spree::AppConfiguration:0x00007fa188ccbf10>"
      }
    },
    {
      "id": 457,
      "event": "call",
      "thread_id": 70165874327560,
      "defined_class": "Spree::Preferences::Configuration",
      "method_id": "preferences",
      "path": "/Users/kgilpin/source/land-of-apps/solidus/core/lib/spree/preferences/configuration.rb",
      "lineno": 40,
      "static": false,
      "parameters": [],
      "receiver": {
        "class": "Spree::AppConfiguration",
        "object_id": 70165880790920,
        "value": "#<Spree::AppConfiguration:0x00007fa188ccbf10>"
      }
    },
    {
      "id": 458,
      "event": "return",
      "thread_id": 70165874327560,
      "parent_id": 457,
      "elapsed": 0.000005,
      "return_value": {
        "class": "Hash",
        "value": "{:address_requires_state=>true, :admin_interface_logo=>\"logo/solidus.svg\", :admin_products_per_page=",
        "object_id": 70165956123620
      }
    },
    {
      "id": 459,
      "event": "return",
      "thread_id": 70165874327560,
      "parent_id": 456,
      "elapsed": 0.000183,
      "return_value": {
        "class": "Hash",
        "value": "{}",
        "object_id": 70165955246040
      }
    },
    {
      "id": 460,
      "event": "return",
      "thread_id": 70165874327560,
      "parent_id": 445,
      "elapsed": 0.000569,
      "return_value": {
        "class": "Hash",
        "value": "{}",
        "object_id": 70165955246040
      }
    },
    {
      "id": 461,
      "event": "call",
      "thread_id": 70165874327560,
      "defined_class": "ActionDispatch::Cookies::CookieJar",
      "method_id": "[]=",
      "path": "/Users/kgilpin/.rbenv/versions/2.6.6/lib/ruby/gems/2.6.0/gems/actionpack-6.0.3.4/lib/action_dispatch/middleware/cookies.rb",
      "lineno": 373,
      "static": false,
      "parameters": [
        {
          "name": "name",
          "class": "Symbol",
          "object_id": 8800988,
          "value": "guest_token",
          "kind": "req"
        },
        {
          "name": "options",
          "class": "Hash",
          "object_id": 70165884434520,
          "value": "{:value=>\"BAhJIhtQa1k0LWNWdHZCakczazduS3MtbWl3BjoGRUY=--d4185c0e9d81afa0efe905719fe67aec07a70513\", :",
          "kind": "req"
        }
      ],
      "receiver": {
        "class": "ActionDispatch::Cookies::CookieJar",
        "object_id": 70165884249860,
        "value": "#<ActionDispatch::Cookies::CookieJar:0x00007fa189364e08>"
      }
    },
    {
      "id": 462,
      "event": "return",
      "thread_id": 70165874327560,
      "parent_id": 461,
      "elapsed": 0.000012,
      "return_value": {
        "class": "String",
        "value": "BAhJIhtQa1k0LWNWdHZCakczazduS3MtbWl3BjoGRUY=--d4185c0e9d81afa0efe905719fe67aec07a70513",
        "object_id": 70165884434060
      }
    },
    {
      "id": 463,
      "event": "return",
      "thread_id": 70165874327560,
      "parent_id": 442,
      "elapsed": 0.001002,
      "return_value": {
        "class": "Hash",
        "value": "{:value=>\"BAhJIhtQa1k0LWNWdHZCakczazduS3MtbWl3BjoGRUY=--d4185c0e9d81afa0efe905719fe67aec07a70513\", :",
        "object_id": 70165884434520
      }
    },
    {
      "id": 464,
      "event": "call",
      "thread_id": 70165874327560,
      "defined_class": "Spree",
      "method_id": "i18n_available_locales",
      "path": "/Users/kgilpin/source/land-of-apps/solidus/core/lib/spree/i18n.rb",
      "lineno": 8,
      "static": true,
      "parameters": [],
      "receiver": {
        "class": "Module",
        "object_id": 70165903731900,
        "value": "Spree"
      }
    },
    {
      "id": 465,
      "event": "return",
      "thread_id": 70165874327560,
      "parent_id": 464,
      "elapsed": 0.000204,
      "return_value": {
        "class": "Array",
        "value": "[:en]",
        "object_id": 70165884479700
      }
    },
    {
      "id": 466,
      "event": "call",
      "thread_id": 70165874327560,
      "defined_class": "Spree::Preferences::Preferable",
      "method_id": "get_preference",
      "path": "/Users/kgilpin/source/land-of-apps/solidus/core/lib/spree/preferences/preferable.rb",
      "lineno": 66,
      "static": false,
      "parameters": [
        {
          "name": "name",
          "class": "Symbol",
          "object_id": 2696668,
          "value": "locale",
          "kind": "req"
        }
      ],
      "receiver": {
        "class": "Spree::BackendConfiguration",
        "object_id": 70165957348580,
        "value": "#<Spree::BackendConfiguration:0x00007fa191ed19c8>"
      }
    },
    {
      "id": 467,
      "event": "call",
      "thread_id": 70165874327560,
      "defined_class": "Spree::Preferences::Preferable",
      "method_id": "has_preference!",
      "path": "/Users/kgilpin/source/land-of-apps/solidus/core/lib/spree/preferences/preferable.rb",
      "lineno": 96,
      "static": false,
      "parameters": [
        {
          "name": "name",
          "class": "Symbol",
          "object_id": 2696668,
          "value": "locale",
          "kind": "req"
        }
      ],
      "receiver": {
        "class": "Spree::BackendConfiguration",
        "object_id": 70165957348580,
        "value": "#<Spree::BackendConfiguration:0x00007fa191ed19c8>"
      }
    },
    {
      "id": 468,
      "event": "call",
      "thread_id": 70165874327560,
      "defined_class": "Spree::Preferences::Preferable",
      "method_id": "has_preference?",
      "path": "/Users/kgilpin/source/land-of-apps/solidus/core/lib/spree/preferences/preferable.rb",
      "lineno": 102,
      "static": false,
      "parameters": [
        {
          "name": "name",
          "class": "Symbol",
          "object_id": 2696668,
          "value": "locale",
          "kind": "req"
        }
      ],
      "receiver": {
        "class": "Spree::BackendConfiguration",
        "object_id": 70165957348580,
        "value": "#<Spree::BackendConfiguration:0x00007fa191ed19c8>"
      }
    },
    {
      "id": 469,
      "event": "call",
      "thread_id": 70165874327560,
      "defined_class": "Spree::Preferences::Preferable",
      "method_id": "defined_preferences",
      "path": "/Users/kgilpin/source/land-of-apps/solidus/core/lib/spree/preferences/preferable.rb",
      "lineno": 107,
      "static": false,
      "parameters": [],
      "receiver": {
        "class": "Spree::BackendConfiguration",
        "object_id": 70165957348580,
        "value": "#<Spree::BackendConfiguration:0x00007fa191ed19c8>"
      }
    },
    {
      "id": 470,
      "event": "call",
      "thread_id": 70165874327560,
      "defined_class": "Spree::Preferences::PreferableClassMethods",
      "method_id": "defined_preferences",
      "path": "/Users/kgilpin/source/land-of-apps/solidus/core/lib/spree/preferences/preferable_class_methods.rb",
      "lineno": 17,
      "static": true,
      "parameters": [],
      "receiver": {
        "class": "Class",
        "object_id": 70165956884400,
        "value": "Spree::BackendConfiguration"
      }
    },
    {
      "id": 471,
      "event": "return",
      "thread_id": 70165874327560,
      "parent_id": 470,
      "elapsed": 0.000005,
      "return_value": {
        "class": "Array",
        "value": "[]",
        "object_id": 70165884631260
      }
    },
    {
      "id": 472,
      "event": "return",
      "thread_id": 70165874327560,
      "parent_id": 469,
      "elapsed": 0.000061,
      "return_value": {
        "class": "Array",
        "value": "[:locale, :unfrozen_preference_store]",
        "object_id": 70165884630460
      }
    },
    {
      "id": 473,
      "event": "return",
      "thread_id": 70165874327560,
      "parent_id": 468,
      "elapsed": 0.000118,
      "return_value": {
        "class": "TrueClass",
        "value": "true",
        "object_id": 20
      }
    },
    {
      "id": 474,
      "event": "return",
      "thread_id": 70165874327560,
      "parent_id": 467,
      "elapsed": 0.000178
    },
    {
      "id": 475,
      "event": "call",
      "thread_id": 70165874327560,
      "defined_class": "Spree::Preferences::PreferableClassMethods",
      "method_id": "preference_getter_method",
      "path": "/Users/kgilpin/source/land-of-apps/solidus/core/lib/spree/preferences/preferable_class_methods.rb",
      "lineno": 70,
      "static": true,
      "parameters": [
        {
          "name": "name",
          "class": "Symbol",
          "object_id": 2696668,
          "value": "locale",
          "kind": "req"
        }
      ],
      "receiver": {
        "class": "Class",
        "object_id": 70165956884400,
        "value": "Spree::BackendConfiguration"
      }
    },
    {
      "id": 476,
      "event": "return",
      "thread_id": 70165874327560,
      "parent_id": 475,
      "elapsed": 0.000006,
      "return_value": {
        "class": "Symbol",
        "value": "preferred_locale",
        "object_id": 70165956883180
      }
    },
    {
      "id": 477,
      "event": "call",
      "thread_id": 70165874327560,
      "defined_class": "Spree::BackendConfiguration",
      "method_id": "preferred_locale",
      "path": "/Users/kgilpin/source/land-of-apps/solidus/core/lib/spree/preferences/preferable_class_methods.rb",
      "lineno": 45,
      "static": false,
      "parameters": [],
      "receiver": {
        "class": "Spree::BackendConfiguration",
        "object_id": 70165957348580,
        "value": "#<Spree::BackendConfiguration:0x00007fa191ed19c8>"
      }
    },
    {
      "id": 478,
      "event": "call",
      "thread_id": 70165874327560,
      "defined_class": "Spree::Preferences::Configuration",
      "method_id": "preferences",
      "path": "/Users/kgilpin/source/land-of-apps/solidus/core/lib/spree/preferences/configuration.rb",
      "lineno": 40,
      "static": false,
      "parameters": [],
      "receiver": {
        "class": "Spree::BackendConfiguration",
        "object_id": 70165957348580,
        "value": "#<Spree::BackendConfiguration:0x00007fa191ed19c8>"
      }
    },
    {
      "id": 479,
      "event": "return",
      "thread_id": 70165874327560,
      "parent_id": 478,
      "elapsed": 0.000005,
      "return_value": {
        "class": "Hash",
        "value": "{:locale=>:en, :unfrozen_preference_store=>{:locale=>:en, :unfrozen_preference_store=>nil}}",
        "object_id": 70165946446000
      }
    },
    {
      "id": 480,
      "event": "return",
      "thread_id": 70165874327560,
      "parent_id": 477,
      "elapsed": 0.000066,
      "return_value": {
        "class": "Symbol",
        "value": "en",
        "object_id": 2696988
      }
    },
    {
      "id": 481,
      "event": "return",
      "thread_id": 70165874327560,
      "parent_id": 466,
      "elapsed": 0.000413,
      "return_value": {
        "class": "Symbol",
        "value": "en",
        "object_id": 2696988
      }
    },
    {
      "id": 482,
      "event": "call",
      "thread_id": 70165874327560,
      "defined_class": "Carmen",
      "method_id": "i18n_backend",
      "path": "/Users/kgilpin/.rbenv/versions/2.6.6/lib/ruby/gems/2.6.0/gems/carmen-1.1.3/lib/carmen.rb",
      "lineno": 38,
      "static": true,
      "parameters": [],
      "receiver": {
        "class": "Module",
        "object_id": 70165956773220,
        "value": "Carmen"
      }
    },
    {
      "id": 483,
      "event": "return",
      "thread_id": 70165874327560,
      "parent_id": 482,
      "elapsed": 0.000005,
      "return_value": {
        "class": "Carmen::I18n::Simple",
        "value": "#<Carmen::I18n::Simple:0x00007fa18bacee80>",
        "object_id": 70165904914240
      }
    },
    {
      "id": 484,
      "event": "call",
      "thread_id": 70165874327560,
      "defined_class": "CanCan::ControllerAdditions",
      "method_id": "authorize!",
      "path": "/Users/kgilpin/.rbenv/versions/2.6.6/lib/ruby/gems/2.6.0/gems/cancancan-3.1.0/lib/cancan/controller_additions.rb",
      "lineno": 337,
      "static": false,
      "parameters": [
        {
          "name": "args",
          "class": "Array",
          "object_id": 70165884695020,
          "value": "[:admin, :api_key]",
          "kind": "rest"
        }
      ],
      "receiver": {
        "class": "Spree::Admin::Users::ApiKeyController",
        "object_id": 70165947609820,
        "value": "#<Spree::Admin::Users::ApiKeyController:0x00007fa190c3e5b8>"
      }
    },
    {
      "id": 485,
      "event": "call",
      "thread_id": 70165874327560,
      "defined_class": "CanCan::Ability",
      "method_id": "authorize!",
      "path": "/Users/kgilpin/.rbenv/versions/2.6.6/lib/ruby/gems/2.6.0/gems/cancancan-3.1.0/lib/cancan/ability.rb",
      "lineno": 176,
      "static": false,
      "parameters": [
        {
          "name": "action",
          "class": "Symbol",
          "object_id": 8584668,
          "value": "admin",
          "kind": "req"
        },
        {
          "name": "subject",
          "class": "Symbol",
          "object_id": 2646748,
          "value": "api_key",
          "kind": "req"
        },
        {
          "name": "args",
          "class": "Array",
          "object_id": 70165884727720,
          "value": "[]",
          "kind": "rest"
        }
      ],
      "receiver": {
        "class": "Object",
        "object_id": 70165947607700,
        "value": "#<#<Class:0x00007fa18a38dfa0>:0x00007fa190c3d528>"
      }
    },
    {
      "id": 486,
      "event": "call",
      "thread_id": 70165874327560,
      "defined_class": "CanCan::Ability",
      "method_id": "cannot?",
      "path": "/Users/kgilpin/.rbenv/versions/2.6.6/lib/ruby/gems/2.6.0/gems/cancancan-3.1.0/lib/cancan/ability.rb",
      "lineno": 87,
      "static": false,
      "parameters": [
        {
          "name": "args",
          "class": "Array",
          "object_id": 70165884754560,
          "value": "[:admin, :api_key]",
          "kind": "rest"
        }
      ],
      "receiver": {
        "class": "Object",
        "object_id": 70165947607700,
        "value": "#<#<Class:0x00007fa18a38dfa0>:0x00007fa190c3d528>"
      }
    },
    {
      "id": 487,
      "event": "call",
      "thread_id": 70165874327560,
      "defined_class": "CanCan::Ability",
      "method_id": "can?",
      "path": "/Users/kgilpin/.rbenv/versions/2.6.6/lib/ruby/gems/2.6.0/gems/cancancan-3.1.0/lib/cancan/ability.rb",
      "lineno": 74,
      "static": false,
      "parameters": [
        {
          "name": "action",
          "class": "Symbol",
          "object_id": 8584668,
          "value": "admin",
          "kind": "req"
        },
        {
          "name": "subject",
          "class": "Symbol",
          "object_id": 2646748,
          "value": "api_key",
          "kind": "req"
        },
        {
          "name": "attribute",
          "class": "NilClass",
          "object_id": 8,
          "value": null,
          "kind": "opt"
        },
        {
          "name": "extra_args",
          "class": "NilClass",
          "object_id": 8,
          "value": null,
          "kind": "rest"
        }
      ],
      "receiver": {
        "class": "Object",
        "object_id": 70165947607700,
        "value": "#<#<Class:0x00007fa18a38dfa0>:0x00007fa190c3d528>"
      }
    },
    {
      "id": 488,
      "event": "return",
      "thread_id": 70165874327560,
      "parent_id": 487,
      "elapsed": 0.000024
    },
    {
      "id": 489,
      "event": "return",
      "thread_id": 70165874327560,
      "parent_id": 486,
      "elapsed": 0.001483,
      "return_value": {
        "class": "TrueClass",
        "value": "true",
        "object_id": 20
      }
    },
    {
      "id": 490,
      "event": "call",
      "thread_id": 70165874327560,
      "defined_class": "CanCan::UnauthorizedMessageResolver",
      "method_id": "unauthorized_message",
      "path": "/Users/kgilpin/.rbenv/versions/2.6.6/lib/ruby/gems/2.6.0/gems/cancancan-3.1.0/lib/cancan/unauthorized_message_resolver.rb",
      "lineno": 5,
      "static": false,
      "parameters": [
        {
          "name": "action",
          "class": "Symbol",
          "object_id": 8584668,
          "value": "admin",
          "kind": "req"
        },
        {
          "name": "subject",
          "class": "Symbol",
          "object_id": 2646748,
          "value": "api_key",
          "kind": "req"
        }
      ],
      "receiver": {
        "class": "Object",
        "object_id": 70165947607700,
        "value": "#<#<Class:0x00007fa18a38dfa0>:0x00007fa190c3d528>"
      }
    },
    {
      "id": 491,
      "event": "call",
      "thread_id": 70165874327560,
      "defined_class": "CanCan::Ability::Actions",
      "method_id": "aliased_actions",
      "path": "/Users/kgilpin/.rbenv/versions/2.6.6/lib/ruby/gems/2.6.0/gems/cancancan-3.1.0/lib/cancan/ability/actions.rb",
      "lineno": 43,
      "static": false,
      "parameters": [],
      "receiver": {
        "class": "Object",
        "object_id": 70165947607700,
        "value": "#<#<Class:0x00007fa18a38dfa0>:0x00007fa190c3d528>"
      }
    },
    {
      "id": 492,
      "event": "return",
      "thread_id": 70165874327560,
      "parent_id": 491,
      "elapsed": 0.000009,
      "return_value": {
        "class": "Hash",
        "value": "{:read=>[:index, :show], :create=>[:new], :update=>[:edit]}",
        "object_id": 70165884783700
      }
    },
    {
      "id": 493,
      "event": "call",
      "thread_id": 70165874327560,
      "defined_class": "CanCan::UnauthorizedMessageResolver",
      "method_id": "translate_subject",
      "path": "/Users/kgilpin/.rbenv/versions/2.6.6/lib/ruby/gems/2.6.0/gems/cancancan-3.1.0/lib/cancan/unauthorized_message_resolver.rb",
      "lineno": 15,
      "static": false,
      "parameters": [
        {
          "name": "subject",
          "class": "Symbol",
          "object_id": 2646748,
          "value": "api_key",
          "kind": "req"
        }
      ],
      "receiver": {
        "class": "Object",
        "object_id": 70165947607700,
        "value": "#<#<Class:0x00007fa18a38dfa0>:0x00007fa190c3d528>"
      }
    },
    {
      "id": 494,
      "event": "return",
      "thread_id": 70165874327560,
      "parent_id": 493,
      "elapsed": 0.000033,
      "return_value": {
        "class": "String",
        "value": "symbol",
        "object_id": 70165884819900
      }
    },
    {
      "id": 495,
      "event": "return",
      "thread_id": 70165874327560,
      "parent_id": 490,
      "elapsed": 0.002955
    },
    {
      "id": 496,
      "event": "return",
      "thread_id": 70165874327560,
      "parent_id": 485,
      "elapsed": 0.00748,
      "exceptions": [
        {
          "class": "CanCan::AccessDenied",
          "message": "You are not authorized to access this page.",
          "object_id": 70165884834120,
          "path": "/Users/kgilpin/.rbenv/versions/2.6.6/lib/ruby/gems/2.6.0/gems/cancancan-3.1.0/lib/cancan/ability.rb",
          "lineno": 180
        }
      ]
    },
    {
      "id": 497,
      "event": "return",
      "thread_id": 70165874327560,
      "parent_id": 484,
      "elapsed": 0.010443,
      "exceptions": [
        {
          "class": "CanCan::AccessDenied",
          "message": "You are not authorized to access this page.",
          "object_id": 70165884834120,
          "path": "/Users/kgilpin/.rbenv/versions/2.6.6/lib/ruby/gems/2.6.0/gems/cancancan-3.1.0/lib/cancan/ability.rb",
          "lineno": 180
        }
      ]
    },
    {
      "id": 498,
      "event": "call",
      "thread_id": 70165874327560,
      "defined_class": "Spree::AppConfiguration",
      "method_id": "redirect_back_on_unauthorized",
      "path": "/Users/kgilpin/source/land-of-apps/solidus/core/lib/spree/preferences/preferable_class_methods.rb",
      "lineno": 45,
      "static": false,
      "parameters": [],
      "receiver": {
        "class": "Spree::AppConfiguration",
        "object_id": 70165880790920,
        "value": "#<Spree::AppConfiguration:0x00007fa188ccbf10>"
      }
    },
    {
      "id": 499,
      "event": "call",
      "thread_id": 70165874327560,
      "defined_class": "Spree::Preferences::Configuration",
      "method_id": "preferences",
      "path": "/Users/kgilpin/source/land-of-apps/solidus/core/lib/spree/preferences/configuration.rb",
      "lineno": 40,
      "static": false,
      "parameters": [],
      "receiver": {
        "class": "Spree::AppConfiguration",
        "object_id": 70165880790920,
        "value": "#<Spree::AppConfiguration:0x00007fa188ccbf10>"
      }
    },
    {
      "id": 500,
      "event": "return",
      "thread_id": 70165874327560,
      "parent_id": 499,
      "elapsed": 0.000006,
      "return_value": {
        "class": "Hash",
        "value": "{:address_requires_state=>true, :admin_interface_logo=>\"logo/solidus.svg\", :admin_products_per_page=",
        "object_id": 70165956123620
      }
    },
    {
      "id": 501,
      "event": "return",
      "thread_id": 70165874327560,
      "parent_id": 498,
      "elapsed": 0.000197,
      "return_value": {
        "class": "TrueClass",
        "value": "true",
        "object_id": 20
      }
    },
    {
      "id": 502,
      "event": "call",
      "thread_id": 70165874327560,
      "defined_class": "ActiveRecord::ConnectionHandling",
      "method_id": "connected?",
      "path": "/Users/kgilpin/.rbenv/versions/2.6.6/lib/ruby/gems/2.6.0/gems/activerecord-6.0.3.4/lib/active_record/connection_handling.rb",
      "lineno": 225,
      "static": true,
      "parameters": [],
      "receiver": {
        "class": "Class",
        "object_id": 70165879939200,
        "value": "ActiveRecord::Base"
      }
    },
    {
      "id": 503,
      "event": "return",
      "thread_id": 70165874327560,
      "parent_id": 502,
      "elapsed": 0.000038,
      "return_value": {
        "class": "TrueClass",
        "value": "true",
        "object_id": 20
      }
    },
    {
      "id": 504,
      "event": "return",
      "thread_id": 70165874327560,
      "parent_id": 441,
      "elapsed": 0.01349,
      "http_server_response": {
        "status": 302
      }
    },
    {
      "id": 505,
      "event": "call",
      "thread_id": 70165874327560,
      "defined_class": "ActionDispatch::Cookies::CookieJar",
      "method_id": "update",
      "path": "/Users/kgilpin/.rbenv/versions/2.6.6/lib/ruby/gems/2.6.0/gems/actionpack-6.0.3.4/lib/action_dispatch/middleware/cookies.rb",
      "lineno": 333,
      "static": false,
      "parameters": [
        {
          "name": "other_hash",
          "class": "Hash",
          "object_id": 70165884249800,
          "value": "{\"guest_token\"=>\"BAhJIhtQa1k0LWNWdHZCakczazduS3MtbWl3BjoGRUY=--d4185c0e9d81afa0efe905719fe67aec07a70",
          "kind": "req"
        }
      ],
      "receiver": {
        "class": "ActionDispatch::Cookies::CookieJar",
        "object_id": 70165884189340,
        "value": "#<ActionDispatch::Cookies::CookieJar:0x00007fa189347538>"
      }
    },
    {
      "id": 506,
      "event": "return",
      "thread_id": 70165874327560,
      "parent_id": 505,
      "elapsed": 0.000008,
      "return_value": {
        "class": "ActionDispatch::Cookies::CookieJar",
        "value": "#<ActionDispatch::Cookies::CookieJar:0x00007fa189347538>",
        "object_id": 70165884189340
      }
    }
  ]
}