{
  "version": "1.4",
  "metadata": {
    "app": "nytem-2021/solidus",
    "language": {
      "name": "ruby",
      "engine": "ruby",
      "version": "2.6.6"
    },
    "client": {
      "name": "appmap",
      "url": "https://github.com/applandinc/appmap-ruby",
      "version": "0.41.2"
    },
    "frameworks": [
      {
        "name": "rails",
        "version": "6.0.3.4"
      },
      {
        "name": "rspec",
        "version": "3.10.0"
      }
    ],
    "git": {
      "repository": "git@github.com:land-of-apps/solidus-nytem-2021.git",
      "branch": "optimize-user-creation",
      "commit": "2e8526f32b87458b385bdd558c9be40ab86df09f",
      "status": [
        "M app/controllers/spree/admin/users_controller.rb",
        "?? ../appmaps.zip"
      ],
      "git_last_annotated_tag": "v2.10.0.beta1",
      "git_last_tag": "v2.10.0.beta1",
      "git_commits_since_last_annotated_tag": 0,
      "git_commits_since_last_tag": 0
    },
    "name": "Spree::Admin::Users::ApiKeyController #create with ability to manage users and API keys allows admins to create a new user's API key",
    "feature": "Spree::Admin::Users::ApiKeyController #create",
    "feature_group": "Spree admin users api key",
    "recorder": {
      "name": "rspec"
    },
    "fingerprints": [
      {
        "appmap_digest": "4622d47841300c5c06e406daff74f78f708bf6788725044d9253812671c88ff5",
        "canonicalization_algorithm": "beta_v1_error",
        "digest": "be8e10dbb21d55b85bebbf69ec7ddbe060986673dab338ce4feb6234df33edf0",
        "fingerprint_algorithm": "sha256"
      },
      {
        "appmap_digest": "4622d47841300c5c06e406daff74f78f708bf6788725044d9253812671c88ff5",
        "canonicalization_algorithm": "beta_v1_info",
        "digest": "7c082d9be9051d17d8fbac6949dd97e1cbd5b517e58b31e8c5a4a76bbef96f90",
        "fingerprint_algorithm": "sha256"
      },
      {
        "appmap_digest": "4622d47841300c5c06e406daff74f78f708bf6788725044d9253812671c88ff5",
        "canonicalization_algorithm": "beta_v1_debug",
        "digest": "a07912fbf86ff7b1884c8179c8a37f0089b03a22af0c21586b8ed028fe806bc4",
        "fingerprint_algorithm": "sha256"
      }
    ]
  },
  "classMap": [
    {
      "name": "activerecord",
      "type": "package",
      "children": [
        {
          "name": "ActiveRecord",
          "type": "class",
          "children": [
            {
              "name": "Inheritance",
              "type": "class",
              "children": [
                {
                  "name": "ClassMethods",
                  "type": "class",
                  "children": [
                    {
                      "name": "new",
                      "type": "function",
                      "location": "/Users/kgilpin/.rbenv/versions/2.6.6/lib/ruby/gems/2.6.0/gems/activerecord-6.0.3.4/lib/active_record/inheritance.rb:50",
                      "static": true
                    }
                  ]
                }
              ]
            },
            {
              "name": "ModelSchema",
              "type": "class",
              "children": [
                {
                  "name": "ClassMethods",
                  "type": "class",
                  "children": [
                    {
                      "name": "symbol_column_to_string",
                      "type": "function",
                      "location": "/Users/kgilpin/.rbenv/versions/2.6.6/lib/ruby/gems/2.6.0/gems/activerecord-6.0.3.4/lib/active_record/model_schema.rb:407",
                      "static": true
                    }
                  ]
                }
              ]
            },
            {
              "name": "Associations",
              "type": "class",
              "children": [
                {
                  "name": "association",
                  "type": "function",
                  "location": "/Users/kgilpin/.rbenv/versions/2.6.6/lib/ruby/gems/2.6.0/gems/activerecord-6.0.3.4/lib/active_record/associations.rb:230",
                  "static": false
                }
              ]
            },
            {
              "name": "ConnectionAdapters",
              "type": "class",
              "children": [
                {
                  "name": "TransactionManager",
                  "type": "class",
                  "children": [
                    {
                      "name": "commit_transaction",
                      "type": "function",
                      "location": "/Users/kgilpin/.rbenv/versions/2.6.6/lib/ruby/gems/2.6.0/gems/activerecord-6.0.3.4/lib/active_record/connection_adapters/abstract/transaction.rb:254",
                      "static": false
                    }
                  ]
                }
              ]
            },
            {
              "name": "LogSubscriber",
              "type": "class",
              "children": [
                {
                  "name": "reset_runtime",
                  "type": "function",
                  "location": "/Users/kgilpin/.rbenv/versions/2.6.6/lib/ruby/gems/2.6.0/gems/activerecord-6.0.3.4/lib/active_record/log_subscriber.rb:17",
                  "static": true
                }
              ]
            },
            {
              "name": "Core",
              "type": "class",
              "children": [
                {
                  "name": "ClassMethods",
                  "type": "class",
                  "children": [
                    {
                      "name": "find",
                      "type": "function",
                      "location": "/Users/kgilpin/.rbenv/versions/2.6.6/lib/ruby/gems/2.6.0/gems/activerecord-6.0.3.4/lib/active_record/core.rb:157",
                      "static": true
                    }
                  ]
                }
              ]
            },
            {
              "name": "AttributeMethods",
              "type": "class",
              "children": [
                {
                  "name": "Write",
                  "type": "class",
                  "children": [
                    {
                      "name": "_write_attribute",
                      "type": "function",
                      "location": "/Users/kgilpin/.rbenv/versions/2.6.6/lib/ruby/gems/2.6.0/gems/activerecord-6.0.3.4/lib/active_record/attribute_methods/write.rb:41",
                      "static": false
                    }
                  ]
                }
              ]
            },
            {
              "name": "Integration",
              "type": "class",
              "children": [
                {
                  "name": "to_param",
                  "type": "function",
                  "location": "/Users/kgilpin/.rbenv/versions/2.6.6/lib/ruby/gems/2.6.0/gems/activerecord-6.0.3.4/lib/active_record/integration.rb:57",
                  "static": false
                }
              ]
            }
          ]
        }
      ]
    },
    {
      "name": "solidus_core",
      "type": "package",
      "children": [
        {
          "name": "Spree",
          "type": "class",
          "children": [
            {
              "name": "UserMethods",
              "type": "class",
              "children": [
                {
                  "name": "auto_generate_spree_api_key",
                  "type": "function",
                  "location": "/Users/kgilpin/source/land-of-apps/solidus/core/app/models/concerns/spree/user_methods.rb:51",
                  "static": false
                }
              ]
            },
            {
              "name": "AppConfiguration",
              "type": "class",
              "children": [
                {
                  "name": "generate_api_key_for_all_roles",
                  "type": "function",
                  "location": "/Users/kgilpin/source/land-of-apps/solidus/core/lib/spree/preferences/preferable_class_methods.rb:45",
                  "static": false
                },
                {
                  "name": "roles_for_auto_api_key",
                  "type": "function",
                  "location": "/Users/kgilpin/source/land-of-apps/solidus/core/lib/spree/preferences/preferable_class_methods.rb:45",
                  "static": false
                },
                {
                  "name": "preferred_guest_token_cookie_options",
                  "type": "function",
                  "location": "/Users/kgilpin/source/land-of-apps/solidus/core/lib/spree/preferences/preferable_class_methods.rb:45",
                  "static": false
                }
              ]
            },
            {
              "name": "Preferences",
              "type": "class",
              "children": [
                {
                  "name": "Configuration",
                  "type": "class",
                  "children": [
                    {
                      "name": "preferences",
                      "type": "function",
                      "location": "/Users/kgilpin/source/land-of-apps/solidus/core/lib/spree/preferences/configuration.rb:40",
                      "static": false
                    }
                  ]
                },
                {
                  "name": "Preferable",
                  "type": "class",
                  "children": [
                    {
                      "name": "get_preference",
                      "type": "function",
                      "location": "/Users/kgilpin/source/land-of-apps/solidus/core/lib/spree/preferences/preferable.rb:66",
                      "static": false,
                      "labels": [
                        "provider.preferences"
                      ]
                    },
                    {
                      "name": "has_preference!",
                      "type": "function",
                      "location": "/Users/kgilpin/source/land-of-apps/solidus/core/lib/spree/preferences/preferable.rb:96",
                      "static": false
                    },
                    {
                      "name": "has_preference?",
                      "type": "function",
                      "location": "/Users/kgilpin/source/land-of-apps/solidus/core/lib/spree/preferences/preferable.rb:102",
                      "static": false
                    },
                    {
                      "name": "defined_preferences",
                      "type": "function",
                      "location": "/Users/kgilpin/source/land-of-apps/solidus/core/lib/spree/preferences/preferable.rb:107",
                      "static": false
                    }
                  ]
                },
                {
                  "name": "PreferableClassMethods",
                  "type": "class",
                  "children": [
                    {
                      "name": "defined_preferences",
                      "type": "function",
                      "location": "/Users/kgilpin/source/land-of-apps/solidus/core/lib/spree/preferences/preferable_class_methods.rb:17",
                      "static": true
                    },
                    {
                      "name": "preference_getter_method",
                      "type": "function",
                      "location": "/Users/kgilpin/source/land-of-apps/solidus/core/lib/spree/preferences/preferable_class_methods.rb:70",
                      "static": true
                    }
                  ]
                }
              ]
            },
            {
              "name": "Core",
              "type": "class",
              "children": [
                {
                  "name": "ControllerHelpers",
                  "type": "class",
                  "children": [
                    {
                      "name": "Auth",
                      "type": "class",
                      "children": [
                        {
                          "name": "set_guest_token",
                          "type": "function",
                          "location": "/Users/kgilpin/source/land-of-apps/solidus/core/lib/spree/core/controller_helpers/auth.rb:56",
                          "static": false
                        }
                      ]
                    }
                  ]
                }
              ]
            },
            {
              "name": "i18n_available_locales",
              "type": "function",
              "location": "/Users/kgilpin/source/land-of-apps/solidus/core/lib/spree/i18n.rb:8",
              "static": true
            },
            {
              "name": "BackendConfiguration",
              "type": "class",
              "children": [
                {
                  "name": "preferred_locale",
                  "type": "function",
                  "location": "/Users/kgilpin/source/land-of-apps/solidus/core/lib/spree/preferences/preferable_class_methods.rb:45",
                  "static": false
                }
              ]
            },
            {
              "name": "user_class",
              "type": "function",
              "location": "/Users/kgilpin/source/land-of-apps/solidus/core/lib/spree/core.rb:26",
              "static": true
            },
            {
              "name": "UserApiAuthentication",
              "type": "class",
              "children": [
                {
                  "name": "generate_spree_api_key!",
                  "type": "function",
                  "location": "/Users/kgilpin/source/land-of-apps/solidus/core/app/models/concerns/spree/user_api_authentication.rb:5",
                  "static": false
                },
                {
                  "name": "generate_spree_api_key",
                  "type": "function",
                  "location": "/Users/kgilpin/source/land-of-apps/solidus/core/app/models/concerns/spree/user_api_authentication.rb:10",
                  "static": false
                }
              ]
            },
            {
              "name": "TestingSupport",
              "type": "class",
              "children": [
                {
                  "name": "UrlHelpers",
                  "type": "class",
                  "children": [
                    {
                      "name": "spree",
                      "type": "function",
                      "location": "/Users/kgilpin/source/land-of-apps/solidus/core/lib/spree/testing_support/url_helpers.rb:6",
                      "static": false
                    }
                  ]
                }
              ]
            }
          ]
        }
      ]
    },
    {
      "name": "action_pack",
      "type": "package",
      "children": [
        {
          "name": "ActionDispatch",
          "type": "class",
          "children": [
            {
              "name": "Cookies",
              "type": "class",
              "children": [
                {
                  "name": "CookieJar",
                  "type": "class",
                  "children": [
                    {
                      "name": "update",
                      "type": "function",
                      "location": "/Users/kgilpin/.rbenv/versions/2.6.6/lib/ruby/gems/2.6.0/gems/actionpack-6.0.3.4/lib/action_dispatch/middleware/cookies.rb:333",
                      "static": false,
                      "labels": [
                        "provider.http.cookie"
                      ]
                    },
                    {
                      "name": "[]=",
                      "type": "function",
                      "location": "/Users/kgilpin/.rbenv/versions/2.6.6/lib/ruby/gems/2.6.0/gems/actionpack-6.0.3.4/lib/action_dispatch/middleware/cookies.rb:373",
                      "static": false,
                      "labels": [
                        "provider.http.cookie"
                      ]
                    }
                  ]
                }
              ]
            }
          ]
        }
      ]
    },
    {
      "name": "carmen",
      "type": "package",
      "children": [
        {
          "name": "Carmen",
          "type": "class",
          "children": [
            {
              "name": "i18n_backend",
              "type": "function",
              "location": "/Users/kgilpin/.rbenv/versions/2.6.6/lib/ruby/gems/2.6.0/gems/carmen-1.1.3/lib/carmen.rb:38",
              "static": true
            }
          ]
        }
      ]
    },
    {
      "name": "cancancan",
      "type": "package",
      "children": [
        {
          "name": "CanCan",
          "type": "class",
          "children": [
            {
              "name": "ControllerAdditions",
              "type": "class",
              "children": [
                {
                  "name": "authorize!",
                  "type": "function",
                  "location": "/Users/kgilpin/.rbenv/versions/2.6.6/lib/ruby/gems/2.6.0/gems/cancancan-3.1.0/lib/cancan/controller_additions.rb:337",
                  "static": false,
                  "labels": [
                    "provider.authorization"
                  ]
                }
              ]
            },
            {
              "name": "Ability",
              "type": "class",
              "children": [
                {
                  "name": "authorize!",
                  "type": "function",
                  "location": "/Users/kgilpin/.rbenv/versions/2.6.6/lib/ruby/gems/2.6.0/gems/cancancan-3.1.0/lib/cancan/ability.rb:176",
                  "static": false,
                  "labels": [
                    "provider.authorization"
                  ]
                },
                {
                  "name": "cannot?",
                  "type": "function",
                  "location": "/Users/kgilpin/.rbenv/versions/2.6.6/lib/ruby/gems/2.6.0/gems/cancancan-3.1.0/lib/cancan/ability.rb:87",
                  "static": false
                },
                {
                  "name": "can?",
                  "type": "function",
                  "location": "/Users/kgilpin/.rbenv/versions/2.6.6/lib/ruby/gems/2.6.0/gems/cancancan-3.1.0/lib/cancan/ability.rb:74",
                  "static": false
                },
                {
                  "name": "Actions",
                  "type": "class",
                  "children": [
                    {
                      "name": "aliased_actions",
                      "type": "function",
                      "location": "/Users/kgilpin/.rbenv/versions/2.6.6/lib/ruby/gems/2.6.0/gems/cancancan-3.1.0/lib/cancan/ability/actions.rb:43",
                      "static": false
                    }
                  ]
                }
              ]
            },
            {
              "name": "Relevant",
              "type": "class",
              "children": [
                {
                  "name": "relevant?",
                  "type": "function",
                  "location": "/Users/kgilpin/.rbenv/versions/2.6.6/lib/ruby/gems/2.6.0/gems/cancancan-3.1.0/lib/cancan/relevant.rb:6",
                  "static": false
                }
              ]
            },
            {
              "name": "Rule",
              "type": "class",
              "children": [
                {
                  "name": "only_raw_sql?",
                  "type": "function",
                  "location": "/Users/kgilpin/.rbenv/versions/2.6.6/lib/ruby/gems/2.6.0/gems/cancancan-3.1.0/lib/cancan/rule.rb:67",
                  "static": false
                },
                {
                  "name": "matches_attributes?",
                  "type": "function",
                  "location": "/Users/kgilpin/.rbenv/versions/2.6.6/lib/ruby/gems/2.6.0/gems/cancancan-3.1.0/lib/cancan/rule.rb:95",
                  "static": false
                }
              ]
            },
            {
              "name": "ConditionsMatcher",
              "type": "class",
              "children": [
                {
                  "name": "matches_conditions?",
                  "type": "function",
                  "location": "/Users/kgilpin/.rbenv/versions/2.6.6/lib/ruby/gems/2.6.0/gems/cancancan-3.1.0/lib/cancan/conditions_matcher.rb:6",
                  "static": false
                }
              ]
            }
          ]
        }
      ]
    },
    {
      "name": "app/controllers",
      "type": "package",
      "children": [
        {
          "name": "Spree",
          "type": "class",
          "children": [
            {
              "name": "Admin",
              "type": "class",
              "children": [
                {
                  "name": "Users",
                  "type": "class",
                  "children": [
                    {
                      "name": "ApiKeyController",
                      "type": "class",
                      "children": [
                        {
                          "name": "create",
                          "type": "function",
                          "location": "app/controllers/spree/admin/users/api_key_controller.rb:7",
                          "static": false
                        }
                      ]
                    }
                  ]
                }
              ]
            }
          ]
        }
      ]
    }
  ],
  "events": [
    {
      "id": 269,
      "event": "call",
      "thread_id": 70165874327560,
      "defined_class": "ActiveRecord::Inheritance::ClassMethods",
      "method_id": "new",
      "path": "/Users/kgilpin/.rbenv/versions/2.6.6/lib/ruby/gems/2.6.0/gems/activerecord-6.0.3.4/lib/active_record/inheritance.rb",
      "lineno": 50,
      "static": true,
      "parameters": [
        {
          "name": "attributes",
          "class": "NilClass",
          "object_id": 8,
          "value": null,
          "kind": "opt"
        },
        {
          "name": "block",
          "class": "NilClass",
          "object_id": 8,
          "value": null,
          "kind": "block"
        }
      ],
      "receiver": {
        "class": "Class",
        "object_id": 70165967717820,
        "value": "Spree::LegacyUser"
      }
    },
    {
      "id": 270,
      "event": "return",
      "thread_id": 70165874327560,
      "parent_id": 269,
      "elapsed": 0.000175,
      "return_value": {
        "class": "Spree::LegacyUser",
        "value": "#<Spree::LegacyUser:0x00007fa188f22408>",
        "object_id": 70165882016260
      }
    },
    {
      "id": 271,
      "event": "call",
      "thread_id": 70165874327560,
      "sql_query": {
        "sql": "SAVEPOINT active_record_1",
        "database_type": "sqlite",
        "server_version": "3.33.0"
      }
    },
    {
      "id": 272,
      "event": "return",
      "thread_id": 70165874327560,
      "parent_id": 271,
      "elapsed": 0.000158
    },
    {
      "id": 273,
      "event": "call",
      "thread_id": 70165874327560,
      "sql_query": {
        "sql": "INSERT INTO \"spree_users\" (\"email\", \"created_at\", \"updated_at\") VALUES (?, ?, ?)",
        "database_type": "sqlite",
        "server_version": "3.33.0"
      }
    },
    {
      "id": 274,
      "event": "return",
      "thread_id": 70165874327560,
      "parent_id": 273,
      "elapsed": 0.000493
    },
    {
      "id": 275,
      "event": "call",
      "thread_id": 70165874327560,
      "defined_class": "Spree::UserMethods",
      "method_id": "auto_generate_spree_api_key",
      "path": "/Users/kgilpin/source/land-of-apps/solidus/core/app/models/concerns/spree/user_methods.rb",
      "lineno": 51,
      "static": false,
      "parameters": [],
      "receiver": {
        "class": "Spree::LegacyUser",
        "object_id": 70165882016260,
        "value": "#<Spree::LegacyUser:0x00007fa188f22408>"
      }
    },
    {
      "id": 276,
      "event": "call",
      "thread_id": 70165874327560,
      "defined_class": "ActiveRecord::ModelSchema::ClassMethods",
      "method_id": "symbol_column_to_string",
      "path": "/Users/kgilpin/.rbenv/versions/2.6.6/lib/ruby/gems/2.6.0/gems/activerecord-6.0.3.4/lib/active_record/model_schema.rb",
      "lineno": 407,
      "static": true,
      "parameters": [
        {
          "name": "name_symbol",
          "class": "Symbol",
          "object_id": 12078428,
          "value": "spree_api_key",
          "kind": "req"
        }
      ],
      "receiver": {
        "class": "Class",
        "object_id": 70165967717820,
        "value": "Spree::LegacyUser"
      }
    },
    {
      "id": 277,
      "event": "return",
      "thread_id": 70165874327560,
      "parent_id": 276,
      "elapsed": 0.000007,
      "return_value": {
        "class": "String",
        "value": "spree_api_key",
        "object_id": 70165946545120
      }
    },
    {
      "id": 278,
      "event": "call",
      "thread_id": 70165874327560,
      "defined_class": "Spree::AppConfiguration",
      "method_id": "generate_api_key_for_all_roles",
      "path": "/Users/kgilpin/source/land-of-apps/solidus/core/lib/spree/preferences/preferable_class_methods.rb",
      "lineno": 45,
      "static": false,
      "parameters": [],
      "receiver": {
        "class": "Spree::AppConfiguration",
        "object_id": 70165880790920,
        "value": "#<Spree::AppConfiguration:0x00007fa188ccbf10>"
      }
    },
    {
      "id": 279,
      "event": "call",
      "thread_id": 70165874327560,
      "defined_class": "Spree::Preferences::Configuration",
      "method_id": "preferences",
      "path": "/Users/kgilpin/source/land-of-apps/solidus/core/lib/spree/preferences/configuration.rb",
      "lineno": 40,
      "static": false,
      "parameters": [],
      "receiver": {
        "class": "Spree::AppConfiguration",
        "object_id": 70165880790920,
        "value": "#<Spree::AppConfiguration:0x00007fa188ccbf10>"
      }
    },
    {
      "id": 280,
      "event": "return",
      "thread_id": 70165874327560,
      "parent_id": 279,
      "elapsed": 0.000005,
      "return_value": {
        "class": "Hash",
        "value": "{:address_requires_state=>true, :admin_interface_logo=>\"logo/solidus.svg\", :admin_products_per_page=",
        "object_id": 70165956123620
      }
    },
    {
      "id": 281,
      "event": "return",
      "thread_id": 70165874327560,
      "parent_id": 278,
      "elapsed": 0.000198
    },
    {
      "id": 282,
      "event": "call",
      "thread_id": 70165874327560,
      "defined_class": "ActiveRecord::Associations",
      "method_id": "association",
      "path": "/Users/kgilpin/.rbenv/versions/2.6.6/lib/ruby/gems/2.6.0/gems/activerecord-6.0.3.4/lib/active_record/associations.rb",
      "lineno": 230,
      "static": false,
      "parameters": [
        {
          "name": "name",
          "class": "Symbol",
          "object_id": 8851868,
          "value": "spree_roles",
          "kind": "req"
        }
      ],
      "receiver": {
        "class": "Spree::LegacyUser",
        "object_id": 70165882016260,
        "value": "#<Spree::LegacyUser:0x00007fa188f22408>"
      }
    },
    {
      "id": 283,
      "event": "return",
      "thread_id": 70165874327560,
      "parent_id": 282,
      "elapsed": 0.000242,
      "return_value": {
        "class": "ActiveRecord::Associations::HasManyThroughAssociation",
        "value": "#<ActiveRecord::Associations::HasManyThroughAssociation:0x00007fa18946b310>",
        "object_id": 70165884787080
      }
    },
    {
      "id": 284,
      "event": "call",
      "thread_id": 70165874327560,
      "sql_query": {
        "sql": "SELECT \"spree_roles\".* FROM \"spree_roles\" INNER JOIN \"spree_roles_users\" ON \"spree_roles\".\"id\" = \"spree_roles_users\".\"role_id\" WHERE \"spree_roles_users\".\"user_id\" = ?",
        "database_type": "sqlite",
        "server_version": "3.33.0"
      }
    },
    {
      "id": 285,
      "event": "return",
      "thread_id": 70165874327560,
      "parent_id": 284,
      "elapsed": 0.000191
    },
    {
      "id": 286,
      "event": "call",
      "thread_id": 70165874327560,
      "defined_class": "Spree::AppConfiguration",
      "method_id": "roles_for_auto_api_key",
      "path": "/Users/kgilpin/source/land-of-apps/solidus/core/lib/spree/preferences/preferable_class_methods.rb",
      "lineno": 45,
      "static": false,
      "parameters": [],
      "receiver": {
        "class": "Spree::AppConfiguration",
        "object_id": 70165880790920,
        "value": "#<Spree::AppConfiguration:0x00007fa188ccbf10>"
      }
    },
    {
      "id": 287,
      "event": "call",
      "thread_id": 70165874327560,
      "defined_class": "Spree::Preferences::Configuration",
      "method_id": "preferences",
      "path": "/Users/kgilpin/source/land-of-apps/solidus/core/lib/spree/preferences/configuration.rb",
      "lineno": 40,
      "static": false,
      "parameters": [],
      "receiver": {
        "class": "Spree::AppConfiguration",
        "object_id": 70165880790920,
        "value": "#<Spree::AppConfiguration:0x00007fa188ccbf10>"
      }
    },
    {
      "id": 288,
      "event": "return",
      "thread_id": 70165874327560,
      "parent_id": 287,
      "elapsed": 0.000006,
      "return_value": {
        "class": "Hash",
        "value": "{:address_requires_state=>true, :admin_interface_logo=>\"logo/solidus.svg\", :admin_products_per_page=",
        "object_id": 70165956123620
      }
    },
    {
      "id": 289,
      "event": "return",
      "thread_id": 70165874327560,
      "parent_id": 286,
      "elapsed": 0.000192,
      "return_value": {
        "class": "Array",
        "value": "[\"admin\"]",
        "object_id": 70165955494580
      }
    },
    {
      "id": 290,
      "event": "return",
      "thread_id": 70165874327560,
      "parent_id": 275,
      "elapsed": 0.007024
    },
    {
      "id": 291,
      "event": "call",
      "thread_id": 70165874327560,
      "defined_class": "ActiveRecord::ConnectionAdapters::TransactionManager",
      "method_id": "commit_transaction",
      "path": "/Users/kgilpin/.rbenv/versions/2.6.6/lib/ruby/gems/2.6.0/gems/activerecord-6.0.3.4/lib/active_record/connection_adapters/abstract/transaction.rb",
      "lineno": 254,
      "static": false,
      "parameters": [],
      "receiver": {
        "class": "ActiveRecord::ConnectionAdapters::TransactionManager",
        "object_id": 70165967264040,
        "value": "#<ActiveRecord::ConnectionAdapters::TransactionManager:0x00007fa1931bb250>"
      }
    },
    {
      "id": 292,
      "event": "call",
      "thread_id": 70165874327560,
      "sql_query": {
        "sql": "RELEASE SAVEPOINT active_record_1",
        "database_type": "sqlite",
        "server_version": "3.33.0"
      }
    },
    {
      "id": 293,
      "event": "return",
      "thread_id": 70165874327560,
      "parent_id": 292,
      "elapsed": 0.000167
    },
    {
      "id": 294,
      "event": "return",
      "thread_id": 70165874327560,
      "parent_id": 291,
      "elapsed": 0.00272
    },
    {
      "id": 295,
      "event": "call",
      "thread_id": 70165874327560,
      "defined_class": "ActionDispatch::Cookies::CookieJar",
      "method_id": "update",
      "path": "/Users/kgilpin/.rbenv/versions/2.6.6/lib/ruby/gems/2.6.0/gems/actionpack-6.0.3.4/lib/action_dispatch/middleware/cookies.rb",
      "lineno": 333,
      "static": false,
      "parameters": [
        {
          "name": "other_hash",
          "class": "ActiveSupport::HashWithIndifferentAccess",
          "object_id": 70165881787280,
          "value": "{}",
          "kind": "req"
        }
      ],
      "receiver": {
        "class": "ActionDispatch::Cookies::CookieJar",
        "object_id": 70165881682180,
        "value": "#<ActionDispatch::Cookies::CookieJar:0x00007fa188e7f208>"
      }
    },
    {
      "id": 296,
      "event": "return",
      "thread_id": 70165874327560,
      "parent_id": 295,
      "elapsed": 0.000014,
      "return_value": {
        "class": "ActionDispatch::Cookies::CookieJar",
        "value": "#<ActionDispatch::Cookies::CookieJar:0x00007fa188e7f208>",
        "object_id": 70165881682180
      }
    },
    {
      "id": 297,
      "event": "call",
      "thread_id": 70165874327560,
      "defined_class": "ActionDispatch::Cookies::CookieJar",
      "method_id": "update",
      "path": "/Users/kgilpin/.rbenv/versions/2.6.6/lib/ruby/gems/2.6.0/gems/actionpack-6.0.3.4/lib/action_dispatch/middleware/cookies.rb",
      "lineno": 333,
      "static": false,
      "parameters": [
        {
          "name": "other_hash",
          "class": "ActiveSupport::HashWithIndifferentAccess",
          "object_id": 70165881787280,
          "value": "{}",
          "kind": "req"
        }
      ],
      "receiver": {
        "class": "ActionDispatch::Cookies::CookieJar",
        "object_id": 70165881682180,
        "value": "#<ActionDispatch::Cookies::CookieJar:0x00007fa188e7f208>"
      }
    },
    {
      "id": 298,
      "event": "return",
      "thread_id": 70165874327560,
      "parent_id": 297,
      "elapsed": 0.000008,
      "return_value": {
        "class": "ActionDispatch::Cookies::CookieJar",
        "value": "#<ActionDispatch::Cookies::CookieJar:0x00007fa188e7f208>",
        "object_id": 70165881682180
      }
    },
    {
      "id": 299,
      "event": "call",
      "thread_id": 70165874327560,
      "defined_class": "ActionDispatch::Cookies::CookieJar",
      "method_id": "update",
      "path": "/Users/kgilpin/.rbenv/versions/2.6.6/lib/ruby/gems/2.6.0/gems/actionpack-6.0.3.4/lib/action_dispatch/middleware/cookies.rb",
      "lineno": 333,
      "static": false,
      "parameters": [
        {
          "name": "other_hash",
          "class": "ActiveSupport::HashWithIndifferentAccess",
          "object_id": 70165881787280,
          "value": "{}",
          "kind": "req"
        }
      ],
      "receiver": {
        "class": "ActionDispatch::Cookies::CookieJar",
        "object_id": 70165881678420,
        "value": "#<ActionDispatch::Cookies::CookieJar:0x00007fa188e7d4a8>"
      }
    },
    {
      "id": 300,
      "event": "return",
      "thread_id": 70165874327560,
      "parent_id": 299,
      "elapsed": 0.000008,
      "return_value": {
        "class": "ActionDispatch::Cookies::CookieJar",
        "value": "#<ActionDispatch::Cookies::CookieJar:0x00007fa188e7d4a8>",
        "object_id": 70165881678420
      }
    },
    {
      "id": 301,
      "event": "call",
      "thread_id": 70165874327560,
      "defined_class": "ActiveRecord::LogSubscriber",
      "method_id": "reset_runtime",
      "path": "/Users/kgilpin/.rbenv/versions/2.6.6/lib/ruby/gems/2.6.0/gems/activerecord-6.0.3.4/lib/active_record/log_subscriber.rb",
      "lineno": 17,
      "static": true,
      "parameters": [],
      "receiver": {
        "class": "Class",
        "object_id": 70165954743940,
        "value": "ActiveRecord::LogSubscriber"
      }
    },
    {
      "id": 302,
      "event": "return",
      "thread_id": 70165874327560,
      "parent_id": 301,
      "elapsed": 0.000017,
      "return_value": {
        "class": "Float",
        "value": "0.9919999865815043",
        "object_id": -36605258738171900
      }
    },
    {
      "id": 303,
      "event": "call",
      "thread_id": 70165874327560,
      "http_server_request": {
        "request_method": "POST",
        "path_info": "/admin/users/1/api_key",
        "normalized_path_info": "/admin/users/:user_id/api_key(.:format)"
      },
      "message": [
        {
          "name": "user_id",
          "class": "String",
          "value": "1",
          "object_id": 70165881795960
        },
        {
          "name": "controller",
          "class": "String",
          "value": "spree/admin/users/api_key",
          "object_id": 70165883988760
        },
        {
          "name": "action",
          "class": "String",
          "value": "create",
          "object_id": 70165881682220
        }
      ]
    },
    {
      "id": 304,
      "event": "call",
      "thread_id": 70165874327560,
      "defined_class": "Spree::Core::ControllerHelpers::Auth",
      "method_id": "set_guest_token",
      "path": "/Users/kgilpin/source/land-of-apps/solidus/core/lib/spree/core/controller_helpers/auth.rb",
      "lineno": 56,
      "static": false,
      "parameters": [],
      "receiver": {
        "class": "Spree::Admin::Users::ApiKeyController",
        "object_id": 70165881787680,
        "value": "#<Spree::Admin::Users::ApiKeyController:0x00007fa188eb2a40>"
      }
    },
    {
      "id": 305,
      "event": "call",
      "thread_id": 70165874327560,
      "defined_class": "ActionDispatch::Cookies::CookieJar",
      "method_id": "update",
      "path": "/Users/kgilpin/.rbenv/versions/2.6.6/lib/ruby/gems/2.6.0/gems/actionpack-6.0.3.4/lib/action_dispatch/middleware/cookies.rb",
      "lineno": 333,
      "static": false,
      "parameters": [
        {
          "name": "other_hash",
          "class": "Hash",
          "object_id": 70165882198980,
          "value": "{}",
          "kind": "req"
        }
      ],
      "receiver": {
        "class": "ActionDispatch::Cookies::CookieJar",
        "object_id": 70165882198820,
        "value": "#<ActionDispatch::Cookies::CookieJar:0x00007fa188f7b648>"
      }
    },
    {
      "id": 306,
      "event": "return",
      "thread_id": 70165874327560,
      "parent_id": 305,
      "elapsed": 0.000006,
      "return_value": {
        "class": "ActionDispatch::Cookies::CookieJar",
        "value": "#<ActionDispatch::Cookies::CookieJar:0x00007fa188f7b648>",
        "object_id": 70165882198820
      }
    },
    {
      "id": 307,
      "event": "call",
      "thread_id": 70165874327560,
      "defined_class": "Spree::Preferences::Preferable",
      "method_id": "get_preference",
      "path": "/Users/kgilpin/source/land-of-apps/solidus/core/lib/spree/preferences/preferable.rb",
      "lineno": 66,
      "static": false,
      "parameters": [
        {
          "name": "name",
          "class": "Symbol",
          "object_id": 8554908,
          "value": "guest_token_cookie_options",
          "kind": "req"
        }
      ],
      "receiver": {
        "class": "Spree::AppConfiguration",
        "object_id": 70165880790920,
        "value": "#<Spree::AppConfiguration:0x00007fa188ccbf10>"
      }
    },
    {
      "id": 308,
      "event": "call",
      "thread_id": 70165874327560,
      "defined_class": "Spree::Preferences::Preferable",
      "method_id": "has_preference!",
      "path": "/Users/kgilpin/source/land-of-apps/solidus/core/lib/spree/preferences/preferable.rb",
      "lineno": 96,
      "static": false,
      "parameters": [
        {
          "name": "name",
          "class": "Symbol",
          "object_id": 8554908,
          "value": "guest_token_cookie_options",
          "kind": "req"
        }
      ],
      "receiver": {
        "class": "Spree::AppConfiguration",
        "object_id": 70165880790920,
        "value": "#<Spree::AppConfiguration:0x00007fa188ccbf10>"
      }
    },
    {
      "id": 309,
      "event": "call",
      "thread_id": 70165874327560,
      "defined_class": "Spree::Preferences::Preferable",
      "method_id": "has_preference?",
      "path": "/Users/kgilpin/source/land-of-apps/solidus/core/lib/spree/preferences/preferable.rb",
      "lineno": 102,
      "static": false,
      "parameters": [
        {
          "name": "name",
          "class": "Symbol",
          "object_id": 8554908,
          "value": "guest_token_cookie_options",
          "kind": "req"
        }
      ],
      "receiver": {
        "class": "Spree::AppConfiguration",
        "object_id": 70165880790920,
        "value": "#<Spree::AppConfiguration:0x00007fa188ccbf10>"
      }
    },
    {
      "id": 310,
      "event": "call",
      "thread_id": 70165874327560,
      "defined_class": "Spree::Preferences::Preferable",
      "method_id": "defined_preferences",
      "path": "/Users/kgilpin/source/land-of-apps/solidus/core/lib/spree/preferences/preferable.rb",
      "lineno": 107,
      "static": false,
      "parameters": [],
      "receiver": {
        "class": "Spree::AppConfiguration",
        "object_id": 70165880790920,
        "value": "#<Spree::AppConfiguration:0x00007fa188ccbf10>"
      }
    },
    {
      "id": 311,
      "event": "call",
      "thread_id": 70165874327560,
      "defined_class": "Spree::Preferences::PreferableClassMethods",
      "method_id": "defined_preferences",
      "path": "/Users/kgilpin/source/land-of-apps/solidus/core/lib/spree/preferences/preferable_class_methods.rb",
      "lineno": 17,
      "static": true,
      "parameters": [],
      "receiver": {
        "class": "Class",
        "object_id": 70165955190500,
        "value": "Spree::AppConfiguration"
      }
    },
    {
      "id": 312,
      "event": "return",
      "thread_id": 70165874327560,
      "parent_id": 311,
      "elapsed": 0.000005,
      "return_value": {
        "class": "Array",
        "value": "[]",
        "object_id": 70165882024800
      }
    },
    {
      "id": 313,
      "event": "return",
      "thread_id": 70165874327560,
      "parent_id": 310,
      "elapsed": 0.000062,
      "return_value": {
        "class": "Array",
        "value": "[:address_requires_state, :admin_interface_logo, :admin_products_per_page, :admin_variants_per_page,",
        "object_id": 70165882024440
      }
    },
    {
      "id": 314,
      "event": "return",
      "thread_id": 70165874327560,
      "parent_id": 309,
      "elapsed": 0.000156,
      "return_value": {
        "class": "TrueClass",
        "value": "true",
        "object_id": 20
      }
    },
    {
      "id": 315,
      "event": "return",
      "thread_id": 70165874327560,
      "parent_id": 308,
      "elapsed": 0.000218
    },
    {
      "id": 316,
      "event": "call",
      "thread_id": 70165874327560,
      "defined_class": "Spree::Preferences::PreferableClassMethods",
      "method_id": "preference_getter_method",
      "path": "/Users/kgilpin/source/land-of-apps/solidus/core/lib/spree/preferences/preferable_class_methods.rb",
      "lineno": 70,
      "static": true,
      "parameters": [
        {
          "name": "name",
          "class": "Symbol",
          "object_id": 8554908,
          "value": "guest_token_cookie_options",
          "kind": "req"
        }
      ],
      "receiver": {
        "class": "Class",
        "object_id": 70165955190500,
        "value": "Spree::AppConfiguration"
      }
    },
    {
      "id": 317,
      "event": "return",
      "thread_id": 70165874327560,
      "parent_id": 316,
      "elapsed": 0.000006,
      "return_value": {
        "class": "Symbol",
        "value": "preferred_guest_token_cookie_options",
        "object_id": 70165955244980
      }
    },
    {
      "id": 318,
      "event": "call",
      "thread_id": 70165874327560,
      "defined_class": "Spree::AppConfiguration",
      "method_id": "preferred_guest_token_cookie_options",
      "path": "/Users/kgilpin/source/land-of-apps/solidus/core/lib/spree/preferences/preferable_class_methods.rb",
      "lineno": 45,
      "static": false,
      "parameters": [],
      "receiver": {
        "class": "Spree::AppConfiguration",
        "object_id": 70165880790920,
        "value": "#<Spree::AppConfiguration:0x00007fa188ccbf10>"
      }
    },
    {
      "id": 319,
      "event": "call",
      "thread_id": 70165874327560,
      "defined_class": "Spree::Preferences::Configuration",
      "method_id": "preferences",
      "path": "/Users/kgilpin/source/land-of-apps/solidus/core/lib/spree/preferences/configuration.rb",
      "lineno": 40,
      "static": false,
      "parameters": [],
      "receiver": {
        "class": "Spree::AppConfiguration",
        "object_id": 70165880790920,
        "value": "#<Spree::AppConfiguration:0x00007fa188ccbf10>"
      }
    },
    {
      "id": 320,
      "event": "return",
      "thread_id": 70165874327560,
      "parent_id": 319,
      "elapsed": 0.000005,
      "return_value": {
        "class": "Hash",
        "value": "{:address_requires_state=>true, :admin_interface_logo=>\"logo/solidus.svg\", :admin_products_per_page=",
        "object_id": 70165956123620
      }
    },
    {
      "id": 321,
      "event": "return",
      "thread_id": 70165874327560,
      "parent_id": 318,
      "elapsed": 0.000167,
      "return_value": {
        "class": "Hash",
        "value": "{}",
        "object_id": 70165955246040
      }
    },
    {
      "id": 322,
      "event": "return",
      "thread_id": 70165874327560,
      "parent_id": 307,
      "elapsed": 0.000554,
      "return_value": {
        "class": "Hash",
        "value": "{}",
        "object_id": 70165955246040
      }
    },
    {
      "id": 323,
      "event": "call",
      "thread_id": 70165874327560,
      "defined_class": "ActionDispatch::Cookies::CookieJar",
      "method_id": "[]=",
      "path": "/Users/kgilpin/.rbenv/versions/2.6.6/lib/ruby/gems/2.6.0/gems/actionpack-6.0.3.4/lib/action_dispatch/middleware/cookies.rb",
      "lineno": 373,
      "static": false,
      "parameters": [
        {
          "name": "name",
          "class": "Symbol",
          "object_id": 8800988,
          "value": "guest_token",
          "kind": "req"
        },
        {
          "name": "options",
          "class": "Hash",
          "object_id": 70165882355120,
          "value": "{:value=>\"BAhJIhs3a0VMbFEwekVpaXM5WlhMLWhxX3dBBjoGRUY=--34c94f78dbb191d4beb16c0a3bf89db34c819cfd\", :",
          "kind": "req"
        }
      ],
      "receiver": {
        "class": "ActionDispatch::Cookies::CookieJar",
        "object_id": 70165882198820,
        "value": "#<ActionDispatch::Cookies::CookieJar:0x00007fa188f7b648>"
      }
    },
    {
      "id": 324,
      "event": "return",
      "thread_id": 70165874327560,
      "parent_id": 323,
      "elapsed": 0.000012,
      "return_value": {
        "class": "String",
        "value": "BAhJIhs3a0VMbFEwekVpaXM5WlhMLWhxX3dBBjoGRUY=--34c94f78dbb191d4beb16c0a3bf89db34c819cfd",
        "object_id": 70165882354860
      }
    },
    {
      "id": 325,
      "event": "return",
      "thread_id": 70165874327560,
      "parent_id": 304,
      "elapsed": 0.00098,
      "return_value": {
        "class": "Hash",
        "value": "{:value=>\"BAhJIhs3a0VMbFEwekVpaXM5WlhMLWhxX3dBBjoGRUY=--34c94f78dbb191d4beb16c0a3bf89db34c819cfd\", :",
        "object_id": 70165882355120
      }
    },
    {
      "id": 326,
      "event": "call",
      "thread_id": 70165874327560,
      "defined_class": "Spree",
      "method_id": "i18n_available_locales",
      "path": "/Users/kgilpin/source/land-of-apps/solidus/core/lib/spree/i18n.rb",
      "lineno": 8,
      "static": true,
      "parameters": [],
      "receiver": {
        "class": "Module",
        "object_id": 70165903731900,
        "value": "Spree"
      }
    },
    {
      "id": 327,
      "event": "return",
      "thread_id": 70165874327560,
      "parent_id": 326,
      "elapsed": 0.000203,
      "return_value": {
        "class": "Array",
        "value": "[:en]",
        "object_id": 70165882348620
      }
    },
    {
      "id": 328,
      "event": "call",
      "thread_id": 70165874327560,
      "defined_class": "Spree::Preferences::Preferable",
      "method_id": "get_preference",
      "path": "/Users/kgilpin/source/land-of-apps/solidus/core/lib/spree/preferences/preferable.rb",
      "lineno": 66,
      "static": false,
      "parameters": [
        {
          "name": "name",
          "class": "Symbol",
          "object_id": 2696668,
          "value": "locale",
          "kind": "req"
        }
      ],
      "receiver": {
        "class": "Spree::BackendConfiguration",
        "object_id": 70165957348580,
        "value": "#<Spree::BackendConfiguration:0x00007fa191ed19c8>"
      }
    },
    {
      "id": 329,
      "event": "call",
      "thread_id": 70165874327560,
      "defined_class": "Spree::Preferences::Preferable",
      "method_id": "has_preference!",
      "path": "/Users/kgilpin/source/land-of-apps/solidus/core/lib/spree/preferences/preferable.rb",
      "lineno": 96,
      "static": false,
      "parameters": [
        {
          "name": "name",
          "class": "Symbol",
          "object_id": 2696668,
          "value": "locale",
          "kind": "req"
        }
      ],
      "receiver": {
        "class": "Spree::BackendConfiguration",
        "object_id": 70165957348580,
        "value": "#<Spree::BackendConfiguration:0x00007fa191ed19c8>"
      }
    },
    {
      "id": 330,
      "event": "call",
      "thread_id": 70165874327560,
      "defined_class": "Spree::Preferences::Preferable",
      "method_id": "has_preference?",
      "path": "/Users/kgilpin/source/land-of-apps/solidus/core/lib/spree/preferences/preferable.rb",
      "lineno": 102,
      "static": false,
      "parameters": [
        {
          "name": "name",
          "class": "Symbol",
          "object_id": 2696668,
          "value": "locale",
          "kind": "req"
        }
      ],
      "receiver": {
        "class": "Spree::BackendConfiguration",
        "object_id": 70165957348580,
        "value": "#<Spree::BackendConfiguration:0x00007fa191ed19c8>"
      }
    },
    {
      "id": 331,
      "event": "call",
      "thread_id": 70165874327560,
      "defined_class": "Spree::Preferences::Preferable",
      "method_id": "defined_preferences",
      "path": "/Users/kgilpin/source/land-of-apps/solidus/core/lib/spree/preferences/preferable.rb",
      "lineno": 107,
      "static": false,
      "parameters": [],
      "receiver": {
        "class": "Spree::BackendConfiguration",
        "object_id": 70165957348580,
        "value": "#<Spree::BackendConfiguration:0x00007fa191ed19c8>"
      }
    },
    {
      "id": 332,
      "event": "call",
      "thread_id": 70165874327560,
      "defined_class": "Spree::Preferences::PreferableClassMethods",
      "method_id": "defined_preferences",
      "path": "/Users/kgilpin/source/land-of-apps/solidus/core/lib/spree/preferences/preferable_class_methods.rb",
      "lineno": 17,
      "static": true,
      "parameters": [],
      "receiver": {
        "class": "Class",
        "object_id": 70165956884400,
        "value": "Spree::BackendConfiguration"
      }
    },
    {
      "id": 333,
      "event": "return",
      "thread_id": 70165874327560,
      "parent_id": 332,
      "elapsed": 0.000005,
      "return_value": {
        "class": "Array",
        "value": "[]",
        "object_id": 70165882121460
      }
    },
    {
      "id": 334,
      "event": "return",
      "thread_id": 70165874327560,
      "parent_id": 331,
      "elapsed": 0.000061,
      "return_value": {
        "class": "Array",
        "value": "[:locale, :unfrozen_preference_store]",
        "object_id": 70165882121020
      }
    },
    {
      "id": 335,
      "event": "return",
      "thread_id": 70165874327560,
      "parent_id": 330,
      "elapsed": 0.000118,
      "return_value": {
        "class": "TrueClass",
        "value": "true",
        "object_id": 20
      }
    },
    {
      "id": 336,
      "event": "return",
      "thread_id": 70165874327560,
      "parent_id": 329,
      "elapsed": 0.000177
    },
    {
      "id": 337,
      "event": "call",
      "thread_id": 70165874327560,
      "defined_class": "Spree::Preferences::PreferableClassMethods",
      "method_id": "preference_getter_method",
      "path": "/Users/kgilpin/source/land-of-apps/solidus/core/lib/spree/preferences/preferable_class_methods.rb",
      "lineno": 70,
      "static": true,
      "parameters": [
        {
          "name": "name",
          "class": "Symbol",
          "object_id": 2696668,
          "value": "locale",
          "kind": "req"
        }
      ],
      "receiver": {
        "class": "Class",
        "object_id": 70165956884400,
        "value": "Spree::BackendConfiguration"
      }
    },
    {
      "id": 338,
      "event": "return",
      "thread_id": 70165874327560,
      "parent_id": 337,
      "elapsed": 0.000005,
      "return_value": {
        "class": "Symbol",
        "value": "preferred_locale",
        "object_id": 70165956883180
      }
    },
    {
      "id": 339,
      "event": "call",
      "thread_id": 70165874327560,
      "defined_class": "Spree::BackendConfiguration",
      "method_id": "preferred_locale",
      "path": "/Users/kgilpin/source/land-of-apps/solidus/core/lib/spree/preferences/preferable_class_methods.rb",
      "lineno": 45,
      "static": false,
      "parameters": [],
      "receiver": {
        "class": "Spree::BackendConfiguration",
        "object_id": 70165957348580,
        "value": "#<Spree::BackendConfiguration:0x00007fa191ed19c8>"
      }
    },
    {
      "id": 340,
      "event": "call",
      "thread_id": 70165874327560,
      "defined_class": "Spree::Preferences::Configuration",
      "method_id": "preferences",
      "path": "/Users/kgilpin/source/land-of-apps/solidus/core/lib/spree/preferences/configuration.rb",
      "lineno": 40,
      "static": false,
      "parameters": [],
      "receiver": {
        "class": "Spree::BackendConfiguration",
        "object_id": 70165957348580,
        "value": "#<Spree::BackendConfiguration:0x00007fa191ed19c8>"
      }
    },
    {
      "id": 341,
      "event": "return",
      "thread_id": 70165874327560,
      "parent_id": 340,
      "elapsed": 0.000005,
      "return_value": {
        "class": "Hash",
        "value": "{:locale=>:en, :unfrozen_preference_store=>{:locale=>:en, :unfrozen_preference_store=>nil}}",
        "object_id": 70165946446000
      }
    },
    {
      "id": 342,
      "event": "return",
      "thread_id": 70165874327560,
      "parent_id": 339,
      "elapsed": 0.000063,
      "return_value": {
        "class": "Symbol",
        "value": "en",
        "object_id": 2696988
      }
    },
    {
      "id": 343,
      "event": "return",
      "thread_id": 70165874327560,
      "parent_id": 328,
      "elapsed": 0.000418,
      "return_value": {
        "class": "Symbol",
        "value": "en",
        "object_id": 2696988
      }
    },
    {
      "id": 344,
      "event": "call",
      "thread_id": 70165874327560,
      "defined_class": "Carmen",
      "method_id": "i18n_backend",
      "path": "/Users/kgilpin/.rbenv/versions/2.6.6/lib/ruby/gems/2.6.0/gems/carmen-1.1.3/lib/carmen.rb",
      "lineno": 38,
      "static": true,
      "parameters": [],
      "receiver": {
        "class": "Module",
        "object_id": 70165956773220,
        "value": "Carmen"
      }
    },
    {
      "id": 345,
      "event": "return",
      "thread_id": 70165874327560,
      "parent_id": 344,
      "elapsed": 0.000005,
      "return_value": {
        "class": "Carmen::I18n::Simple",
        "value": "#<Carmen::I18n::Simple:0x00007fa18bacee80>",
        "object_id": 70165904914240
      }
    },
    {
      "id": 346,
      "event": "call",
      "thread_id": 70165874327560,
      "defined_class": "CanCan::ControllerAdditions",
      "method_id": "authorize!",
      "path": "/Users/kgilpin/.rbenv/versions/2.6.6/lib/ruby/gems/2.6.0/gems/cancancan-3.1.0/lib/cancan/controller_additions.rb",
      "lineno": 337,
      "static": false,
      "parameters": [
        {
          "name": "args",
          "class": "Array",
          "object_id": 70165954400560,
          "value": "[:admin, :api_key]",
          "kind": "rest"
        }
      ],
      "receiver": {
        "class": "Spree::Admin::Users::ApiKeyController",
        "object_id": 70165881787680,
        "value": "#<Spree::Admin::Users::ApiKeyController:0x00007fa188eb2a40>"
      }
    },
    {
      "id": 347,
      "event": "call",
      "thread_id": 70165874327560,
      "defined_class": "CanCan::Ability",
      "method_id": "authorize!",
      "path": "/Users/kgilpin/.rbenv/versions/2.6.6/lib/ruby/gems/2.6.0/gems/cancancan-3.1.0/lib/cancan/ability.rb",
      "lineno": 176,
      "static": false,
      "parameters": [
        {
          "name": "action",
          "class": "Symbol",
          "object_id": 8584668,
          "value": "admin",
          "kind": "req"
        },
        {
          "name": "subject",
          "class": "Symbol",
          "object_id": 2646748,
          "value": "api_key",
          "kind": "req"
        },
        {
          "name": "args",
          "class": "Array",
          "object_id": 70165954428620,
          "value": "[]",
          "kind": "rest"
        }
      ],
      "receiver": {
        "class": "Object",
        "object_id": 70165881814980,
        "value": "#<#<Class:0x00007fa18969efb0>:0x00007fa188ebff88>"
      }
    },
    {
      "id": 348,
      "event": "call",
      "thread_id": 70165874327560,
      "defined_class": "CanCan::Ability",
      "method_id": "cannot?",
      "path": "/Users/kgilpin/.rbenv/versions/2.6.6/lib/ruby/gems/2.6.0/gems/cancancan-3.1.0/lib/cancan/ability.rb",
      "lineno": 87,
      "static": false,
      "parameters": [
        {
          "name": "args",
          "class": "Array",
          "object_id": 70165954424000,
          "value": "[:admin, :api_key]",
          "kind": "rest"
        }
      ],
      "receiver": {
        "class": "Object",
        "object_id": 70165881814980,
        "value": "#<#<Class:0x00007fa18969efb0>:0x00007fa188ebff88>"
      }
    },
    {
      "id": 349,
      "event": "call",
      "thread_id": 70165874327560,
      "defined_class": "CanCan::Ability",
      "method_id": "can?",
      "path": "/Users/kgilpin/.rbenv/versions/2.6.6/lib/ruby/gems/2.6.0/gems/cancancan-3.1.0/lib/cancan/ability.rb",
      "lineno": 74,
      "static": false,
      "parameters": [
        {
          "name": "action",
          "class": "Symbol",
          "object_id": 8584668,
          "value": "admin",
          "kind": "req"
        },
        {
          "name": "subject",
          "class": "Symbol",
          "object_id": 2646748,
          "value": "api_key",
          "kind": "req"
        },
        {
          "name": "attribute",
          "class": "NilClass",
          "object_id": 8,
          "value": null,
          "kind": "opt"
        },
        {
          "name": "extra_args",
          "class": "NilClass",
          "object_id": 8,
          "value": null,
          "kind": "rest"
        }
      ],
      "receiver": {
        "class": "Object",
        "object_id": 70165881814980,
        "value": "#<#<Class:0x00007fa18969efb0>:0x00007fa188ebff88>"
      }
    },
    {
      "id": 350,
      "event": "call",
      "thread_id": 70165874327560,
      "defined_class": "CanCan::Ability::Actions",
      "method_id": "aliased_actions",
      "path": "/Users/kgilpin/.rbenv/versions/2.6.6/lib/ruby/gems/2.6.0/gems/cancancan-3.1.0/lib/cancan/ability/actions.rb",
      "lineno": 43,
      "static": false,
      "parameters": [],
      "receiver": {
        "class": "Object",
        "object_id": 70165881814980,
        "value": "#<#<Class:0x00007fa18969efb0>:0x00007fa188ebff88>"
      }
    },
    {
      "id": 351,
      "event": "return",
      "thread_id": 70165874327560,
      "parent_id": 350,
      "elapsed": 0.000008,
      "return_value": {
        "class": "Hash",
        "value": "{:read=>[:index, :show], :create=>[:new], :update=>[:edit]}",
        "object_id": 70165954515240
      }
    },
    {
      "id": 352,
      "event": "call",
      "thread_id": 70165874327560,
      "defined_class": "CanCan::Relevant",
      "method_id": "relevant?",
      "path": "/Users/kgilpin/.rbenv/versions/2.6.6/lib/ruby/gems/2.6.0/gems/cancancan-3.1.0/lib/cancan/relevant.rb",
      "lineno": 6,
      "static": false,
      "parameters": [
        {
          "name": "action",
          "class": "Symbol",
          "object_id": 8584668,
          "value": "admin",
          "kind": "req"
        },
        {
          "name": "subject",
          "class": "Symbol",
          "object_id": 2646748,
          "value": "api_key",
          "kind": "req"
        }
      ],
      "receiver": {
        "class": "CanCan::Rule",
        "object_id": 70165881878800,
        "value": "#<CanCan::Rule:0x00007fa188edf220>"
      }
    },
    {
      "id": 353,
      "event": "return",
      "thread_id": 70165874327560,
      "parent_id": 352,
      "elapsed": 0.000007,
      "return_value": {
        "class": "TrueClass",
        "value": "true",
        "object_id": 20
      }
    },
    {
      "id": 354,
      "event": "call",
      "thread_id": 70165874327560,
      "defined_class": "CanCan::Rule",
      "method_id": "only_raw_sql?",
      "path": "/Users/kgilpin/.rbenv/versions/2.6.6/lib/ruby/gems/2.6.0/gems/cancancan-3.1.0/lib/cancan/rule.rb",
      "lineno": 67,
      "static": false,
      "parameters": [],
      "receiver": {
        "class": "CanCan::Rule",
        "object_id": 70165881878800,
        "value": "#<CanCan::Rule:0x00007fa188edf220>"
      }
    },
    {
      "id": 355,
      "event": "return",
      "thread_id": 70165874327560,
      "parent_id": 354,
      "elapsed": 0.000006
    },
    {
      "id": 356,
      "event": "call",
      "thread_id": 70165874327560,
      "defined_class": "CanCan::ConditionsMatcher",
      "method_id": "matches_conditions?",
      "path": "/Users/kgilpin/.rbenv/versions/2.6.6/lib/ruby/gems/2.6.0/gems/cancancan-3.1.0/lib/cancan/conditions_matcher.rb",
      "lineno": 6,
      "static": false,
      "parameters": [
        {
          "name": "action",
          "class": "Symbol",
          "object_id": 8584668,
          "value": "admin",
          "kind": "req"
        },
        {
          "name": "subject",
          "class": "Symbol",
          "object_id": 2646748,
          "value": "api_key",
          "kind": "req"
        },
        {
          "name": "attribute",
          "class": "NilClass",
          "object_id": 8,
          "value": null,
          "kind": "opt"
        },
        {
          "name": "extra_args",
          "class": "Array",
          "object_id": 70165954556960,
          "value": "[]",
          "kind": "rest"
        }
      ],
      "receiver": {
        "class": "CanCan::Rule",
        "object_id": 70165881878800,
        "value": "#<CanCan::Rule:0x00007fa188edf220>"
      }
    },
    {
      "id": 357,
      "event": "return",
      "thread_id": 70165874327560,
      "parent_id": 356,
      "elapsed": 0.000006,
      "return_value": {
        "class": "TrueClass",
        "value": "true",
        "object_id": 20
      }
    },
    {
      "id": 358,
      "event": "call",
      "thread_id": 70165874327560,
      "defined_class": "CanCan::Rule",
      "method_id": "matches_attributes?",
      "path": "/Users/kgilpin/.rbenv/versions/2.6.6/lib/ruby/gems/2.6.0/gems/cancancan-3.1.0/lib/cancan/rule.rb",
      "lineno": 95,
      "static": false,
      "parameters": [
        {
          "name": "attribute",
          "class": "NilClass",
          "object_id": 8,
          "value": null,
          "kind": "req"
        }
      ],
      "receiver": {
        "class": "CanCan::Rule",
        "object_id": 70165881878800,
        "value": "#<CanCan::Rule:0x00007fa188edf220>"
      }
    },
    {
      "id": 359,
      "event": "return",
      "thread_id": 70165874327560,
      "parent_id": 358,
      "elapsed": 0.000006,
      "return_value": {
        "class": "TrueClass",
        "value": "true",
        "object_id": 20
      }
    },
    {
      "id": 360,
      "event": "return",
      "thread_id": 70165874327560,
      "parent_id": 349,
      "elapsed": 0.001681,
      "return_value": {
        "class": "TrueClass",
        "value": "true",
        "object_id": 20
      }
    },
    {
      "id": 361,
      "event": "return",
      "thread_id": 70165874327560,
      "parent_id": 348,
      "elapsed": 0.003086
    },
    {
      "id": 362,
      "event": "return",
      "thread_id": 70165874327560,
      "parent_id": 347,
      "elapsed": 0.004538,
      "return_value": {
        "class": "Symbol",
        "value": "api_key",
        "object_id": 2646748
      }
    },
    {
      "id": 363,
      "event": "return",
      "thread_id": 70165874327560,
      "parent_id": 346,
      "elapsed": 0.007658,
      "return_value": {
        "class": "Symbol",
        "value": "api_key",
        "object_id": 2646748
      }
    },
    {
      "id": 364,
      "event": "call",
      "thread_id": 70165874327560,
      "defined_class": "CanCan::ControllerAdditions",
      "method_id": "authorize!",
      "path": "/Users/kgilpin/.rbenv/versions/2.6.6/lib/ruby/gems/2.6.0/gems/cancancan-3.1.0/lib/cancan/controller_additions.rb",
      "lineno": 337,
      "static": false,
      "parameters": [
        {
          "name": "args",
          "class": "Array",
          "object_id": 70165954254900,
          "value": "[:create, :api_key]",
          "kind": "rest"
        }
      ],
      "receiver": {
        "class": "Spree::Admin::Users::ApiKeyController",
        "object_id": 70165881787680,
        "value": "#<Spree::Admin::Users::ApiKeyController:0x00007fa188eb2a40>"
      }
    },
    {
      "id": 365,
      "event": "call",
      "thread_id": 70165874327560,
      "defined_class": "CanCan::Ability",
      "method_id": "authorize!",
      "path": "/Users/kgilpin/.rbenv/versions/2.6.6/lib/ruby/gems/2.6.0/gems/cancancan-3.1.0/lib/cancan/ability.rb",
      "lineno": 176,
      "static": false,
      "parameters": [
        {
          "name": "action",
          "class": "Symbol",
          "object_id": 678428,
          "value": "create",
          "kind": "req"
        },
        {
          "name": "subject",
          "class": "Symbol",
          "object_id": 2646748,
          "value": "api_key",
          "kind": "req"
        },
        {
          "name": "args",
          "class": "Array",
          "object_id": 70165954250860,
          "value": "[]",
          "kind": "rest"
        }
      ],
      "receiver": {
        "class": "Object",
        "object_id": 70165881814980,
        "value": "#<#<Class:0x00007fa18969efb0>:0x00007fa188ebff88>"
      }
    },
    {
      "id": 366,
      "event": "call",
      "thread_id": 70165874327560,
      "defined_class": "CanCan::Ability",
      "method_id": "cannot?",
      "path": "/Users/kgilpin/.rbenv/versions/2.6.6/lib/ruby/gems/2.6.0/gems/cancancan-3.1.0/lib/cancan/ability.rb",
      "lineno": 87,
      "static": false,
      "parameters": [
        {
          "name": "args",
          "class": "Array",
          "object_id": 70165954249160,
          "value": "[:create, :api_key]",
          "kind": "rest"
        }
      ],
      "receiver": {
        "class": "Object",
        "object_id": 70165881814980,
        "value": "#<#<Class:0x00007fa18969efb0>:0x00007fa188ebff88>"
      }
    },
    {
      "id": 367,
      "event": "call",
      "thread_id": 70165874327560,
      "defined_class": "CanCan::Ability",
      "method_id": "can?",
      "path": "/Users/kgilpin/.rbenv/versions/2.6.6/lib/ruby/gems/2.6.0/gems/cancancan-3.1.0/lib/cancan/ability.rb",
      "lineno": 74,
      "static": false,
      "parameters": [
        {
          "name": "action",
          "class": "Symbol",
          "object_id": 678428,
          "value": "create",
          "kind": "req"
        },
        {
          "name": "subject",
          "class": "Symbol",
          "object_id": 2646748,
          "value": "api_key",
          "kind": "req"
        },
        {
          "name": "attribute",
          "class": "NilClass",
          "object_id": 8,
          "value": null,
          "kind": "opt"
        },
        {
          "name": "extra_args",
          "class": "NilClass",
          "object_id": 8,
          "value": null,
          "kind": "rest"
        }
      ],
      "receiver": {
        "class": "Object",
        "object_id": 70165881814980,
        "value": "#<#<Class:0x00007fa18969efb0>:0x00007fa188ebff88>"
      }
    },
    {
      "id": 368,
      "event": "call",
      "thread_id": 70165874327560,
      "defined_class": "CanCan::Relevant",
      "method_id": "relevant?",
      "path": "/Users/kgilpin/.rbenv/versions/2.6.6/lib/ruby/gems/2.6.0/gems/cancancan-3.1.0/lib/cancan/relevant.rb",
      "lineno": 6,
      "static": false,
      "parameters": [
        {
          "name": "action",
          "class": "Symbol",
          "object_id": 678428,
          "value": "create",
          "kind": "req"
        },
        {
          "name": "subject",
          "class": "Symbol",
          "object_id": 2646748,
          "value": "api_key",
          "kind": "req"
        }
      ],
      "receiver": {
        "class": "CanCan::Rule",
        "object_id": 70165881878800,
        "value": "#<CanCan::Rule:0x00007fa188edf220>"
      }
    },
    {
      "id": 369,
      "event": "return",
      "thread_id": 70165874327560,
      "parent_id": 368,
      "elapsed": 0.000007,
      "return_value": {
        "class": "TrueClass",
        "value": "true",
        "object_id": 20
      }
    },
    {
      "id": 370,
      "event": "call",
      "thread_id": 70165874327560,
      "defined_class": "CanCan::Rule",
      "method_id": "only_raw_sql?",
      "path": "/Users/kgilpin/.rbenv/versions/2.6.6/lib/ruby/gems/2.6.0/gems/cancancan-3.1.0/lib/cancan/rule.rb",
      "lineno": 67,
      "static": false,
      "parameters": [],
      "receiver": {
        "class": "CanCan::Rule",
        "object_id": 70165881878800,
        "value": "#<CanCan::Rule:0x00007fa188edf220>"
      }
    },
    {
      "id": 371,
      "event": "return",
      "thread_id": 70165874327560,
      "parent_id": 370,
      "elapsed": 0.000005
    },
    {
      "id": 372,
      "event": "call",
      "thread_id": 70165874327560,
      "defined_class": "CanCan::ConditionsMatcher",
      "method_id": "matches_conditions?",
      "path": "/Users/kgilpin/.rbenv/versions/2.6.6/lib/ruby/gems/2.6.0/gems/cancancan-3.1.0/lib/cancan/conditions_matcher.rb",
      "lineno": 6,
      "static": false,
      "parameters": [
        {
          "name": "action",
          "class": "Symbol",
          "object_id": 678428,
          "value": "create",
          "kind": "req"
        },
        {
          "name": "subject",
          "class": "Symbol",
          "object_id": 2646748,
          "value": "api_key",
          "kind": "req"
        },
        {
          "name": "attribute",
          "class": "NilClass",
          "object_id": 8,
          "value": null,
          "kind": "opt"
        },
        {
          "name": "extra_args",
          "class": "Array",
          "object_id": 70165954867020,
          "value": "[]",
          "kind": "rest"
        }
      ],
      "receiver": {
        "class": "CanCan::Rule",
        "object_id": 70165881878800,
        "value": "#<CanCan::Rule:0x00007fa188edf220>"
      }
    },
    {
      "id": 373,
      "event": "return",
      "thread_id": 70165874327560,
      "parent_id": 372,
      "elapsed": 0.000006,
      "return_value": {
        "class": "TrueClass",
        "value": "true",
        "object_id": 20
      }
    },
    {
      "id": 374,
      "event": "call",
      "thread_id": 70165874327560,
      "defined_class": "CanCan::Rule",
      "method_id": "matches_attributes?",
      "path": "/Users/kgilpin/.rbenv/versions/2.6.6/lib/ruby/gems/2.6.0/gems/cancancan-3.1.0/lib/cancan/rule.rb",
      "lineno": 95,
      "static": false,
      "parameters": [
        {
          "name": "attribute",
          "class": "NilClass",
          "object_id": 8,
          "value": null,
          "kind": "req"
        }
      ],
      "receiver": {
        "class": "CanCan::Rule",
        "object_id": 70165881878800,
        "value": "#<CanCan::Rule:0x00007fa188edf220>"
      }
    },
    {
      "id": 375,
      "event": "return",
      "thread_id": 70165874327560,
      "parent_id": 374,
      "elapsed": 0.000005,
      "return_value": {
        "class": "TrueClass",
        "value": "true",
        "object_id": 20
      }
    },
    {
      "id": 376,
      "event": "return",
      "thread_id": 70165874327560,
      "parent_id": 367,
      "elapsed": 0.000298,
      "return_value": {
        "class": "TrueClass",
        "value": "true",
        "object_id": 20
      }
    },
    {
      "id": 377,
      "event": "return",
      "thread_id": 70165874327560,
      "parent_id": 366,
      "elapsed": 0.00161
    },
    {
      "id": 378,
      "event": "return",
      "thread_id": 70165874327560,
      "parent_id": 365,
      "elapsed": 0.002934,
      "return_value": {
        "class": "Symbol",
        "value": "api_key",
        "object_id": 2646748
      }
    },
    {
      "id": 379,
      "event": "return",
      "thread_id": 70165874327560,
      "parent_id": 364,
      "elapsed": 0.004325,
      "return_value": {
        "class": "Symbol",
        "value": "api_key",
        "object_id": 2646748
      }
    },
    {
      "id": 380,
      "event": "call",
      "thread_id": 70165874327560,
      "defined_class": "Spree::Admin::Users::ApiKeyController",
      "method_id": "create",
      "path": "app/controllers/spree/admin/users/api_key_controller.rb",
      "lineno": 7,
      "static": false,
      "parameters": [],
      "receiver": {
        "class": "Spree::Admin::Users::ApiKeyController",
        "object_id": 70165881787680,
        "value": "#<Spree::Admin::Users::ApiKeyController:0x00007fa188eb2a40>"
      }
    },
    {
      "id": 381,
      "event": "call",
      "thread_id": 70165874327560,
      "defined_class": "Spree",
      "method_id": "user_class",
      "path": "/Users/kgilpin/source/land-of-apps/solidus/core/lib/spree/core.rb",
      "lineno": 26,
      "static": true,
      "parameters": [],
      "receiver": {
        "class": "Module",
        "object_id": 70165903731900,
        "value": "Spree"
      }
    },
    {
      "id": 382,
      "event": "return",
      "thread_id": 70165874327560,
      "parent_id": 381,
      "elapsed": 0.000012,
      "return_value": {
        "class": "Class",
        "value": "Spree::LegacyUser",
        "object_id": 70165967717820
      }
    },
    {
      "id": 383,
      "event": "call",
      "thread_id": 70165874327560,
      "defined_class": "ActiveRecord::Core::ClassMethods",
      "method_id": "find",
      "path": "/Users/kgilpin/.rbenv/versions/2.6.6/lib/ruby/gems/2.6.0/gems/activerecord-6.0.3.4/lib/active_record/core.rb",
      "lineno": 157,
      "static": true,
      "parameters": [
        {
          "name": "ids",
          "class": "Array",
          "object_id": 70165955054620,
          "value": "[\"1\"]",
          "kind": "rest"
        }
      ],
      "receiver": {
        "class": "Class",
        "object_id": 70165967717820,
        "value": "Spree::LegacyUser"
      }
    },
    {
      "id": 384,
      "event": "call",
      "thread_id": 70165874327560,
      "sql_query": {
        "sql": "SELECT \"spree_users\".* FROM \"spree_users\" WHERE \"spree_users\".\"id\" = ? LIMIT ?",
        "database_type": "sqlite",
        "server_version": "3.33.0"
      }
    },
    {
      "id": 385,
      "event": "return",
      "thread_id": 70165874327560,
      "parent_id": 384,
      "elapsed": 0.000192
    },
    {
      "id": 386,
      "event": "return",
      "thread_id": 70165874327560,
      "parent_id": 383,
      "elapsed": 0.002868,
      "return_value": {
        "class": "Spree::LegacyUser",
        "value": "#<Spree::LegacyUser:0x00007fa191bc65d0>",
        "object_id": 70165955752680
      }
    },
    {
      "id": 387,
      "event": "call",
      "thread_id": 70165874327560,
      "defined_class": "Spree::UserApiAuthentication",
      "method_id": "generate_spree_api_key!",
      "path": "/Users/kgilpin/source/land-of-apps/solidus/core/app/models/concerns/spree/user_api_authentication.rb",
      "lineno": 5,
      "static": false,
      "parameters": [],
      "receiver": {
        "class": "Spree::LegacyUser",
        "object_id": 70165955752680,
        "value": "#<Spree::LegacyUser:0x00007fa191bc65d0>"
      }
    },
    {
      "id": 388,
      "event": "call",
      "thread_id": 70165874327560,
      "defined_class": "Spree::UserApiAuthentication",
      "method_id": "generate_spree_api_key",
      "path": "/Users/kgilpin/source/land-of-apps/solidus/core/app/models/concerns/spree/user_api_authentication.rb",
      "lineno": 10,
      "static": false,
      "parameters": [],
      "receiver": {
        "class": "Spree::LegacyUser",
        "object_id": 70165955752680,
        "value": "#<Spree::LegacyUser:0x00007fa191bc65d0>"
      }
    },
    {
      "id": 389,
      "event": "call",
      "thread_id": 70165874327560,
      "defined_class": "ActiveRecord::AttributeMethods::Write",
      "method_id": "_write_attribute",
      "path": "/Users/kgilpin/.rbenv/versions/2.6.6/lib/ruby/gems/2.6.0/gems/activerecord-6.0.3.4/lib/active_record/attribute_methods/write.rb",
      "lineno": 41,
      "static": false,
      "parameters": [
        {
          "name": "attr_name",
          "class": "String",
          "object_id": 70165884089000,
          "value": "spree_api_key",
          "kind": "req"
        },
        {
          "name": "value",
          "class": "String",
          "object_id": 70165955748220,
          "value": "47f748fcaedd0fd50c51afec31055b47ec1a561e6ff702c9",
          "kind": "req"
        }
      ],
      "receiver": {
        "class": "Spree::LegacyUser",
        "object_id": 70165955752680,
        "value": "#<Spree::LegacyUser:0x00007fa191bc65d0>"
      }
    },
    {
      "id": 390,
      "event": "return",
      "thread_id": 70165874327560,
      "parent_id": 389,
      "elapsed": 0.000015,
      "return_value": {
        "class": "String",
        "value": "47f748fcaedd0fd50c51afec31055b47ec1a561e6ff702c9",
        "object_id": 70165955748220
      }
    },
    {
      "id": 391,
      "event": "return",
      "thread_id": 70165874327560,
      "parent_id": 388,
      "elapsed": 0.000122,
      "return_value": {
        "class": "String",
        "value": "47f748fcaedd0fd50c51afec31055b47ec1a561e6ff702c9",
        "object_id": 70165955748220
      }
    },
    {
      "id": 392,
      "event": "call",
      "thread_id": 70165874327560,
      "sql_query": {
        "sql": "SAVEPOINT active_record_1",
        "database_type": "sqlite",
        "server_version": "3.33.0"
      }
    },
    {
      "id": 393,
      "event": "return",
      "thread_id": 70165874327560,
      "parent_id": 392,
      "elapsed": 0.000145
    },
    {
      "id": 394,
      "event": "call",
      "thread_id": 70165874327560,
      "sql_query": {
        "sql": "UPDATE \"spree_users\" SET \"spree_api_key\" = ?, \"updated_at\" = ? WHERE \"spree_users\".\"id\" = ?",
        "database_type": "sqlite",
        "server_version": "3.33.0"
      }
    },
    {
      "id": 395,
      "event": "return",
      "thread_id": 70165874327560,
      "parent_id": 394,
      "elapsed": 0.000174
    },
    {
      "id": 396,
      "event": "call",
      "thread_id": 70165874327560,
      "sql_query": {
        "sql": "RELEASE SAVEPOINT active_record_1",
        "database_type": "sqlite",
        "server_version": "3.33.0"
      }
    },
    {
      "id": 397,
      "event": "return",
      "thread_id": 70165874327560,
      "parent_id": 396,
      "elapsed": 0.000115
    },
    {
      "id": 398,
      "event": "return",
      "thread_id": 70165874327560,
      "parent_id": 387,
      "elapsed": 0.010941,
      "return_value": {
        "class": "TrueClass",
        "value": "true",
        "object_id": 20
      }
    },
    {
      "id": 399,
      "event": "return",
      "thread_id": 70165874327560,
      "parent_id": 380,
      "elapsed": 0.014356,
      "return_value": {
        "class": "String",
        "value": "<html><body>You are being <a href=\"http://test.host/admin/users/1/edit\">redirected</a>.</body></html",
        "object_id": 70165946218500
      }
    },
    {
      "id": 400,
      "event": "return",
      "thread_id": 70165874327560,
      "parent_id": 303,
      "elapsed": 0.028961,
      "http_server_response": {
        "status": 302
      }
    },
    {
      "id": 401,
      "event": "call",
      "thread_id": 70165874327560,
      "defined_class": "ActionDispatch::Cookies::CookieJar",
      "method_id": "update",
      "path": "/Users/kgilpin/.rbenv/versions/2.6.6/lib/ruby/gems/2.6.0/gems/actionpack-6.0.3.4/lib/action_dispatch/middleware/cookies.rb",
      "lineno": 333,
      "static": false,
      "parameters": [
        {
          "name": "other_hash",
          "class": "Hash",
          "object_id": 70165882198700,
          "value": "{\"guest_token\"=>\"BAhJIhs3a0VMbFEwekVpaXM5WlhMLWhxX3dBBjoGRUY=--34c94f78dbb191d4beb16c0a3bf89db34c819",
          "kind": "req"
        }
      ],
      "receiver": {
        "class": "ActionDispatch::Cookies::CookieJar",
        "object_id": 70165881682180,
        "value": "#<ActionDispatch::Cookies::CookieJar:0x00007fa188e7f208>"
      }
    },
    {
      "id": 402,
      "event": "return",
      "thread_id": 70165874327560,
      "parent_id": 401,
      "elapsed": 0.000007,
      "return_value": {
        "class": "ActionDispatch::Cookies::CookieJar",
        "value": "#<ActionDispatch::Cookies::CookieJar:0x00007fa188e7f208>",
        "object_id": 70165881682180
      }
    },
    {
      "id": 403,
      "event": "call",
      "thread_id": 70165874327560,
      "defined_class": "Spree::TestingSupport::UrlHelpers",
      "method_id": "spree",
      "path": "/Users/kgilpin/source/land-of-apps/solidus/core/lib/spree/testing_support/url_helpers.rb",
      "lineno": 6,
      "static": false,
      "parameters": [],
      "receiver": {
        "class": "RSpec::ExampleGroups::SpreeAdminUsersApiKeyController::Create::WithAbilityToManageUsersAndAPIKeys",
        "object_id": 70165881643140,
        "value": "#<RSpec::ExampleGroups::SpreeAdminUsersApiKeyController::Create::WithAbilityToManageUsersAndAPIKeys:"
      }
    },
    {
      "id": 404,
      "event": "return",
      "thread_id": 70165874327560,
      "parent_id": 403,
      "elapsed": 0.011259,
      "return_value": {
        "class": "Module",
        "value": "#<Module:0x00007fa1909a7f70>",
        "object_id": 70165946253240
      }
    },
    {
      "id": 405,
      "event": "call",
      "thread_id": 70165874327560,
      "defined_class": "ActiveRecord::Integration",
      "method_id": "to_param",
      "path": "/Users/kgilpin/.rbenv/versions/2.6.6/lib/ruby/gems/2.6.0/gems/activerecord-6.0.3.4/lib/active_record/integration.rb",
      "lineno": 57,
      "static": false,
      "parameters": [],
      "receiver": {
        "class": "Spree::LegacyUser",
        "object_id": 70165882016260,
        "value": "#<Spree::LegacyUser:0x00007fa188f22408>"
      }
    },
    {
      "id": 406,
      "event": "return",
      "thread_id": 70165874327560,
      "parent_id": 405,
      "elapsed": 0.000025,
      "return_value": {
        "class": "String",
        "value": "1",
        "object_id": 70165946262460
      }
    }
  ]
}