{
  "version": "1.4",
  "metadata": {
    "app": "nytem-2021/solidus",
    "language": {
      "name": "ruby",
      "engine": "ruby",
      "version": "2.6.6"
    },
    "client": {
      "name": "appmap",
      "url": "https://github.com/applandinc/appmap-ruby",
      "version": "0.41.2"
    },
    "frameworks": [
      {
        "name": "rails",
        "version": "6.0.3.4"
      },
      {
        "name": "rspec",
        "version": "3.10.0"
      }
    ],
    "git": {
      "repository": "git@github.com:land-of-apps/solidus-nytem-2021.git",
      "branch": "main",
      "commit": "438fff939c2893653f43176c17ebb84894b38c20",
      "status": [],
      "git_last_annotated_tag": "v2.10.0.beta1",
      "git_last_tag": "v2.10.0.beta1",
      "git_commits_since_last_annotated_tag": 0,
      "git_commits_since_last_tag": 0
    },
    "name": "Spree::Admin::UsersController #show redirects to edit",
    "feature": "Spree::Admin::UsersController #show",
    "feature_group": "Spree admin users",
    "recorder": {
      "name": "rspec"
    },
    "fingerprints": [
      {
        "appmap_digest": "e527566c5132ef5a90dc8c18123cd2545f61065fd526940a73f5bed2b81190ba",
        "canonicalization_algorithm": "beta_v1_error",
        "digest": "c3f71aa7ef29438a57a9d35d04a2b70b35c87706eab1391eded15f07354f5814",
        "fingerprint_algorithm": "sha256"
      },
      {
        "appmap_digest": "e527566c5132ef5a90dc8c18123cd2545f61065fd526940a73f5bed2b81190ba",
        "canonicalization_algorithm": "beta_v1_info",
        "digest": "371330ee0a8c9c4fb76d98d96a3d6298ee72d78feef59c3e6d73d5ff3a43cad6",
        "fingerprint_algorithm": "sha256"
      },
      {
        "appmap_digest": "e527566c5132ef5a90dc8c18123cd2545f61065fd526940a73f5bed2b81190ba",
        "canonicalization_algorithm": "beta_v1_debug",
        "digest": "e841914b5815a99612c2bab020f475778616044485a8d4c91b21276c1f0581b8",
        "fingerprint_algorithm": "sha256"
      }
    ]
  },
  "classMap": [
    {
      "name": "activerecord",
      "type": "package",
      "children": [
        {
          "name": "ActiveRecord",
          "type": "class",
          "children": [
            {
              "name": "Inheritance",
              "type": "class",
              "children": [
                {
                  "name": "ClassMethods",
                  "type": "class",
                  "children": [
                    {
                      "name": "new",
                      "type": "function",
                      "location": "/Users/kgilpin/.rbenv/versions/2.6.6/lib/ruby/gems/2.6.0/gems/activerecord-6.0.3.4/lib/active_record/inheritance.rb:50",
                      "static": true
                    }
                  ]
                }
              ]
            },
            {
              "name": "ModelSchema",
              "type": "class",
              "children": [
                {
                  "name": "ClassMethods",
                  "type": "class",
                  "children": [
                    {
                      "name": "symbol_column_to_string",
                      "type": "function",
                      "location": "/Users/kgilpin/.rbenv/versions/2.6.6/lib/ruby/gems/2.6.0/gems/activerecord-6.0.3.4/lib/active_record/model_schema.rb:407",
                      "static": true
                    }
                  ]
                }
              ]
            },
            {
              "name": "Associations",
              "type": "class",
              "children": [
                {
                  "name": "association",
                  "type": "function",
                  "location": "/Users/kgilpin/.rbenv/versions/2.6.6/lib/ruby/gems/2.6.0/gems/activerecord-6.0.3.4/lib/active_record/associations.rb:230",
                  "static": false
                }
              ]
            },
            {
              "name": "ConnectionAdapters",
              "type": "class",
              "children": [
                {
                  "name": "TransactionManager",
                  "type": "class",
                  "children": [
                    {
                      "name": "commit_transaction",
                      "type": "function",
                      "location": "/Users/kgilpin/.rbenv/versions/2.6.6/lib/ruby/gems/2.6.0/gems/activerecord-6.0.3.4/lib/active_record/connection_adapters/abstract/transaction.rb:254",
                      "static": false
                    }
                  ]
                }
              ]
            },
            {
              "name": "LogSubscriber",
              "type": "class",
              "children": [
                {
                  "name": "reset_runtime",
                  "type": "function",
                  "location": "/Users/kgilpin/.rbenv/versions/2.6.6/lib/ruby/gems/2.6.0/gems/activerecord-6.0.3.4/lib/active_record/log_subscriber.rb:17",
                  "static": true
                }
              ]
            },
            {
              "name": "Core",
              "type": "class",
              "children": [
                {
                  "name": "ClassMethods",
                  "type": "class",
                  "children": [
                    {
                      "name": "find",
                      "type": "function",
                      "location": "/Users/kgilpin/.rbenv/versions/2.6.6/lib/ruby/gems/2.6.0/gems/activerecord-6.0.3.4/lib/active_record/core.rb:157",
                      "static": true
                    }
                  ]
                }
              ]
            },
            {
              "name": "AttributeMethods",
              "type": "class",
              "children": [
                {
                  "name": "PrimaryKey",
                  "type": "class",
                  "children": [
                    {
                      "name": "id",
                      "type": "function",
                      "location": "/Users/kgilpin/.rbenv/versions/2.6.6/lib/ruby/gems/2.6.0/gems/activerecord-6.0.3.4/lib/active_record/attribute_methods/primary_key.rb:18",
                      "static": false
                    }
                  ]
                }
              ]
            },
            {
              "name": "Integration",
              "type": "class",
              "children": [
                {
                  "name": "to_param",
                  "type": "function",
                  "location": "/Users/kgilpin/.rbenv/versions/2.6.6/lib/ruby/gems/2.6.0/gems/activerecord-6.0.3.4/lib/active_record/integration.rb:57",
                  "static": false
                }
              ]
            }
          ]
        }
      ]
    },
    {
      "name": "solidus_core",
      "type": "package",
      "children": [
        {
          "name": "Spree",
          "type": "class",
          "children": [
            {
              "name": "UserMethods",
              "type": "class",
              "children": [
                {
                  "name": "auto_generate_spree_api_key",
                  "type": "function",
                  "location": "/Users/kgilpin/source/land-of-apps/solidus/core/app/models/concerns/spree/user_methods.rb:51",
                  "static": false
                }
              ]
            },
            {
              "name": "AppConfiguration",
              "type": "class",
              "children": [
                {
                  "name": "generate_api_key_for_all_roles",
                  "type": "function",
                  "location": "/Users/kgilpin/source/land-of-apps/solidus/core/lib/spree/preferences/preferable_class_methods.rb:45",
                  "static": false
                },
                {
                  "name": "roles_for_auto_api_key",
                  "type": "function",
                  "location": "/Users/kgilpin/source/land-of-apps/solidus/core/lib/spree/preferences/preferable_class_methods.rb:45",
                  "static": false
                },
                {
                  "name": "preferred_guest_token_cookie_options",
                  "type": "function",
                  "location": "/Users/kgilpin/source/land-of-apps/solidus/core/lib/spree/preferences/preferable_class_methods.rb:45",
                  "static": false
                }
              ]
            },
            {
              "name": "Preferences",
              "type": "class",
              "children": [
                {
                  "name": "Configuration",
                  "type": "class",
                  "children": [
                    {
                      "name": "preferences",
                      "type": "function",
                      "location": "/Users/kgilpin/source/land-of-apps/solidus/core/lib/spree/preferences/configuration.rb:40",
                      "static": false
                    }
                  ]
                },
                {
                  "name": "Preferable",
                  "type": "class",
                  "children": [
                    {
                      "name": "get_preference",
                      "type": "function",
                      "location": "/Users/kgilpin/source/land-of-apps/solidus/core/lib/spree/preferences/preferable.rb:66",
                      "static": false,
                      "labels": [
                        "provider.preferences"
                      ]
                    },
                    {
                      "name": "has_preference!",
                      "type": "function",
                      "location": "/Users/kgilpin/source/land-of-apps/solidus/core/lib/spree/preferences/preferable.rb:96",
                      "static": false
                    },
                    {
                      "name": "has_preference?",
                      "type": "function",
                      "location": "/Users/kgilpin/source/land-of-apps/solidus/core/lib/spree/preferences/preferable.rb:102",
                      "static": false
                    },
                    {
                      "name": "defined_preferences",
                      "type": "function",
                      "location": "/Users/kgilpin/source/land-of-apps/solidus/core/lib/spree/preferences/preferable.rb:107",
                      "static": false
                    }
                  ]
                },
                {
                  "name": "PreferableClassMethods",
                  "type": "class",
                  "children": [
                    {
                      "name": "defined_preferences",
                      "type": "function",
                      "location": "/Users/kgilpin/source/land-of-apps/solidus/core/lib/spree/preferences/preferable_class_methods.rb:17",
                      "static": true
                    },
                    {
                      "name": "preference_getter_method",
                      "type": "function",
                      "location": "/Users/kgilpin/source/land-of-apps/solidus/core/lib/spree/preferences/preferable_class_methods.rb:70",
                      "static": true
                    }
                  ]
                }
              ]
            },
            {
              "name": "Core",
              "type": "class",
              "children": [
                {
                  "name": "ControllerHelpers",
                  "type": "class",
                  "children": [
                    {
                      "name": "Auth",
                      "type": "class",
                      "children": [
                        {
                          "name": "set_guest_token",
                          "type": "function",
                          "location": "/Users/kgilpin/source/land-of-apps/solidus/core/lib/spree/core/controller_helpers/auth.rb:56",
                          "static": false
                        }
                      ]
                    }
                  ]
                }
              ]
            },
            {
              "name": "i18n_available_locales",
              "type": "function",
              "location": "/Users/kgilpin/source/land-of-apps/solidus/core/lib/spree/i18n.rb:8",
              "static": true
            },
            {
              "name": "BackendConfiguration",
              "type": "class",
              "children": [
                {
                  "name": "preferred_locale",
                  "type": "function",
                  "location": "/Users/kgilpin/source/land-of-apps/solidus/core/lib/spree/preferences/preferable_class_methods.rb:45",
                  "static": false
                }
              ]
            },
            {
              "name": "user_class",
              "type": "function",
              "location": "/Users/kgilpin/source/land-of-apps/solidus/core/lib/spree/core.rb:26",
              "static": true
            },
            {
              "name": "TestingSupport",
              "type": "class",
              "children": [
                {
                  "name": "UrlHelpers",
                  "type": "class",
                  "children": [
                    {
                      "name": "spree",
                      "type": "function",
                      "location": "/Users/kgilpin/source/land-of-apps/solidus/core/lib/spree/testing_support/url_helpers.rb:6",
                      "static": false
                    }
                  ]
                }
              ]
            }
          ]
        }
      ]
    },
    {
      "name": "action_pack",
      "type": "package",
      "children": [
        {
          "name": "ActionDispatch",
          "type": "class",
          "children": [
            {
              "name": "Cookies",
              "type": "class",
              "children": [
                {
                  "name": "CookieJar",
                  "type": "class",
                  "children": [
                    {
                      "name": "update",
                      "type": "function",
                      "location": "/Users/kgilpin/.rbenv/versions/2.6.6/lib/ruby/gems/2.6.0/gems/actionpack-6.0.3.4/lib/action_dispatch/middleware/cookies.rb:333",
                      "static": false,
                      "labels": [
                        "provider.http.cookie"
                      ]
                    },
                    {
                      "name": "[]=",
                      "type": "function",
                      "location": "/Users/kgilpin/.rbenv/versions/2.6.6/lib/ruby/gems/2.6.0/gems/actionpack-6.0.3.4/lib/action_dispatch/middleware/cookies.rb:373",
                      "static": false,
                      "labels": [
                        "provider.http.cookie"
                      ]
                    }
                  ]
                }
              ]
            }
          ]
        }
      ]
    },
    {
      "name": "carmen",
      "type": "package",
      "children": [
        {
          "name": "Carmen",
          "type": "class",
          "children": [
            {
              "name": "i18n_backend",
              "type": "function",
              "location": "/Users/kgilpin/.rbenv/versions/2.6.6/lib/ruby/gems/2.6.0/gems/carmen-1.1.3/lib/carmen.rb:38",
              "static": true
            }
          ]
        }
      ]
    },
    {
      "name": "app/controllers",
      "type": "package",
      "children": [
        {
          "name": "Spree",
          "type": "class",
          "children": [
            {
              "name": "Admin",
              "type": "class",
              "children": [
                {
                  "name": "UsersController",
                  "type": "class",
                  "children": [
                    {
                      "name": "model_class",
                      "type": "function",
                      "location": "app/controllers/spree/admin/users_controller.rb:120",
                      "static": false
                    },
                    {
                      "name": "show",
                      "type": "function",
                      "location": "app/controllers/spree/admin/users_controller.rb:21",
                      "static": false
                    }
                  ]
                }
              ]
            }
          ]
        }
      ]
    },
    {
      "name": "cancancan",
      "type": "package",
      "children": [
        {
          "name": "CanCan",
          "type": "class",
          "children": [
            {
              "name": "ControllerAdditions",
              "type": "class",
              "children": [
                {
                  "name": "authorize!",
                  "type": "function",
                  "location": "/Users/kgilpin/.rbenv/versions/2.6.6/lib/ruby/gems/2.6.0/gems/cancancan-3.1.0/lib/cancan/controller_additions.rb:337",
                  "static": false,
                  "labels": [
                    "provider.authorization"
                  ]
                }
              ]
            },
            {
              "name": "Ability",
              "type": "class",
              "children": [
                {
                  "name": "authorize!",
                  "type": "function",
                  "location": "/Users/kgilpin/.rbenv/versions/2.6.6/lib/ruby/gems/2.6.0/gems/cancancan-3.1.0/lib/cancan/ability.rb:176",
                  "static": false,
                  "labels": [
                    "provider.authorization"
                  ]
                },
                {
                  "name": "cannot?",
                  "type": "function",
                  "location": "/Users/kgilpin/.rbenv/versions/2.6.6/lib/ruby/gems/2.6.0/gems/cancancan-3.1.0/lib/cancan/ability.rb:87",
                  "static": false
                },
                {
                  "name": "can?",
                  "type": "function",
                  "location": "/Users/kgilpin/.rbenv/versions/2.6.6/lib/ruby/gems/2.6.0/gems/cancancan-3.1.0/lib/cancan/ability.rb:74",
                  "static": false
                },
                {
                  "name": "Actions",
                  "type": "class",
                  "children": [
                    {
                      "name": "aliased_actions",
                      "type": "function",
                      "location": "/Users/kgilpin/.rbenv/versions/2.6.6/lib/ruby/gems/2.6.0/gems/cancancan-3.1.0/lib/cancan/ability/actions.rb:43",
                      "static": false
                    }
                  ]
                }
              ]
            },
            {
              "name": "Relevant",
              "type": "class",
              "children": [
                {
                  "name": "relevant?",
                  "type": "function",
                  "location": "/Users/kgilpin/.rbenv/versions/2.6.6/lib/ruby/gems/2.6.0/gems/cancancan-3.1.0/lib/cancan/relevant.rb:6",
                  "static": false
                }
              ]
            },
            {
              "name": "Rule",
              "type": "class",
              "children": [
                {
                  "name": "only_raw_sql?",
                  "type": "function",
                  "location": "/Users/kgilpin/.rbenv/versions/2.6.6/lib/ruby/gems/2.6.0/gems/cancancan-3.1.0/lib/cancan/rule.rb:67",
                  "static": false
                },
                {
                  "name": "matches_attributes?",
                  "type": "function",
                  "location": "/Users/kgilpin/.rbenv/versions/2.6.6/lib/ruby/gems/2.6.0/gems/cancancan-3.1.0/lib/cancan/rule.rb:95",
                  "static": false
                }
              ]
            },
            {
              "name": "ConditionsMatcher",
              "type": "class",
              "children": [
                {
                  "name": "matches_conditions?",
                  "type": "function",
                  "location": "/Users/kgilpin/.rbenv/versions/2.6.6/lib/ruby/gems/2.6.0/gems/cancancan-3.1.0/lib/cancan/conditions_matcher.rb:6",
                  "static": false
                }
              ]
            }
          ]
        }
      ]
    }
  ],
  "events": [
    {
      "id": 1735,
      "event": "call",
      "thread_id": 70183062585360,
      "defined_class": "ActiveRecord::Inheritance::ClassMethods",
      "method_id": "new",
      "path": "/Users/kgilpin/.rbenv/versions/2.6.6/lib/ruby/gems/2.6.0/gems/activerecord-6.0.3.4/lib/active_record/inheritance.rb",
      "lineno": 50,
      "static": true,
      "parameters": [
        {
          "name": "attributes",
          "class": "NilClass",
          "object_id": 8,
          "value": null,
          "kind": "opt"
        },
        {
          "name": "block",
          "class": "NilClass",
          "object_id": 8,
          "value": null,
          "kind": "block"
        }
      ],
      "receiver": {
        "class": "Class",
        "object_id": 70183142099340,
        "value": "Spree::LegacyUser"
      }
    },
    {
      "id": 1736,
      "event": "return",
      "thread_id": 70183062585360,
      "parent_id": 1735,
      "elapsed": 0.000154,
      "return_value": {
        "class": "Spree::LegacyUser",
        "value": "#<Spree::LegacyUser:0x00007fa992d369e8>",
        "object_id": 70183144764660
      }
    },
    {
      "id": 1737,
      "event": "call",
      "thread_id": 70183062585360,
      "sql_query": {
        "sql": "SAVEPOINT active_record_1",
        "database_type": "sqlite",
        "server_version": "3.33.0"
      }
    },
    {
      "id": 1738,
      "event": "return",
      "thread_id": 70183062585360,
      "parent_id": 1737,
      "elapsed": 0.000145
    },
    {
      "id": 1739,
      "event": "call",
      "thread_id": 70183062585360,
      "sql_query": {
        "sql": "INSERT INTO \"spree_users\" (\"email\", \"created_at\", \"updated_at\") VALUES (?, ?, ?)",
        "database_type": "sqlite",
        "server_version": "3.33.0"
      }
    },
    {
      "id": 1740,
      "event": "return",
      "thread_id": 70183062585360,
      "parent_id": 1739,
      "elapsed": 0.000486
    },
    {
      "id": 1741,
      "event": "call",
      "thread_id": 70183062585360,
      "defined_class": "Spree::UserMethods",
      "method_id": "auto_generate_spree_api_key",
      "path": "/Users/kgilpin/source/land-of-apps/solidus/core/app/models/concerns/spree/user_methods.rb",
      "lineno": 51,
      "static": false,
      "parameters": [],
      "receiver": {
        "class": "Spree::LegacyUser",
        "object_id": 70183144764660,
        "value": "#<Spree::LegacyUser:0x00007fa992d369e8>"
      }
    },
    {
      "id": 1742,
      "event": "call",
      "thread_id": 70183062585360,
      "defined_class": "ActiveRecord::ModelSchema::ClassMethods",
      "method_id": "symbol_column_to_string",
      "path": "/Users/kgilpin/.rbenv/versions/2.6.6/lib/ruby/gems/2.6.0/gems/activerecord-6.0.3.4/lib/active_record/model_schema.rb",
      "lineno": 407,
      "static": true,
      "parameters": [
        {
          "name": "name_symbol",
          "class": "Symbol",
          "object_id": 12078428,
          "value": "spree_api_key",
          "kind": "req"
        }
      ],
      "receiver": {
        "class": "Class",
        "object_id": 70183142099340,
        "value": "Spree::LegacyUser"
      }
    },
    {
      "id": 1743,
      "event": "return",
      "thread_id": 70183062585360,
      "parent_id": 1742,
      "elapsed": 0.000007,
      "return_value": {
        "class": "String",
        "value": "spree_api_key",
        "object_id": 70183148782000
      }
    },
    {
      "id": 1744,
      "event": "call",
      "thread_id": 70183062585360,
      "defined_class": "Spree::AppConfiguration",
      "method_id": "generate_api_key_for_all_roles",
      "path": "/Users/kgilpin/source/land-of-apps/solidus/core/lib/spree/preferences/preferable_class_methods.rb",
      "lineno": 45,
      "static": false,
      "parameters": [],
      "receiver": {
        "class": "Spree::AppConfiguration",
        "object_id": 70183064889180,
        "value": "#<Spree::AppConfiguration:0x00007fa9894dceb8>"
      }
    },
    {
      "id": 1745,
      "event": "call",
      "thread_id": 70183062585360,
      "defined_class": "Spree::Preferences::Configuration",
      "method_id": "preferences",
      "path": "/Users/kgilpin/source/land-of-apps/solidus/core/lib/spree/preferences/configuration.rb",
      "lineno": 40,
      "static": false,
      "parameters": [],
      "receiver": {
        "class": "Spree::AppConfiguration",
        "object_id": 70183064889180,
        "value": "#<Spree::AppConfiguration:0x00007fa9894dceb8>"
      }
    },
    {
      "id": 1746,
      "event": "return",
      "thread_id": 70183062585360,
      "parent_id": 1745,
      "elapsed": 0.000005,
      "return_value": {
        "class": "Hash",
        "value": "{:address_requires_state=>true, :admin_interface_logo=>\"logo/solidus.svg\", :admin_products_per_page=",
        "object_id": 70183131745900
      }
    },
    {
      "id": 1747,
      "event": "return",
      "thread_id": 70183062585360,
      "parent_id": 1744,
      "elapsed": 0.000171
    },
    {
      "id": 1748,
      "event": "call",
      "thread_id": 70183062585360,
      "defined_class": "ActiveRecord::Associations",
      "method_id": "association",
      "path": "/Users/kgilpin/.rbenv/versions/2.6.6/lib/ruby/gems/2.6.0/gems/activerecord-6.0.3.4/lib/active_record/associations.rb",
      "lineno": 230,
      "static": false,
      "parameters": [
        {
          "name": "name",
          "class": "Symbol",
          "object_id": 8851868,
          "value": "spree_roles",
          "kind": "req"
        }
      ],
      "receiver": {
        "class": "Spree::LegacyUser",
        "object_id": 70183144764660,
        "value": "#<Spree::LegacyUser:0x00007fa992d369e8>"
      }
    },
    {
      "id": 1749,
      "event": "return",
      "thread_id": 70183062585360,
      "parent_id": 1748,
      "elapsed": 0.000168,
      "return_value": {
        "class": "ActiveRecord::Associations::HasManyThroughAssociation",
        "value": "#<ActiveRecord::Associations::HasManyThroughAssociation:0x00007fa993116e78>",
        "object_id": 70183146796860
      }
    },
    {
      "id": 1750,
      "event": "call",
      "thread_id": 70183062585360,
      "sql_query": {
        "sql": "SELECT \"spree_roles\".* FROM \"spree_roles\" INNER JOIN \"spree_roles_users\" ON \"spree_roles\".\"id\" = \"spree_roles_users\".\"role_id\" WHERE \"spree_roles_users\".\"user_id\" = ?",
        "database_type": "sqlite",
        "server_version": "3.33.0"
      }
    },
    {
      "id": 1751,
      "event": "return",
      "thread_id": 70183062585360,
      "parent_id": 1750,
      "elapsed": 0.000158
    },
    {
      "id": 1752,
      "event": "call",
      "thread_id": 70183062585360,
      "defined_class": "Spree::AppConfiguration",
      "method_id": "roles_for_auto_api_key",
      "path": "/Users/kgilpin/source/land-of-apps/solidus/core/lib/spree/preferences/preferable_class_methods.rb",
      "lineno": 45,
      "static": false,
      "parameters": [],
      "receiver": {
        "class": "Spree::AppConfiguration",
        "object_id": 70183064889180,
        "value": "#<Spree::AppConfiguration:0x00007fa9894dceb8>"
      }
    },
    {
      "id": 1753,
      "event": "call",
      "thread_id": 70183062585360,
      "defined_class": "Spree::Preferences::Configuration",
      "method_id": "preferences",
      "path": "/Users/kgilpin/source/land-of-apps/solidus/core/lib/spree/preferences/configuration.rb",
      "lineno": 40,
      "static": false,
      "parameters": [],
      "receiver": {
        "class": "Spree::AppConfiguration",
        "object_id": 70183064889180,
        "value": "#<Spree::AppConfiguration:0x00007fa9894dceb8>"
      }
    },
    {
      "id": 1754,
      "event": "return",
      "thread_id": 70183062585360,
      "parent_id": 1753,
      "elapsed": 0.000005,
      "return_value": {
        "class": "Hash",
        "value": "{:address_requires_state=>true, :admin_interface_logo=>\"logo/solidus.svg\", :admin_products_per_page=",
        "object_id": 70183131745900
      }
    },
    {
      "id": 1755,
      "event": "return",
      "thread_id": 70183062585360,
      "parent_id": 1752,
      "elapsed": 0.000187,
      "return_value": {
        "class": "Array",
        "value": "[\"admin\"]",
        "object_id": 70183131154520
      }
    },
    {
      "id": 1756,
      "event": "return",
      "thread_id": 70183062585360,
      "parent_id": 1741,
      "elapsed": 0.006
    },
    {
      "id": 1757,
      "event": "call",
      "thread_id": 70183062585360,
      "defined_class": "ActiveRecord::ConnectionAdapters::TransactionManager",
      "method_id": "commit_transaction",
      "path": "/Users/kgilpin/.rbenv/versions/2.6.6/lib/ruby/gems/2.6.0/gems/activerecord-6.0.3.4/lib/active_record/connection_adapters/abstract/transaction.rb",
      "lineno": 254,
      "static": false,
      "parameters": [],
      "receiver": {
        "class": "ActiveRecord::ConnectionAdapters::TransactionManager",
        "object_id": 70183145589060,
        "value": "#<ActiveRecord::ConnectionAdapters::TransactionManager:0x00007fa992ec9288>"
      }
    },
    {
      "id": 1758,
      "event": "call",
      "thread_id": 70183062585360,
      "sql_query": {
        "sql": "RELEASE SAVEPOINT active_record_1",
        "database_type": "sqlite",
        "server_version": "3.33.0"
      }
    },
    {
      "id": 1759,
      "event": "return",
      "thread_id": 70183062585360,
      "parent_id": 1758,
      "elapsed": 0.00015
    },
    {
      "id": 1760,
      "event": "return",
      "thread_id": 70183062585360,
      "parent_id": 1757,
      "elapsed": 0.002596
    },
    {
      "id": 1761,
      "event": "call",
      "thread_id": 70183062585360,
      "defined_class": "ActionDispatch::Cookies::CookieJar",
      "method_id": "update",
      "path": "/Users/kgilpin/.rbenv/versions/2.6.6/lib/ruby/gems/2.6.0/gems/actionpack-6.0.3.4/lib/action_dispatch/middleware/cookies.rb",
      "lineno": 333,
      "static": false,
      "parameters": [
        {
          "name": "other_hash",
          "class": "ActiveSupport::HashWithIndifferentAccess",
          "object_id": 70183144701500,
          "value": "{}",
          "kind": "req"
        }
      ],
      "receiver": {
        "class": "ActionDispatch::Cookies::CookieJar",
        "object_id": 70183149017260,
        "value": "#<ActionDispatch::Cookies::CookieJar:0x00007fa993553158>"
      }
    },
    {
      "id": 1762,
      "event": "return",
      "thread_id": 70183062585360,
      "parent_id": 1761,
      "elapsed": 0.000013,
      "return_value": {
        "class": "ActionDispatch::Cookies::CookieJar",
        "value": "#<ActionDispatch::Cookies::CookieJar:0x00007fa993553158>",
        "object_id": 70183149017260
      }
    },
    {
      "id": 1763,
      "event": "call",
      "thread_id": 70183062585360,
      "defined_class": "ActionDispatch::Cookies::CookieJar",
      "method_id": "update",
      "path": "/Users/kgilpin/.rbenv/versions/2.6.6/lib/ruby/gems/2.6.0/gems/actionpack-6.0.3.4/lib/action_dispatch/middleware/cookies.rb",
      "lineno": 333,
      "static": false,
      "parameters": [
        {
          "name": "other_hash",
          "class": "ActiveSupport::HashWithIndifferentAccess",
          "object_id": 70183144701500,
          "value": "{}",
          "kind": "req"
        }
      ],
      "receiver": {
        "class": "ActionDispatch::Cookies::CookieJar",
        "object_id": 70183149017260,
        "value": "#<ActionDispatch::Cookies::CookieJar:0x00007fa993553158>"
      }
    },
    {
      "id": 1764,
      "event": "return",
      "thread_id": 70183062585360,
      "parent_id": 1763,
      "elapsed": 0.000008,
      "return_value": {
        "class": "ActionDispatch::Cookies::CookieJar",
        "value": "#<ActionDispatch::Cookies::CookieJar:0x00007fa993553158>",
        "object_id": 70183149017260
      }
    },
    {
      "id": 1765,
      "event": "call",
      "thread_id": 70183062585360,
      "defined_class": "ActionDispatch::Cookies::CookieJar",
      "method_id": "update",
      "path": "/Users/kgilpin/.rbenv/versions/2.6.6/lib/ruby/gems/2.6.0/gems/actionpack-6.0.3.4/lib/action_dispatch/middleware/cookies.rb",
      "lineno": 333,
      "static": false,
      "parameters": [
        {
          "name": "other_hash",
          "class": "ActiveSupport::HashWithIndifferentAccess",
          "object_id": 70183144701500,
          "value": "{}",
          "kind": "req"
        }
      ],
      "receiver": {
        "class": "ActionDispatch::Cookies::CookieJar",
        "object_id": 70183149034700,
        "value": "#<ActionDispatch::Cookies::CookieJar:0x00007fa99355b998>"
      }
    },
    {
      "id": 1766,
      "event": "return",
      "thread_id": 70183062585360,
      "parent_id": 1765,
      "elapsed": 0.000007,
      "return_value": {
        "class": "ActionDispatch::Cookies::CookieJar",
        "value": "#<ActionDispatch::Cookies::CookieJar:0x00007fa99355b998>",
        "object_id": 70183149034700
      }
    },
    {
      "id": 1767,
      "event": "call",
      "thread_id": 70183062585360,
      "defined_class": "ActiveRecord::LogSubscriber",
      "method_id": "reset_runtime",
      "path": "/Users/kgilpin/.rbenv/versions/2.6.6/lib/ruby/gems/2.6.0/gems/activerecord-6.0.3.4/lib/active_record/log_subscriber.rb",
      "lineno": 17,
      "static": true,
      "parameters": [],
      "receiver": {
        "class": "Class",
        "object_id": 70183130397380,
        "value": "ActiveRecord::LogSubscriber"
      }
    },
    {
      "id": 1768,
      "event": "return",
      "thread_id": 70183062585360,
      "parent_id": 1767,
      "elapsed": 0.000014,
      "return_value": {
        "class": "Float",
        "value": "1.1870000162161887",
        "object_id": -29291411392167936
      }
    },
    {
      "id": 1769,
      "event": "call",
      "thread_id": 70183062585360,
      "http_server_request": {
        "request_method": "GET",
        "path_info": "/admin/users/1",
        "normalized_path_info": "/admin/users/:id(.:format)"
      },
      "message": [
        {
          "name": "id",
          "class": "String",
          "value": "1",
          "object_id": 70183149029380
        },
        {
          "name": "controller",
          "class": "String",
          "value": "spree/admin/users",
          "object_id": 70183142768040
        },
        {
          "name": "action",
          "class": "String",
          "value": "show",
          "object_id": 70183149017300
        }
      ]
    },
    {
      "id": 1770,
      "event": "call",
      "thread_id": 70183062585360,
      "defined_class": "Spree::Core::ControllerHelpers::Auth",
      "method_id": "set_guest_token",
      "path": "/Users/kgilpin/source/land-of-apps/solidus/core/lib/spree/core/controller_helpers/auth.rb",
      "lineno": 56,
      "static": false,
      "parameters": [],
      "receiver": {
        "class": "Spree::Admin::UsersController",
        "object_id": 70183144701840,
        "value": "#<Spree::Admin::UsersController:0x00007fa992d17f20>"
      }
    },
    {
      "id": 1771,
      "event": "call",
      "thread_id": 70183062585360,
      "defined_class": "ActionDispatch::Cookies::CookieJar",
      "method_id": "update",
      "path": "/Users/kgilpin/.rbenv/versions/2.6.6/lib/ruby/gems/2.6.0/gems/actionpack-6.0.3.4/lib/action_dispatch/middleware/cookies.rb",
      "lineno": 333,
      "static": false,
      "parameters": [
        {
          "name": "other_hash",
          "class": "Hash",
          "object_id": 70183149063600,
          "value": "{}",
          "kind": "req"
        }
      ],
      "receiver": {
        "class": "ActionDispatch::Cookies::CookieJar",
        "object_id": 70183149063480,
        "value": "#<ActionDispatch::Cookies::CookieJar:0x00007fa993569a70>"
      }
    },
    {
      "id": 1772,
      "event": "return",
      "thread_id": 70183062585360,
      "parent_id": 1771,
      "elapsed": 0.000006,
      "return_value": {
        "class": "ActionDispatch::Cookies::CookieJar",
        "value": "#<ActionDispatch::Cookies::CookieJar:0x00007fa993569a70>",
        "object_id": 70183149063480
      }
    },
    {
      "id": 1773,
      "event": "call",
      "thread_id": 70183062585360,
      "defined_class": "Spree::Preferences::Preferable",
      "method_id": "get_preference",
      "path": "/Users/kgilpin/source/land-of-apps/solidus/core/lib/spree/preferences/preferable.rb",
      "lineno": 66,
      "static": false,
      "parameters": [
        {
          "name": "name",
          "class": "Symbol",
          "object_id": 8554908,
          "value": "guest_token_cookie_options",
          "kind": "req"
        }
      ],
      "receiver": {
        "class": "Spree::AppConfiguration",
        "object_id": 70183064889180,
        "value": "#<Spree::AppConfiguration:0x00007fa9894dceb8>"
      }
    },
    {
      "id": 1774,
      "event": "call",
      "thread_id": 70183062585360,
      "defined_class": "Spree::Preferences::Preferable",
      "method_id": "has_preference!",
      "path": "/Users/kgilpin/source/land-of-apps/solidus/core/lib/spree/preferences/preferable.rb",
      "lineno": 96,
      "static": false,
      "parameters": [
        {
          "name": "name",
          "class": "Symbol",
          "object_id": 8554908,
          "value": "guest_token_cookie_options",
          "kind": "req"
        }
      ],
      "receiver": {
        "class": "Spree::AppConfiguration",
        "object_id": 70183064889180,
        "value": "#<Spree::AppConfiguration:0x00007fa9894dceb8>"
      }
    },
    {
      "id": 1775,
      "event": "call",
      "thread_id": 70183062585360,
      "defined_class": "Spree::Preferences::Preferable",
      "method_id": "has_preference?",
      "path": "/Users/kgilpin/source/land-of-apps/solidus/core/lib/spree/preferences/preferable.rb",
      "lineno": 102,
      "static": false,
      "parameters": [
        {
          "name": "name",
          "class": "Symbol",
          "object_id": 8554908,
          "value": "guest_token_cookie_options",
          "kind": "req"
        }
      ],
      "receiver": {
        "class": "Spree::AppConfiguration",
        "object_id": 70183064889180,
        "value": "#<Spree::AppConfiguration:0x00007fa9894dceb8>"
      }
    },
    {
      "id": 1776,
      "event": "call",
      "thread_id": 70183062585360,
      "defined_class": "Spree::Preferences::Preferable",
      "method_id": "defined_preferences",
      "path": "/Users/kgilpin/source/land-of-apps/solidus/core/lib/spree/preferences/preferable.rb",
      "lineno": 107,
      "static": false,
      "parameters": [],
      "receiver": {
        "class": "Spree::AppConfiguration",
        "object_id": 70183064889180,
        "value": "#<Spree::AppConfiguration:0x00007fa9894dceb8>"
      }
    },
    {
      "id": 1777,
      "event": "call",
      "thread_id": 70183062585360,
      "defined_class": "Spree::Preferences::PreferableClassMethods",
      "method_id": "defined_preferences",
      "path": "/Users/kgilpin/source/land-of-apps/solidus/core/lib/spree/preferences/preferable_class_methods.rb",
      "lineno": 17,
      "static": true,
      "parameters": [],
      "receiver": {
        "class": "Class",
        "object_id": 70183130825920,
        "value": "Spree::AppConfiguration"
      }
    },
    {
      "id": 1778,
      "event": "return",
      "thread_id": 70183062585360,
      "parent_id": 1777,
      "elapsed": 0.000004,
      "return_value": {
        "class": "Array",
        "value": "[]",
        "object_id": 70183149078020
      }
    },
    {
      "id": 1779,
      "event": "return",
      "thread_id": 70183062585360,
      "parent_id": 1776,
      "elapsed": 0.000059,
      "return_value": {
        "class": "Array",
        "value": "[:address_requires_state, :admin_interface_logo, :admin_products_per_page, :admin_variants_per_page,",
        "object_id": 70183149077600
      }
    },
    {
      "id": 1780,
      "event": "return",
      "thread_id": 70183062585360,
      "parent_id": 1775,
      "elapsed": 0.000151,
      "return_value": {
        "class": "TrueClass",
        "value": "true",
        "object_id": 20
      }
    },
    {
      "id": 1781,
      "event": "return",
      "thread_id": 70183062585360,
      "parent_id": 1774,
      "elapsed": 0.000205
    },
    {
      "id": 1782,
      "event": "call",
      "thread_id": 70183062585360,
      "defined_class": "Spree::Preferences::PreferableClassMethods",
      "method_id": "preference_getter_method",
      "path": "/Users/kgilpin/source/land-of-apps/solidus/core/lib/spree/preferences/preferable_class_methods.rb",
      "lineno": 70,
      "static": true,
      "parameters": [
        {
          "name": "name",
          "class": "Symbol",
          "object_id": 8554908,
          "value": "guest_token_cookie_options",
          "kind": "req"
        }
      ],
      "receiver": {
        "class": "Class",
        "object_id": 70183130825920,
        "value": "Spree::AppConfiguration"
      }
    },
    {
      "id": 1783,
      "event": "return",
      "thread_id": 70183062585360,
      "parent_id": 1782,
      "elapsed": 0.000006,
      "return_value": {
        "class": "Symbol",
        "value": "preferred_guest_token_cookie_options",
        "object_id": 70183130896840
      }
    },
    {
      "id": 1784,
      "event": "call",
      "thread_id": 70183062585360,
      "defined_class": "Spree::AppConfiguration",
      "method_id": "preferred_guest_token_cookie_options",
      "path": "/Users/kgilpin/source/land-of-apps/solidus/core/lib/spree/preferences/preferable_class_methods.rb",
      "lineno": 45,
      "static": false,
      "parameters": [],
      "receiver": {
        "class": "Spree::AppConfiguration",
        "object_id": 70183064889180,
        "value": "#<Spree::AppConfiguration:0x00007fa9894dceb8>"
      }
    },
    {
      "id": 1785,
      "event": "call",
      "thread_id": 70183062585360,
      "defined_class": "Spree::Preferences::Configuration",
      "method_id": "preferences",
      "path": "/Users/kgilpin/source/land-of-apps/solidus/core/lib/spree/preferences/configuration.rb",
      "lineno": 40,
      "static": false,
      "parameters": [],
      "receiver": {
        "class": "Spree::AppConfiguration",
        "object_id": 70183064889180,
        "value": "#<Spree::AppConfiguration:0x00007fa9894dceb8>"
      }
    },
    {
      "id": 1786,
      "event": "return",
      "thread_id": 70183062585360,
      "parent_id": 1785,
      "elapsed": 0.000005,
      "return_value": {
        "class": "Hash",
        "value": "{:address_requires_state=>true, :admin_interface_logo=>\"logo/solidus.svg\", :admin_products_per_page=",
        "object_id": 70183131745900
      }
    },
    {
      "id": 1787,
      "event": "return",
      "thread_id": 70183062585360,
      "parent_id": 1784,
      "elapsed": 0.000157,
      "return_value": {
        "class": "Hash",
        "value": "{}",
        "object_id": 70183130897760
      }
    },
    {
      "id": 1788,
      "event": "return",
      "thread_id": 70183062585360,
      "parent_id": 1773,
      "elapsed": 0.000524,
      "return_value": {
        "class": "Hash",
        "value": "{}",
        "object_id": 70183130897760
      }
    },
    {
      "id": 1789,
      "event": "call",
      "thread_id": 70183062585360,
      "defined_class": "ActionDispatch::Cookies::CookieJar",
      "method_id": "[]=",
      "path": "/Users/kgilpin/.rbenv/versions/2.6.6/lib/ruby/gems/2.6.0/gems/actionpack-6.0.3.4/lib/action_dispatch/middleware/cookies.rb",
      "lineno": 373,
      "static": false,
      "parameters": [
        {
          "name": "name",
          "class": "Symbol",
          "object_id": 8800988,
          "value": "guest_token",
          "kind": "req"
        },
        {
          "name": "options",
          "class": "Hash",
          "object_id": 70183149111360,
          "value": "{:value=>\"BAhJIhtFdUpqRHB1N250ODk3eHcxSGZDUzNnBjoGRUY=--725d0d5d35ef9a061c822f73379dfa11528989d7\", :",
          "kind": "req"
        }
      ],
      "receiver": {
        "class": "ActionDispatch::Cookies::CookieJar",
        "object_id": 70183149063480,
        "value": "#<ActionDispatch::Cookies::CookieJar:0x00007fa993569a70>"
      }
    },
    {
      "id": 1790,
      "event": "return",
      "thread_id": 70183062585360,
      "parent_id": 1789,
      "elapsed": 0.000012,
      "return_value": {
        "class": "String",
        "value": "BAhJIhtFdUpqRHB1N250ODk3eHcxSGZDUzNnBjoGRUY=--725d0d5d35ef9a061c822f73379dfa11528989d7",
        "object_id": 70183149111120
      }
    },
    {
      "id": 1791,
      "event": "return",
      "thread_id": 70183062585360,
      "parent_id": 1770,
      "elapsed": 0.000942,
      "return_value": {
        "class": "Hash",
        "value": "{:value=>\"BAhJIhtFdUpqRHB1N250ODk3eHcxSGZDUzNnBjoGRUY=--725d0d5d35ef9a061c822f73379dfa11528989d7\", :",
        "object_id": 70183149111360
      }
    },
    {
      "id": 1792,
      "event": "call",
      "thread_id": 70183062585360,
      "defined_class": "Spree",
      "method_id": "i18n_available_locales",
      "path": "/Users/kgilpin/source/land-of-apps/solidus/core/lib/spree/i18n.rb",
      "lineno": 8,
      "static": true,
      "parameters": [],
      "receiver": {
        "class": "Module",
        "object_id": 70183075442060,
        "value": "Spree"
      }
    },
    {
      "id": 1793,
      "event": "return",
      "thread_id": 70183062585360,
      "parent_id": 1792,
      "elapsed": 0.000191,
      "return_value": {
        "class": "Array",
        "value": "[:en]",
        "object_id": 70183149129320
      }
    },
    {
      "id": 1794,
      "event": "call",
      "thread_id": 70183062585360,
      "defined_class": "Spree::Preferences::Preferable",
      "method_id": "get_preference",
      "path": "/Users/kgilpin/source/land-of-apps/solidus/core/lib/spree/preferences/preferable.rb",
      "lineno": 66,
      "static": false,
      "parameters": [
        {
          "name": "name",
          "class": "Symbol",
          "object_id": 2696668,
          "value": "locale",
          "kind": "req"
        }
      ],
      "receiver": {
        "class": "Spree::BackendConfiguration",
        "object_id": 70183133001580,
        "value": "#<Spree::BackendConfiguration:0x00007fa9916c6ed8>"
      }
    },
    {
      "id": 1795,
      "event": "call",
      "thread_id": 70183062585360,
      "defined_class": "Spree::Preferences::Preferable",
      "method_id": "has_preference!",
      "path": "/Users/kgilpin/source/land-of-apps/solidus/core/lib/spree/preferences/preferable.rb",
      "lineno": 96,
      "static": false,
      "parameters": [
        {
          "name": "name",
          "class": "Symbol",
          "object_id": 2696668,
          "value": "locale",
          "kind": "req"
        }
      ],
      "receiver": {
        "class": "Spree::BackendConfiguration",
        "object_id": 70183133001580,
        "value": "#<Spree::BackendConfiguration:0x00007fa9916c6ed8>"
      }
    },
    {
      "id": 1796,
      "event": "call",
      "thread_id": 70183062585360,
      "defined_class": "Spree::Preferences::Preferable",
      "method_id": "has_preference?",
      "path": "/Users/kgilpin/source/land-of-apps/solidus/core/lib/spree/preferences/preferable.rb",
      "lineno": 102,
      "static": false,
      "parameters": [
        {
          "name": "name",
          "class": "Symbol",
          "object_id": 2696668,
          "value": "locale",
          "kind": "req"
        }
      ],
      "receiver": {
        "class": "Spree::BackendConfiguration",
        "object_id": 70183133001580,
        "value": "#<Spree::BackendConfiguration:0x00007fa9916c6ed8>"
      }
    },
    {
      "id": 1797,
      "event": "call",
      "thread_id": 70183062585360,
      "defined_class": "Spree::Preferences::Preferable",
      "method_id": "defined_preferences",
      "path": "/Users/kgilpin/source/land-of-apps/solidus/core/lib/spree/preferences/preferable.rb",
      "lineno": 107,
      "static": false,
      "parameters": [],
      "receiver": {
        "class": "Spree::BackendConfiguration",
        "object_id": 70183133001580,
        "value": "#<Spree::BackendConfiguration:0x00007fa9916c6ed8>"
      }
    },
    {
      "id": 1798,
      "event": "call",
      "thread_id": 70183062585360,
      "defined_class": "Spree::Preferences::PreferableClassMethods",
      "method_id": "defined_preferences",
      "path": "/Users/kgilpin/source/land-of-apps/solidus/core/lib/spree/preferences/preferable_class_methods.rb",
      "lineno": 17,
      "static": true,
      "parameters": [],
      "receiver": {
        "class": "Class",
        "object_id": 70183132504460,
        "value": "Spree::BackendConfiguration"
      }
    },
    {
      "id": 1799,
      "event": "return",
      "thread_id": 70183062585360,
      "parent_id": 1798,
      "elapsed": 0.000004,
      "return_value": {
        "class": "Array",
        "value": "[]",
        "object_id": 70183149245780
      }
    },
    {
      "id": 1800,
      "event": "return",
      "thread_id": 70183062585360,
      "parent_id": 1797,
      "elapsed": 0.000061,
      "return_value": {
        "class": "Array",
        "value": "[:locale, :unfrozen_preference_store]",
        "object_id": 70183149245380
      }
    },
    {
      "id": 1801,
      "event": "return",
      "thread_id": 70183062585360,
      "parent_id": 1796,
      "elapsed": 0.000113,
      "return_value": {
        "class": "TrueClass",
        "value": "true",
        "object_id": 20
      }
    },
    {
      "id": 1802,
      "event": "return",
      "thread_id": 70183062585360,
      "parent_id": 1795,
      "elapsed": 0.000167
    },
    {
      "id": 1803,
      "event": "call",
      "thread_id": 70183062585360,
      "defined_class": "Spree::Preferences::PreferableClassMethods",
      "method_id": "preference_getter_method",
      "path": "/Users/kgilpin/source/land-of-apps/solidus/core/lib/spree/preferences/preferable_class_methods.rb",
      "lineno": 70,
      "static": true,
      "parameters": [
        {
          "name": "name",
          "class": "Symbol",
          "object_id": 2696668,
          "value": "locale",
          "kind": "req"
        }
      ],
      "receiver": {
        "class": "Class",
        "object_id": 70183132504460,
        "value": "Spree::BackendConfiguration"
      }
    },
    {
      "id": 1804,
      "event": "return",
      "thread_id": 70183062585360,
      "parent_id": 1803,
      "elapsed": 0.000005,
      "return_value": {
        "class": "Symbol",
        "value": "preferred_locale",
        "object_id": 70183132535740
      }
    },
    {
      "id": 1805,
      "event": "call",
      "thread_id": 70183062585360,
      "defined_class": "Spree::BackendConfiguration",
      "method_id": "preferred_locale",
      "path": "/Users/kgilpin/source/land-of-apps/solidus/core/lib/spree/preferences/preferable_class_methods.rb",
      "lineno": 45,
      "static": false,
      "parameters": [],
      "receiver": {
        "class": "Spree::BackendConfiguration",
        "object_id": 70183133001580,
        "value": "#<Spree::BackendConfiguration:0x00007fa9916c6ed8>"
      }
    },
    {
      "id": 1806,
      "event": "call",
      "thread_id": 70183062585360,
      "defined_class": "Spree::Preferences::Configuration",
      "method_id": "preferences",
      "path": "/Users/kgilpin/source/land-of-apps/solidus/core/lib/spree/preferences/configuration.rb",
      "lineno": 40,
      "static": false,
      "parameters": [],
      "receiver": {
        "class": "Spree::BackendConfiguration",
        "object_id": 70183133001580,
        "value": "#<Spree::BackendConfiguration:0x00007fa9916c6ed8>"
      }
    },
    {
      "id": 1807,
      "event": "return",
      "thread_id": 70183062585360,
      "parent_id": 1806,
      "elapsed": 0.000005,
      "return_value": {
        "class": "Hash",
        "value": "{:locale=>:en, :unfrozen_preference_store=>{:locale=>:en, :unfrozen_preference_store=>nil}}",
        "object_id": 70183070665000
      }
    },
    {
      "id": 1808,
      "event": "return",
      "thread_id": 70183062585360,
      "parent_id": 1805,
      "elapsed": 0.000065,
      "return_value": {
        "class": "Symbol",
        "value": "en",
        "object_id": 2696988
      }
    },
    {
      "id": 1809,
      "event": "return",
      "thread_id": 70183062585360,
      "parent_id": 1794,
      "elapsed": 0.000389,
      "return_value": {
        "class": "Symbol",
        "value": "en",
        "object_id": 2696988
      }
    },
    {
      "id": 1810,
      "event": "call",
      "thread_id": 70183062585360,
      "defined_class": "Carmen",
      "method_id": "i18n_backend",
      "path": "/Users/kgilpin/.rbenv/versions/2.6.6/lib/ruby/gems/2.6.0/gems/carmen-1.1.3/lib/carmen.rb",
      "lineno": 38,
      "static": true,
      "parameters": [],
      "receiver": {
        "class": "Module",
        "object_id": 70183132433540,
        "value": "Carmen"
      }
    },
    {
      "id": 1811,
      "event": "return",
      "thread_id": 70183062585360,
      "parent_id": 1810,
      "elapsed": 0.000005,
      "return_value": {
        "class": "Carmen::I18n::Simple",
        "value": "#<Carmen::I18n::Simple:0x00007fa9899c4a20>",
        "object_id": 70183067460880
      }
    },
    {
      "id": 1812,
      "event": "call",
      "thread_id": 70183062585360,
      "defined_class": "Spree::Admin::UsersController",
      "method_id": "model_class",
      "path": "app/controllers/spree/admin/users_controller.rb",
      "lineno": 120,
      "static": false,
      "parameters": [],
      "receiver": {
        "class": "Spree::Admin::UsersController",
        "object_id": 70183144701840,
        "value": "#<Spree::Admin::UsersController:0x00007fa992d17f20>"
      }
    },
    {
      "id": 1813,
      "event": "call",
      "thread_id": 70183062585360,
      "defined_class": "Spree",
      "method_id": "user_class",
      "path": "/Users/kgilpin/source/land-of-apps/solidus/core/lib/spree/core.rb",
      "lineno": 26,
      "static": true,
      "parameters": [],
      "receiver": {
        "class": "Module",
        "object_id": 70183075442060,
        "value": "Spree"
      }
    },
    {
      "id": 1814,
      "event": "return",
      "thread_id": 70183062585360,
      "parent_id": 1813,
      "elapsed": 0.000011,
      "return_value": {
        "class": "Class",
        "value": "Spree::LegacyUser",
        "object_id": 70183142099340
      }
    },
    {
      "id": 1815,
      "event": "return",
      "thread_id": 70183062585360,
      "parent_id": 1812,
      "elapsed": 0.00007,
      "return_value": {
        "class": "Class",
        "value": "Spree::LegacyUser",
        "object_id": 70183142099340
      }
    },
    {
      "id": 1816,
      "event": "call",
      "thread_id": 70183062585360,
      "defined_class": "Spree::Admin::UsersController",
      "method_id": "model_class",
      "path": "app/controllers/spree/admin/users_controller.rb",
      "lineno": 120,
      "static": false,
      "parameters": [],
      "receiver": {
        "class": "Spree::Admin::UsersController",
        "object_id": 70183144701840,
        "value": "#<Spree::Admin::UsersController:0x00007fa992d17f20>"
      }
    },
    {
      "id": 1817,
      "event": "call",
      "thread_id": 70183062585360,
      "defined_class": "Spree",
      "method_id": "user_class",
      "path": "/Users/kgilpin/source/land-of-apps/solidus/core/lib/spree/core.rb",
      "lineno": 26,
      "static": true,
      "parameters": [],
      "receiver": {
        "class": "Module",
        "object_id": 70183075442060,
        "value": "Spree"
      }
    },
    {
      "id": 1818,
      "event": "return",
      "thread_id": 70183062585360,
      "parent_id": 1817,
      "elapsed": 0.000011,
      "return_value": {
        "class": "Class",
        "value": "Spree::LegacyUser",
        "object_id": 70183142099340
      }
    },
    {
      "id": 1819,
      "event": "return",
      "thread_id": 70183062585360,
      "parent_id": 1816,
      "elapsed": 0.000097,
      "return_value": {
        "class": "Class",
        "value": "Spree::LegacyUser",
        "object_id": 70183142099340
      }
    },
    {
      "id": 1820,
      "event": "call",
      "thread_id": 70183062585360,
      "defined_class": "CanCan::ControllerAdditions",
      "method_id": "authorize!",
      "path": "/Users/kgilpin/.rbenv/versions/2.6.6/lib/ruby/gems/2.6.0/gems/cancancan-3.1.0/lib/cancan/controller_additions.rb",
      "lineno": 337,
      "static": false,
      "parameters": [
        {
          "name": "args",
          "class": "Array",
          "object_id": 70183149184800,
          "value": "[:admin, Spree::LegacyUser(id: integer, crypted_password: string, salt: string, email: string, remem",
          "kind": "rest"
        }
      ],
      "receiver": {
        "class": "Spree::Admin::UsersController",
        "object_id": 70183144701840,
        "value": "#<Spree::Admin::UsersController:0x00007fa992d17f20>"
      }
    },
    {
      "id": 1821,
      "event": "call",
      "thread_id": 70183062585360,
      "defined_class": "CanCan::Ability",
      "method_id": "authorize!",
      "path": "/Users/kgilpin/.rbenv/versions/2.6.6/lib/ruby/gems/2.6.0/gems/cancancan-3.1.0/lib/cancan/ability.rb",
      "lineno": 176,
      "static": false,
      "parameters": [
        {
          "name": "action",
          "class": "Symbol",
          "object_id": 8584668,
          "value": "admin",
          "kind": "req"
        },
        {
          "name": "subject",
          "class": "Class",
          "object_id": 70183142099340,
          "value": "Spree::LegacyUser",
          "kind": "req"
        },
        {
          "name": "args",
          "class": "Array",
          "object_id": 70183149191360,
          "value": "[]",
          "kind": "rest"
        }
      ],
      "receiver": {
        "class": "Object",
        "object_id": 70183144697040,
        "value": "#<#<Class:0x00007fa992dc6e30>:0x00007fa992d159a0>"
      }
    },
    {
      "id": 1822,
      "event": "call",
      "thread_id": 70183062585360,
      "defined_class": "CanCan::Ability",
      "method_id": "cannot?",
      "path": "/Users/kgilpin/.rbenv/versions/2.6.6/lib/ruby/gems/2.6.0/gems/cancancan-3.1.0/lib/cancan/ability.rb",
      "lineno": 87,
      "static": false,
      "parameters": [
        {
          "name": "args",
          "class": "Array",
          "object_id": 70183149206320,
          "value": "[:admin, Spree::LegacyUser(id: integer, crypted_password: string, salt: string, email: string, remem",
          "kind": "rest"
        }
      ],
      "receiver": {
        "class": "Object",
        "object_id": 70183144697040,
        "value": "#<#<Class:0x00007fa992dc6e30>:0x00007fa992d159a0>"
      }
    },
    {
      "id": 1823,
      "event": "call",
      "thread_id": 70183062585360,
      "defined_class": "CanCan::Ability",
      "method_id": "can?",
      "path": "/Users/kgilpin/.rbenv/versions/2.6.6/lib/ruby/gems/2.6.0/gems/cancancan-3.1.0/lib/cancan/ability.rb",
      "lineno": 74,
      "static": false,
      "parameters": [
        {
          "name": "action",
          "class": "Symbol",
          "object_id": 8584668,
          "value": "admin",
          "kind": "req"
        },
        {
          "name": "subject",
          "class": "Class",
          "object_id": 70183142099340,
          "value": "Spree::LegacyUser",
          "kind": "req"
        },
        {
          "name": "attribute",
          "class": "NilClass",
          "object_id": 8,
          "value": null,
          "kind": "opt"
        },
        {
          "name": "extra_args",
          "class": "NilClass",
          "object_id": 8,
          "value": null,
          "kind": "rest"
        }
      ],
      "receiver": {
        "class": "Object",
        "object_id": 70183144697040,
        "value": "#<#<Class:0x00007fa992dc6e30>:0x00007fa992d159a0>"
      }
    },
    {
      "id": 1824,
      "event": "call",
      "thread_id": 70183062585360,
      "defined_class": "CanCan::Ability::Actions",
      "method_id": "aliased_actions",
      "path": "/Users/kgilpin/.rbenv/versions/2.6.6/lib/ruby/gems/2.6.0/gems/cancancan-3.1.0/lib/cancan/ability/actions.rb",
      "lineno": 43,
      "static": false,
      "parameters": [],
      "receiver": {
        "class": "Object",
        "object_id": 70183144697040,
        "value": "#<#<Class:0x00007fa992dc6e30>:0x00007fa992d159a0>"
      }
    },
    {
      "id": 1825,
      "event": "return",
      "thread_id": 70183062585360,
      "parent_id": 1824,
      "elapsed": 0.000009,
      "return_value": {
        "class": "Hash",
        "value": "{:read=>[:index, :show], :create=>[:new], :update=>[:edit]}",
        "object_id": 70183149209360
      }
    },
    {
      "id": 1826,
      "event": "call",
      "thread_id": 70183062585360,
      "defined_class": "CanCan::Ability::Actions",
      "method_id": "aliased_actions",
      "path": "/Users/kgilpin/.rbenv/versions/2.6.6/lib/ruby/gems/2.6.0/gems/cancancan-3.1.0/lib/cancan/ability/actions.rb",
      "lineno": 43,
      "static": false,
      "parameters": [],
      "receiver": {
        "class": "Object",
        "object_id": 70183144697040,
        "value": "#<#<Class:0x00007fa992dc6e30>:0x00007fa992d159a0>"
      }
    },
    {
      "id": 1827,
      "event": "return",
      "thread_id": 70183062585360,
      "parent_id": 1826,
      "elapsed": 0.000007,
      "return_value": {
        "class": "Hash",
        "value": "{:read=>[:index, :show], :create=>[:new], :update=>[:edit]}",
        "object_id": 70183149209360
      }
    },
    {
      "id": 1828,
      "event": "call",
      "thread_id": 70183062585360,
      "defined_class": "CanCan::Relevant",
      "method_id": "relevant?",
      "path": "/Users/kgilpin/.rbenv/versions/2.6.6/lib/ruby/gems/2.6.0/gems/cancancan-3.1.0/lib/cancan/relevant.rb",
      "lineno": 6,
      "static": false,
      "parameters": [
        {
          "name": "action",
          "class": "Symbol",
          "object_id": 8584668,
          "value": "admin",
          "kind": "req"
        },
        {
          "name": "subject",
          "class": "Class",
          "object_id": 70183142099340,
          "value": "Spree::LegacyUser",
          "kind": "req"
        }
      ],
      "receiver": {
        "class": "CanCan::Rule",
        "object_id": 70183144696260,
        "value": "#<CanCan::Rule:0x00007fa992d15388>"
      }
    },
    {
      "id": 1829,
      "event": "return",
      "thread_id": 70183062585360,
      "parent_id": 1828,
      "elapsed": 0.000009,
      "return_value": {
        "class": "TrueClass",
        "value": "true",
        "object_id": 20
      }
    },
    {
      "id": 1830,
      "event": "call",
      "thread_id": 70183062585360,
      "defined_class": "CanCan::Relevant",
      "method_id": "relevant?",
      "path": "/Users/kgilpin/.rbenv/versions/2.6.6/lib/ruby/gems/2.6.0/gems/cancancan-3.1.0/lib/cancan/relevant.rb",
      "lineno": 6,
      "static": false,
      "parameters": [
        {
          "name": "action",
          "class": "Symbol",
          "object_id": 8584668,
          "value": "admin",
          "kind": "req"
        },
        {
          "name": "subject",
          "class": "Class",
          "object_id": 70183142099340,
          "value": "Spree::LegacyUser",
          "kind": "req"
        }
      ],
      "receiver": {
        "class": "CanCan::Rule",
        "object_id": 70183144696260,
        "value": "#<CanCan::Rule:0x00007fa992d15388>"
      }
    },
    {
      "id": 1831,
      "event": "return",
      "thread_id": 70183062585360,
      "parent_id": 1830,
      "elapsed": 0.000007,
      "return_value": {
        "class": "TrueClass",
        "value": "true",
        "object_id": 20
      }
    },
    {
      "id": 1832,
      "event": "call",
      "thread_id": 70183062585360,
      "defined_class": "CanCan::Rule",
      "method_id": "only_raw_sql?",
      "path": "/Users/kgilpin/.rbenv/versions/2.6.6/lib/ruby/gems/2.6.0/gems/cancancan-3.1.0/lib/cancan/rule.rb",
      "lineno": 67,
      "static": false,
      "parameters": [],
      "receiver": {
        "class": "CanCan::Rule",
        "object_id": 70183144696260,
        "value": "#<CanCan::Rule:0x00007fa992d15388>"
      }
    },
    {
      "id": 1833,
      "event": "return",
      "thread_id": 70183062585360,
      "parent_id": 1832,
      "elapsed": 0.000008
    },
    {
      "id": 1834,
      "event": "call",
      "thread_id": 70183062585360,
      "defined_class": "CanCan::ConditionsMatcher",
      "method_id": "matches_conditions?",
      "path": "/Users/kgilpin/.rbenv/versions/2.6.6/lib/ruby/gems/2.6.0/gems/cancancan-3.1.0/lib/cancan/conditions_matcher.rb",
      "lineno": 6,
      "static": false,
      "parameters": [
        {
          "name": "action",
          "class": "Symbol",
          "object_id": 8584668,
          "value": "admin",
          "kind": "req"
        },
        {
          "name": "subject",
          "class": "Class",
          "object_id": 70183142099340,
          "value": "Spree::LegacyUser",
          "kind": "req"
        },
        {
          "name": "attribute",
          "class": "NilClass",
          "object_id": 8,
          "value": null,
          "kind": "opt"
        },
        {
          "name": "extra_args",
          "class": "Array",
          "object_id": 70183149216560,
          "value": "[]",
          "kind": "rest"
        }
      ],
      "receiver": {
        "class": "CanCan::Rule",
        "object_id": 70183144696260,
        "value": "#<CanCan::Rule:0x00007fa992d15388>"
      }
    },
    {
      "id": 1835,
      "event": "return",
      "thread_id": 70183062585360,
      "parent_id": 1834,
      "elapsed": 0.000006,
      "return_value": {
        "class": "TrueClass",
        "value": "true",
        "object_id": 20
      }
    },
    {
      "id": 1836,
      "event": "call",
      "thread_id": 70183062585360,
      "defined_class": "CanCan::Rule",
      "method_id": "matches_attributes?",
      "path": "/Users/kgilpin/.rbenv/versions/2.6.6/lib/ruby/gems/2.6.0/gems/cancancan-3.1.0/lib/cancan/rule.rb",
      "lineno": 95,
      "static": false,
      "parameters": [
        {
          "name": "attribute",
          "class": "NilClass",
          "object_id": 8,
          "value": null,
          "kind": "req"
        }
      ],
      "receiver": {
        "class": "CanCan::Rule",
        "object_id": 70183144696260,
        "value": "#<CanCan::Rule:0x00007fa992d15388>"
      }
    },
    {
      "id": 1837,
      "event": "return",
      "thread_id": 70183062585360,
      "parent_id": 1836,
      "elapsed": 0.000005,
      "return_value": {
        "class": "TrueClass",
        "value": "true",
        "object_id": 20
      }
    },
    {
      "id": 1838,
      "event": "return",
      "thread_id": 70183062585360,
      "parent_id": 1823,
      "elapsed": 0.003389,
      "return_value": {
        "class": "TrueClass",
        "value": "true",
        "object_id": 20
      }
    },
    {
      "id": 1839,
      "event": "return",
      "thread_id": 70183062585360,
      "parent_id": 1822,
      "elapsed": 0.004771
    },
    {
      "id": 1840,
      "event": "return",
      "thread_id": 70183062585360,
      "parent_id": 1821,
      "elapsed": 0.00626,
      "return_value": {
        "class": "Class",
        "value": "Spree::LegacyUser",
        "object_id": 70183142099340
      }
    },
    {
      "id": 1841,
      "event": "return",
      "thread_id": 70183062585360,
      "parent_id": 1820,
      "elapsed": 0.009171,
      "return_value": {
        "class": "Class",
        "value": "Spree::LegacyUser",
        "object_id": 70183142099340
      }
    },
    {
      "id": 1842,
      "event": "call",
      "thread_id": 70183062585360,
      "defined_class": "CanCan::ControllerAdditions",
      "method_id": "authorize!",
      "path": "/Users/kgilpin/.rbenv/versions/2.6.6/lib/ruby/gems/2.6.0/gems/cancancan-3.1.0/lib/cancan/controller_additions.rb",
      "lineno": 337,
      "static": false,
      "parameters": [
        {
          "name": "args",
          "class": "Array",
          "object_id": 70183149259960,
          "value": "[:show, Spree::LegacyUser(id: integer, crypted_password: string, salt: string, email: string, rememb",
          "kind": "rest"
        }
      ],
      "receiver": {
        "class": "Spree::Admin::UsersController",
        "object_id": 70183144701840,
        "value": "#<Spree::Admin::UsersController:0x00007fa992d17f20>"
      }
    },
    {
      "id": 1843,
      "event": "call",
      "thread_id": 70183062585360,
      "defined_class": "CanCan::Ability",
      "method_id": "authorize!",
      "path": "/Users/kgilpin/.rbenv/versions/2.6.6/lib/ruby/gems/2.6.0/gems/cancancan-3.1.0/lib/cancan/ability.rb",
      "lineno": 176,
      "static": false,
      "parameters": [
        {
          "name": "action",
          "class": "Symbol",
          "object_id": 1645788,
          "value": "show",
          "kind": "req"
        },
        {
          "name": "subject",
          "class": "Class",
          "object_id": 70183142099340,
          "value": "Spree::LegacyUser",
          "kind": "req"
        },
        {
          "name": "args",
          "class": "Array",
          "object_id": 70183149274060,
          "value": "[]",
          "kind": "rest"
        }
      ],
      "receiver": {
        "class": "Object",
        "object_id": 70183144697040,
        "value": "#<#<Class:0x00007fa992dc6e30>:0x00007fa992d159a0>"
      }
    },
    {
      "id": 1844,
      "event": "call",
      "thread_id": 70183062585360,
      "defined_class": "CanCan::Ability",
      "method_id": "cannot?",
      "path": "/Users/kgilpin/.rbenv/versions/2.6.6/lib/ruby/gems/2.6.0/gems/cancancan-3.1.0/lib/cancan/ability.rb",
      "lineno": 87,
      "static": false,
      "parameters": [
        {
          "name": "args",
          "class": "Array",
          "object_id": 70183149296440,
          "value": "[:show, Spree::LegacyUser(id: integer, crypted_password: string, salt: string, email: string, rememb",
          "kind": "rest"
        }
      ],
      "receiver": {
        "class": "Object",
        "object_id": 70183144697040,
        "value": "#<#<Class:0x00007fa992dc6e30>:0x00007fa992d159a0>"
      }
    },
    {
      "id": 1845,
      "event": "call",
      "thread_id": 70183062585360,
      "defined_class": "CanCan::Ability",
      "method_id": "can?",
      "path": "/Users/kgilpin/.rbenv/versions/2.6.6/lib/ruby/gems/2.6.0/gems/cancancan-3.1.0/lib/cancan/ability.rb",
      "lineno": 74,
      "static": false,
      "parameters": [
        {
          "name": "action",
          "class": "Symbol",
          "object_id": 1645788,
          "value": "show",
          "kind": "req"
        },
        {
          "name": "subject",
          "class": "Class",
          "object_id": 70183142099340,
          "value": "Spree::LegacyUser",
          "kind": "req"
        },
        {
          "name": "attribute",
          "class": "NilClass",
          "object_id": 8,
          "value": null,
          "kind": "opt"
        },
        {
          "name": "extra_args",
          "class": "NilClass",
          "object_id": 8,
          "value": null,
          "kind": "rest"
        }
      ],
      "receiver": {
        "class": "Object",
        "object_id": 70183144697040,
        "value": "#<#<Class:0x00007fa992dc6e30>:0x00007fa992d159a0>"
      }
    },
    {
      "id": 1846,
      "event": "call",
      "thread_id": 70183062585360,
      "defined_class": "CanCan::Relevant",
      "method_id": "relevant?",
      "path": "/Users/kgilpin/.rbenv/versions/2.6.6/lib/ruby/gems/2.6.0/gems/cancancan-3.1.0/lib/cancan/relevant.rb",
      "lineno": 6,
      "static": false,
      "parameters": [
        {
          "name": "action",
          "class": "Symbol",
          "object_id": 1645788,
          "value": "show",
          "kind": "req"
        },
        {
          "name": "subject",
          "class": "Class",
          "object_id": 70183142099340,
          "value": "Spree::LegacyUser",
          "kind": "req"
        }
      ],
      "receiver": {
        "class": "CanCan::Rule",
        "object_id": 70183144696260,
        "value": "#<CanCan::Rule:0x00007fa992d15388>"
      }
    },
    {
      "id": 1847,
      "event": "return",
      "thread_id": 70183062585360,
      "parent_id": 1846,
      "elapsed": 0.000007,
      "return_value": {
        "class": "TrueClass",
        "value": "true",
        "object_id": 20
      }
    },
    {
      "id": 1848,
      "event": "call",
      "thread_id": 70183062585360,
      "defined_class": "CanCan::Relevant",
      "method_id": "relevant?",
      "path": "/Users/kgilpin/.rbenv/versions/2.6.6/lib/ruby/gems/2.6.0/gems/cancancan-3.1.0/lib/cancan/relevant.rb",
      "lineno": 6,
      "static": false,
      "parameters": [
        {
          "name": "action",
          "class": "Symbol",
          "object_id": 1645788,
          "value": "show",
          "kind": "req"
        },
        {
          "name": "subject",
          "class": "Class",
          "object_id": 70183142099340,
          "value": "Spree::LegacyUser",
          "kind": "req"
        }
      ],
      "receiver": {
        "class": "CanCan::Rule",
        "object_id": 70183144696260,
        "value": "#<CanCan::Rule:0x00007fa992d15388>"
      }
    },
    {
      "id": 1849,
      "event": "return",
      "thread_id": 70183062585360,
      "parent_id": 1848,
      "elapsed": 0.000006,
      "return_value": {
        "class": "TrueClass",
        "value": "true",
        "object_id": 20
      }
    },
    {
      "id": 1850,
      "event": "call",
      "thread_id": 70183062585360,
      "defined_class": "CanCan::Rule",
      "method_id": "only_raw_sql?",
      "path": "/Users/kgilpin/.rbenv/versions/2.6.6/lib/ruby/gems/2.6.0/gems/cancancan-3.1.0/lib/cancan/rule.rb",
      "lineno": 67,
      "static": false,
      "parameters": [],
      "receiver": {
        "class": "CanCan::Rule",
        "object_id": 70183144696260,
        "value": "#<CanCan::Rule:0x00007fa992d15388>"
      }
    },
    {
      "id": 1851,
      "event": "return",
      "thread_id": 70183062585360,
      "parent_id": 1850,
      "elapsed": 0.000006
    },
    {
      "id": 1852,
      "event": "call",
      "thread_id": 70183062585360,
      "defined_class": "CanCan::ConditionsMatcher",
      "method_id": "matches_conditions?",
      "path": "/Users/kgilpin/.rbenv/versions/2.6.6/lib/ruby/gems/2.6.0/gems/cancancan-3.1.0/lib/cancan/conditions_matcher.rb",
      "lineno": 6,
      "static": false,
      "parameters": [
        {
          "name": "action",
          "class": "Symbol",
          "object_id": 1645788,
          "value": "show",
          "kind": "req"
        },
        {
          "name": "subject",
          "class": "Class",
          "object_id": 70183142099340,
          "value": "Spree::LegacyUser",
          "kind": "req"
        },
        {
          "name": "attribute",
          "class": "NilClass",
          "object_id": 8,
          "value": null,
          "kind": "opt"
        },
        {
          "name": "extra_args",
          "class": "Array",
          "object_id": 70183149362820,
          "value": "[]",
          "kind": "rest"
        }
      ],
      "receiver": {
        "class": "CanCan::Rule",
        "object_id": 70183144696260,
        "value": "#<CanCan::Rule:0x00007fa992d15388>"
      }
    },
    {
      "id": 1853,
      "event": "return",
      "thread_id": 70183062585360,
      "parent_id": 1852,
      "elapsed": 0.000006,
      "return_value": {
        "class": "TrueClass",
        "value": "true",
        "object_id": 20
      }
    },
    {
      "id": 1854,
      "event": "call",
      "thread_id": 70183062585360,
      "defined_class": "CanCan::Rule",
      "method_id": "matches_attributes?",
      "path": "/Users/kgilpin/.rbenv/versions/2.6.6/lib/ruby/gems/2.6.0/gems/cancancan-3.1.0/lib/cancan/rule.rb",
      "lineno": 95,
      "static": false,
      "parameters": [
        {
          "name": "attribute",
          "class": "NilClass",
          "object_id": 8,
          "value": null,
          "kind": "req"
        }
      ],
      "receiver": {
        "class": "CanCan::Rule",
        "object_id": 70183144696260,
        "value": "#<CanCan::Rule:0x00007fa992d15388>"
      }
    },
    {
      "id": 1855,
      "event": "return",
      "thread_id": 70183062585360,
      "parent_id": 1854,
      "elapsed": 0.000005,
      "return_value": {
        "class": "TrueClass",
        "value": "true",
        "object_id": 20
      }
    },
    {
      "id": 1856,
      "event": "return",
      "thread_id": 70183062585360,
      "parent_id": 1845,
      "elapsed": 0.000449,
      "return_value": {
        "class": "TrueClass",
        "value": "true",
        "object_id": 20
      }
    },
    {
      "id": 1857,
      "event": "return",
      "thread_id": 70183062585360,
      "parent_id": 1844,
      "elapsed": 0.001781
    },
    {
      "id": 1858,
      "event": "return",
      "thread_id": 70183062585360,
      "parent_id": 1843,
      "elapsed": 0.003227,
      "return_value": {
        "class": "Class",
        "value": "Spree::LegacyUser",
        "object_id": 70183142099340
      }
    },
    {
      "id": 1859,
      "event": "return",
      "thread_id": 70183062585360,
      "parent_id": 1842,
      "elapsed": 0.004693,
      "return_value": {
        "class": "Class",
        "value": "Spree::LegacyUser",
        "object_id": 70183142099340
      }
    },
    {
      "id": 1860,
      "event": "call",
      "thread_id": 70183062585360,
      "defined_class": "Spree::Admin::UsersController",
      "method_id": "model_class",
      "path": "app/controllers/spree/admin/users_controller.rb",
      "lineno": 120,
      "static": false,
      "parameters": [],
      "receiver": {
        "class": "Spree::Admin::UsersController",
        "object_id": 70183144701840,
        "value": "#<Spree::Admin::UsersController:0x00007fa992d17f20>"
      }
    },
    {
      "id": 1861,
      "event": "call",
      "thread_id": 70183062585360,
      "defined_class": "Spree",
      "method_id": "user_class",
      "path": "/Users/kgilpin/source/land-of-apps/solidus/core/lib/spree/core.rb",
      "lineno": 26,
      "static": true,
      "parameters": [],
      "receiver": {
        "class": "Module",
        "object_id": 70183075442060,
        "value": "Spree"
      }
    },
    {
      "id": 1862,
      "event": "return",
      "thread_id": 70183062585360,
      "parent_id": 1861,
      "elapsed": 0.000012,
      "return_value": {
        "class": "Class",
        "value": "Spree::LegacyUser",
        "object_id": 70183142099340
      }
    },
    {
      "id": 1863,
      "event": "return",
      "thread_id": 70183062585360,
      "parent_id": 1860,
      "elapsed": 0.000071,
      "return_value": {
        "class": "Class",
        "value": "Spree::LegacyUser",
        "object_id": 70183142099340
      }
    },
    {
      "id": 1864,
      "event": "call",
      "thread_id": 70183062585360,
      "defined_class": "ActiveRecord::Core::ClassMethods",
      "method_id": "find",
      "path": "/Users/kgilpin/.rbenv/versions/2.6.6/lib/ruby/gems/2.6.0/gems/activerecord-6.0.3.4/lib/active_record/core.rb",
      "lineno": 157,
      "static": true,
      "parameters": [
        {
          "name": "ids",
          "class": "Array",
          "object_id": 70183149374480,
          "value": "[\"1\"]",
          "kind": "rest"
        }
      ],
      "receiver": {
        "class": "Class",
        "object_id": 70183142099340,
        "value": "Spree::LegacyUser"
      }
    },
    {
      "id": 1865,
      "event": "call",
      "thread_id": 70183062585360,
      "sql_query": {
        "sql": "SELECT \"spree_users\".* FROM \"spree_users\" WHERE \"spree_users\".\"id\" = ? LIMIT ?",
        "database_type": "sqlite",
        "server_version": "3.33.0"
      }
    },
    {
      "id": 1866,
      "event": "return",
      "thread_id": 70183062585360,
      "parent_id": 1865,
      "elapsed": 0.00019
    },
    {
      "id": 1867,
      "event": "return",
      "thread_id": 70183062585360,
      "parent_id": 1864,
      "elapsed": 0.002805,
      "return_value": {
        "class": "Spree::LegacyUser",
        "value": "#<Spree::LegacyUser:0x00007fa9937a3d68>",
        "object_id": 70183150231220
      }
    },
    {
      "id": 1868,
      "event": "call",
      "thread_id": 70183062585360,
      "defined_class": "CanCan::ControllerAdditions",
      "method_id": "authorize!",
      "path": "/Users/kgilpin/.rbenv/versions/2.6.6/lib/ruby/gems/2.6.0/gems/cancancan-3.1.0/lib/cancan/controller_additions.rb",
      "lineno": 337,
      "static": false,
      "parameters": [
        {
          "name": "args",
          "class": "Array",
          "object_id": 70183150228420,
          "value": "[:show, #<Spree::LegacyUser id: 1, crypted_password: nil, salt: nil, email: \"email9@example.com\", re",
          "kind": "rest"
        }
      ],
      "receiver": {
        "class": "Spree::Admin::UsersController",
        "object_id": 70183144701840,
        "value": "#<Spree::Admin::UsersController:0x00007fa992d17f20>"
      }
    },
    {
      "id": 1869,
      "event": "call",
      "thread_id": 70183062585360,
      "defined_class": "CanCan::Ability",
      "method_id": "authorize!",
      "path": "/Users/kgilpin/.rbenv/versions/2.6.6/lib/ruby/gems/2.6.0/gems/cancancan-3.1.0/lib/cancan/ability.rb",
      "lineno": 176,
      "static": false,
      "parameters": [
        {
          "name": "action",
          "class": "Symbol",
          "object_id": 1645788,
          "value": "show",
          "kind": "req"
        },
        {
          "name": "subject",
          "class": "Spree::LegacyUser",
          "object_id": 70183150231220,
          "value": "#<Spree::LegacyUser:0x00007fa9937a3d68>",
          "kind": "req"
        },
        {
          "name": "args",
          "class": "Array",
          "object_id": 70183150278900,
          "value": "[]",
          "kind": "rest"
        }
      ],
      "receiver": {
        "class": "Object",
        "object_id": 70183144697040,
        "value": "#<#<Class:0x00007fa992dc6e30>:0x00007fa992d159a0>"
      }
    },
    {
      "id": 1870,
      "event": "call",
      "thread_id": 70183062585360,
      "defined_class": "CanCan::Ability",
      "method_id": "cannot?",
      "path": "/Users/kgilpin/.rbenv/versions/2.6.6/lib/ruby/gems/2.6.0/gems/cancancan-3.1.0/lib/cancan/ability.rb",
      "lineno": 87,
      "static": false,
      "parameters": [
        {
          "name": "args",
          "class": "Array",
          "object_id": 70183150277300,
          "value": "[:show, #<Spree::LegacyUser id: 1, crypted_password: nil, salt: nil, email: \"email9@example.com\", re",
          "kind": "rest"
        }
      ],
      "receiver": {
        "class": "Object",
        "object_id": 70183144697040,
        "value": "#<#<Class:0x00007fa992dc6e30>:0x00007fa992d159a0>"
      }
    },
    {
      "id": 1871,
      "event": "call",
      "thread_id": 70183062585360,
      "defined_class": "CanCan::Ability",
      "method_id": "can?",
      "path": "/Users/kgilpin/.rbenv/versions/2.6.6/lib/ruby/gems/2.6.0/gems/cancancan-3.1.0/lib/cancan/ability.rb",
      "lineno": 74,
      "static": false,
      "parameters": [
        {
          "name": "action",
          "class": "Symbol",
          "object_id": 1645788,
          "value": "show",
          "kind": "req"
        },
        {
          "name": "subject",
          "class": "Spree::LegacyUser",
          "object_id": 70183150231220,
          "value": "#<Spree::LegacyUser:0x00007fa9937a3d68>",
          "kind": "req"
        },
        {
          "name": "attribute",
          "class": "NilClass",
          "object_id": 8,
          "value": null,
          "kind": "opt"
        },
        {
          "name": "extra_args",
          "class": "NilClass",
          "object_id": 8,
          "value": null,
          "kind": "rest"
        }
      ],
      "receiver": {
        "class": "Object",
        "object_id": 70183144697040,
        "value": "#<#<Class:0x00007fa992dc6e30>:0x00007fa992d159a0>"
      }
    },
    {
      "id": 1872,
      "event": "call",
      "thread_id": 70183062585360,
      "defined_class": "ActiveRecord::AttributeMethods::PrimaryKey",
      "method_id": "id",
      "path": "/Users/kgilpin/.rbenv/versions/2.6.6/lib/ruby/gems/2.6.0/gems/activerecord-6.0.3.4/lib/active_record/attribute_methods/primary_key.rb",
      "lineno": 18,
      "static": false,
      "parameters": [],
      "receiver": {
        "class": "Spree::LegacyUser",
        "object_id": 70183150231220,
        "value": "#<Spree::LegacyUser:0x00007fa9937a3d68>"
      }
    },
    {
      "id": 1873,
      "event": "return",
      "thread_id": 70183062585360,
      "parent_id": 1872,
      "elapsed": 0.000013,
      "return_value": {
        "class": "Integer",
        "value": "1",
        "object_id": 3
      }
    },
    {
      "id": 1874,
      "event": "call",
      "thread_id": 70183062585360,
      "defined_class": "CanCan::Relevant",
      "method_id": "relevant?",
      "path": "/Users/kgilpin/.rbenv/versions/2.6.6/lib/ruby/gems/2.6.0/gems/cancancan-3.1.0/lib/cancan/relevant.rb",
      "lineno": 6,
      "static": false,
      "parameters": [
        {
          "name": "action",
          "class": "Symbol",
          "object_id": 1645788,
          "value": "show",
          "kind": "req"
        },
        {
          "name": "subject",
          "class": "Spree::LegacyUser",
          "object_id": 70183150231220,
          "value": "#<Spree::LegacyUser:0x00007fa9937a3d68>",
          "kind": "req"
        }
      ],
      "receiver": {
        "class": "CanCan::Rule",
        "object_id": 70183144696260,
        "value": "#<CanCan::Rule:0x00007fa992d15388>"
      }
    },
    {
      "id": 1875,
      "event": "return",
      "thread_id": 70183062585360,
      "parent_id": 1874,
      "elapsed": 0.000015,
      "return_value": {
        "class": "TrueClass",
        "value": "true",
        "object_id": 20
      }
    },
    {
      "id": 1876,
      "event": "call",
      "thread_id": 70183062585360,
      "defined_class": "CanCan::Rule",
      "method_id": "only_raw_sql?",
      "path": "/Users/kgilpin/.rbenv/versions/2.6.6/lib/ruby/gems/2.6.0/gems/cancancan-3.1.0/lib/cancan/rule.rb",
      "lineno": 67,
      "static": false,
      "parameters": [],
      "receiver": {
        "class": "CanCan::Rule",
        "object_id": 70183144696260,
        "value": "#<CanCan::Rule:0x00007fa992d15388>"
      }
    },
    {
      "id": 1877,
      "event": "return",
      "thread_id": 70183062585360,
      "parent_id": 1876,
      "elapsed": 0.000006
    },
    {
      "id": 1878,
      "event": "call",
      "thread_id": 70183062585360,
      "defined_class": "CanCan::ConditionsMatcher",
      "method_id": "matches_conditions?",
      "path": "/Users/kgilpin/.rbenv/versions/2.6.6/lib/ruby/gems/2.6.0/gems/cancancan-3.1.0/lib/cancan/conditions_matcher.rb",
      "lineno": 6,
      "static": false,
      "parameters": [
        {
          "name": "action",
          "class": "Symbol",
          "object_id": 1645788,
          "value": "show",
          "kind": "req"
        },
        {
          "name": "subject",
          "class": "Spree::LegacyUser",
          "object_id": 70183150231220,
          "value": "#<Spree::LegacyUser:0x00007fa9937a3d68>",
          "kind": "req"
        },
        {
          "name": "attribute",
          "class": "NilClass",
          "object_id": 8,
          "value": null,
          "kind": "opt"
        },
        {
          "name": "extra_args",
          "class": "Array",
          "object_id": 70183150323580,
          "value": "[]",
          "kind": "rest"
        }
      ],
      "receiver": {
        "class": "CanCan::Rule",
        "object_id": 70183144696260,
        "value": "#<CanCan::Rule:0x00007fa992d15388>"
      }
    },
    {
      "id": 1879,
      "event": "return",
      "thread_id": 70183062585360,
      "parent_id": 1878,
      "elapsed": 0.000006,
      "return_value": {
        "class": "TrueClass",
        "value": "true",
        "object_id": 20
      }
    },
    {
      "id": 1880,
      "event": "call",
      "thread_id": 70183062585360,
      "defined_class": "CanCan::Rule",
      "method_id": "matches_attributes?",
      "path": "/Users/kgilpin/.rbenv/versions/2.6.6/lib/ruby/gems/2.6.0/gems/cancancan-3.1.0/lib/cancan/rule.rb",
      "lineno": 95,
      "static": false,
      "parameters": [
        {
          "name": "attribute",
          "class": "NilClass",
          "object_id": 8,
          "value": null,
          "kind": "req"
        }
      ],
      "receiver": {
        "class": "CanCan::Rule",
        "object_id": 70183144696260,
        "value": "#<CanCan::Rule:0x00007fa992d15388>"
      }
    },
    {
      "id": 1881,
      "event": "return",
      "thread_id": 70183062585360,
      "parent_id": 1880,
      "elapsed": 0.000004,
      "return_value": {
        "class": "TrueClass",
        "value": "true",
        "object_id": 20
      }
    },
    {
      "id": 1882,
      "event": "return",
      "thread_id": 70183062585360,
      "parent_id": 1871,
      "elapsed": 0.000442,
      "return_value": {
        "class": "TrueClass",
        "value": "true",
        "object_id": 20
      }
    },
    {
      "id": 1883,
      "event": "return",
      "thread_id": 70183062585360,
      "parent_id": 1870,
      "elapsed": 0.0017
    },
    {
      "id": 1884,
      "event": "return",
      "thread_id": 70183062585360,
      "parent_id": 1869,
      "elapsed": 0.003122,
      "return_value": {
        "class": "Spree::LegacyUser",
        "value": "#<Spree::LegacyUser:0x00007fa9937a3d68>",
        "object_id": 70183150231220
      }
    },
    {
      "id": 1885,
      "event": "return",
      "thread_id": 70183062585360,
      "parent_id": 1868,
      "elapsed": 0.004604,
      "return_value": {
        "class": "Spree::LegacyUser",
        "value": "#<Spree::LegacyUser:0x00007fa9937a3d68>",
        "object_id": 70183150231220
      }
    },
    {
      "id": 1886,
      "event": "call",
      "thread_id": 70183062585360,
      "defined_class": "Spree::Admin::UsersController",
      "method_id": "show",
      "path": "app/controllers/spree/admin/users_controller.rb",
      "lineno": 21,
      "static": false,
      "parameters": [],
      "receiver": {
        "class": "Spree::Admin::UsersController",
        "object_id": 70183144701840,
        "value": "#<Spree::Admin::UsersController:0x00007fa992d17f20>"
      }
    },
    {
      "id": 1887,
      "event": "call",
      "thread_id": 70183062585360,
      "defined_class": "ActiveRecord::Integration",
      "method_id": "to_param",
      "path": "/Users/kgilpin/.rbenv/versions/2.6.6/lib/ruby/gems/2.6.0/gems/activerecord-6.0.3.4/lib/active_record/integration.rb",
      "lineno": 57,
      "static": false,
      "parameters": [],
      "receiver": {
        "class": "Spree::LegacyUser",
        "object_id": 70183150231220,
        "value": "#<Spree::LegacyUser:0x00007fa9937a3d68>"
      }
    },
    {
      "id": 1888,
      "event": "return",
      "thread_id": 70183062585360,
      "parent_id": 1887,
      "elapsed": 0.000023,
      "return_value": {
        "class": "String",
        "value": "1",
        "object_id": 70183150361600
      }
    },
    {
      "id": 1889,
      "event": "return",
      "thread_id": 70183062585360,
      "parent_id": 1886,
      "elapsed": 0.000345,
      "return_value": {
        "class": "String",
        "value": "<html><body>You are being <a href=\"http://test.host/admin/users/1/edit\">redirected</a>.</body></html",
        "object_id": 70183150360280
      }
    },
    {
      "id": 1890,
      "event": "return",
      "thread_id": 70183062585360,
      "parent_id": 1769,
      "elapsed": 0.025392,
      "http_server_response": {
        "status": 302
      }
    },
    {
      "id": 1891,
      "event": "call",
      "thread_id": 70183062585360,
      "defined_class": "ActionDispatch::Cookies::CookieJar",
      "method_id": "update",
      "path": "/Users/kgilpin/.rbenv/versions/2.6.6/lib/ruby/gems/2.6.0/gems/actionpack-6.0.3.4/lib/action_dispatch/middleware/cookies.rb",
      "lineno": 333,
      "static": false,
      "parameters": [
        {
          "name": "other_hash",
          "class": "Hash",
          "object_id": 70183149063420,
          "value": "{\"guest_token\"=>\"BAhJIhtFdUpqRHB1N250ODk3eHcxSGZDUzNnBjoGRUY=--725d0d5d35ef9a061c822f73379dfa1152898",
          "kind": "req"
        }
      ],
      "receiver": {
        "class": "ActionDispatch::Cookies::CookieJar",
        "object_id": 70183149017260,
        "value": "#<ActionDispatch::Cookies::CookieJar:0x00007fa993553158>"
      }
    },
    {
      "id": 1892,
      "event": "return",
      "thread_id": 70183062585360,
      "parent_id": 1891,
      "elapsed": 0.000007,
      "return_value": {
        "class": "ActionDispatch::Cookies::CookieJar",
        "value": "#<ActionDispatch::Cookies::CookieJar:0x00007fa993553158>",
        "object_id": 70183149017260
      }
    },
    {
      "id": 1893,
      "event": "call",
      "thread_id": 70183062585360,
      "defined_class": "ActionDispatch::Cookies::CookieJar",
      "method_id": "update",
      "path": "/Users/kgilpin/.rbenv/versions/2.6.6/lib/ruby/gems/2.6.0/gems/actionpack-6.0.3.4/lib/action_dispatch/middleware/cookies.rb",
      "lineno": 333,
      "static": false,
      "parameters": [
        {
          "name": "other_hash",
          "class": "Hash",
          "object_id": 70183150373640,
          "value": "{\"guest_token\"=>\"BAhJIhtFdUpqRHB1N250ODk3eHcxSGZDUzNnBjoGRUY=--725d0d5d35ef9a061c822f73379dfa1152898",
          "kind": "req"
        }
      ],
      "receiver": {
        "class": "ActionDispatch::Cookies::CookieJar",
        "object_id": 70183149017260,
        "value": "#<ActionDispatch::Cookies::CookieJar:0x00007fa993553158>"
      }
    },
    {
      "id": 1894,
      "event": "return",
      "thread_id": 70183062585360,
      "parent_id": 1893,
      "elapsed": 0.000007,
      "return_value": {
        "class": "ActionDispatch::Cookies::CookieJar",
        "value": "#<ActionDispatch::Cookies::CookieJar:0x00007fa993553158>",
        "object_id": 70183149017260
      }
    },
    {
      "id": 1895,
      "event": "call",
      "thread_id": 70183062585360,
      "defined_class": "Spree::TestingSupport::UrlHelpers",
      "method_id": "spree",
      "path": "/Users/kgilpin/source/land-of-apps/solidus/core/lib/spree/testing_support/url_helpers.rb",
      "lineno": 6,
      "static": false,
      "parameters": [],
      "receiver": {
        "class": "RSpec::ExampleGroups::SpreeAdminUsersController::Show",
        "object_id": 70183144631980,
        "value": "#<RSpec::ExampleGroups::SpreeAdminUsersController::Show:0x00007fa992cf5d58>"
      }
    },
    {
      "id": 1896,
      "event": "return",
      "thread_id": 70183062585360,
      "parent_id": 1895,
      "elapsed": 0.009683,
      "return_value": {
        "class": "Module",
        "value": "#<Module:0x00007fa9937f2f58>",
        "object_id": 70183150393260
      }
    },
    {
      "id": 1897,
      "event": "call",
      "thread_id": 70183062585360,
      "defined_class": "ActiveRecord::Integration",
      "method_id": "to_param",
      "path": "/Users/kgilpin/.rbenv/versions/2.6.6/lib/ruby/gems/2.6.0/gems/activerecord-6.0.3.4/lib/active_record/integration.rb",
      "lineno": 57,
      "static": false,
      "parameters": [],
      "receiver": {
        "class": "Spree::LegacyUser",
        "object_id": 70183144764660,
        "value": "#<Spree::LegacyUser:0x00007fa992d369e8>"
      }
    },
    {
      "id": 1898,
      "event": "return",
      "thread_id": 70183062585360,
      "parent_id": 1897,
      "elapsed": 0.000025,
      "return_value": {
        "class": "String",
        "value": "1",
        "object_id": 70183163025920
      }
    }
  ]
}