{
  "version": "1.4",
  "metadata": {
    "app": "nytem-2021/solidus",
    "language": {
      "name": "ruby",
      "engine": "ruby",
      "version": "2.6.6"
    },
    "client": {
      "name": "appmap",
      "url": "https://github.com/applandinc/appmap-ruby",
      "version": "0.41.2"
    },
    "frameworks": [
      {
        "name": "rails",
        "version": "6.0.3.4"
      },
      {
        "name": "rspec",
        "version": "3.10.0"
      }
    ],
    "git": {
      "repository": "git@github.com:land-of-apps/solidus-nytem-2021.git",
      "branch": "optimize-user-creation",
      "commit": "2e8526f32b87458b385bdd558c9be40ab86df09f",
      "status": [
        "M app/controllers/spree/admin/users_controller.rb",
        "?? ../appmaps.zip"
      ],
      "git_last_annotated_tag": "v2.10.0.beta1",
      "git_last_tag": "v2.10.0.beta1",
      "git_commits_since_last_annotated_tag": 0,
      "git_commits_since_last_tag": 0
    },
    "name": "Spree::Admin::Users::ApiKeyController #destroy with ability to manage users and API keys allows admins to clear an existing user's API key",
    "feature": "Spree::Admin::Users::ApiKeyController #destroy",
    "feature_group": "Spree admin users api key",
    "recorder": {
      "name": "rspec"
    },
    "fingerprints": [
      {
        "appmap_digest": "a1d50079bc72fc727d754a4dd80c94c55f763e3c6111869f164919acf6fd858c",
        "canonicalization_algorithm": "beta_v1_error",
        "digest": "50007b26842100c03320e2a581c61afead9b8ec0d06839e9255b17704051bf93",
        "fingerprint_algorithm": "sha256"
      },
      {
        "appmap_digest": "a1d50079bc72fc727d754a4dd80c94c55f763e3c6111869f164919acf6fd858c",
        "canonicalization_algorithm": "beta_v1_info",
        "digest": "e55e9624058ff4e1a6e30b33ab6fa198f4844a8b3f797155c15889d604523344",
        "fingerprint_algorithm": "sha256"
      },
      {
        "appmap_digest": "a1d50079bc72fc727d754a4dd80c94c55f763e3c6111869f164919acf6fd858c",
        "canonicalization_algorithm": "beta_v1_debug",
        "digest": "56e450d9f55d95531e06bf12478afd71f89ca184302c127da37d640b397a2e43",
        "fingerprint_algorithm": "sha256"
      }
    ]
  },
  "classMap": [
    {
      "name": "activerecord",
      "type": "package",
      "children": [
        {
          "name": "ActiveRecord",
          "type": "class",
          "children": [
            {
              "name": "Inheritance",
              "type": "class",
              "children": [
                {
                  "name": "ClassMethods",
                  "type": "class",
                  "children": [
                    {
                      "name": "new",
                      "type": "function",
                      "location": "/Users/kgilpin/.rbenv/versions/2.6.6/lib/ruby/gems/2.6.0/gems/activerecord-6.0.3.4/lib/active_record/inheritance.rb:50",
                      "static": true
                    }
                  ]
                }
              ]
            },
            {
              "name": "ModelSchema",
              "type": "class",
              "children": [
                {
                  "name": "ClassMethods",
                  "type": "class",
                  "children": [
                    {
                      "name": "symbol_column_to_string",
                      "type": "function",
                      "location": "/Users/kgilpin/.rbenv/versions/2.6.6/lib/ruby/gems/2.6.0/gems/activerecord-6.0.3.4/lib/active_record/model_schema.rb:407",
                      "static": true
                    }
                  ]
                }
              ]
            },
            {
              "name": "Associations",
              "type": "class",
              "children": [
                {
                  "name": "association",
                  "type": "function",
                  "location": "/Users/kgilpin/.rbenv/versions/2.6.6/lib/ruby/gems/2.6.0/gems/activerecord-6.0.3.4/lib/active_record/associations.rb:230",
                  "static": false
                }
              ]
            },
            {
              "name": "ConnectionAdapters",
              "type": "class",
              "children": [
                {
                  "name": "TransactionManager",
                  "type": "class",
                  "children": [
                    {
                      "name": "commit_transaction",
                      "type": "function",
                      "location": "/Users/kgilpin/.rbenv/versions/2.6.6/lib/ruby/gems/2.6.0/gems/activerecord-6.0.3.4/lib/active_record/connection_adapters/abstract/transaction.rb:254",
                      "static": false
                    }
                  ]
                }
              ]
            },
            {
              "name": "AttributeMethods",
              "type": "class",
              "children": [
                {
                  "name": "Write",
                  "type": "class",
                  "children": [
                    {
                      "name": "_write_attribute",
                      "type": "function",
                      "location": "/Users/kgilpin/.rbenv/versions/2.6.6/lib/ruby/gems/2.6.0/gems/activerecord-6.0.3.4/lib/active_record/attribute_methods/write.rb:41",
                      "static": false
                    }
                  ]
                }
              ]
            },
            {
              "name": "LogSubscriber",
              "type": "class",
              "children": [
                {
                  "name": "reset_runtime",
                  "type": "function",
                  "location": "/Users/kgilpin/.rbenv/versions/2.6.6/lib/ruby/gems/2.6.0/gems/activerecord-6.0.3.4/lib/active_record/log_subscriber.rb:17",
                  "static": true
                }
              ]
            },
            {
              "name": "Core",
              "type": "class",
              "children": [
                {
                  "name": "ClassMethods",
                  "type": "class",
                  "children": [
                    {
                      "name": "find",
                      "type": "function",
                      "location": "/Users/kgilpin/.rbenv/versions/2.6.6/lib/ruby/gems/2.6.0/gems/activerecord-6.0.3.4/lib/active_record/core.rb:157",
                      "static": true
                    }
                  ]
                }
              ]
            },
            {
              "name": "Integration",
              "type": "class",
              "children": [
                {
                  "name": "to_param",
                  "type": "function",
                  "location": "/Users/kgilpin/.rbenv/versions/2.6.6/lib/ruby/gems/2.6.0/gems/activerecord-6.0.3.4/lib/active_record/integration.rb:57",
                  "static": false
                }
              ]
            }
          ]
        }
      ]
    },
    {
      "name": "solidus_core",
      "type": "package",
      "children": [
        {
          "name": "Spree",
          "type": "class",
          "children": [
            {
              "name": "UserMethods",
              "type": "class",
              "children": [
                {
                  "name": "auto_generate_spree_api_key",
                  "type": "function",
                  "location": "/Users/kgilpin/source/land-of-apps/solidus/core/app/models/concerns/spree/user_methods.rb:51",
                  "static": false
                }
              ]
            },
            {
              "name": "AppConfiguration",
              "type": "class",
              "children": [
                {
                  "name": "generate_api_key_for_all_roles",
                  "type": "function",
                  "location": "/Users/kgilpin/source/land-of-apps/solidus/core/lib/spree/preferences/preferable_class_methods.rb:45",
                  "static": false
                },
                {
                  "name": "roles_for_auto_api_key",
                  "type": "function",
                  "location": "/Users/kgilpin/source/land-of-apps/solidus/core/lib/spree/preferences/preferable_class_methods.rb:45",
                  "static": false
                },
                {
                  "name": "preferred_guest_token_cookie_options",
                  "type": "function",
                  "location": "/Users/kgilpin/source/land-of-apps/solidus/core/lib/spree/preferences/preferable_class_methods.rb:45",
                  "static": false
                }
              ]
            },
            {
              "name": "Preferences",
              "type": "class",
              "children": [
                {
                  "name": "Configuration",
                  "type": "class",
                  "children": [
                    {
                      "name": "preferences",
                      "type": "function",
                      "location": "/Users/kgilpin/source/land-of-apps/solidus/core/lib/spree/preferences/configuration.rb:40",
                      "static": false
                    }
                  ]
                },
                {
                  "name": "Preferable",
                  "type": "class",
                  "children": [
                    {
                      "name": "get_preference",
                      "type": "function",
                      "location": "/Users/kgilpin/source/land-of-apps/solidus/core/lib/spree/preferences/preferable.rb:66",
                      "static": false,
                      "labels": [
                        "provider.preferences"
                      ]
                    },
                    {
                      "name": "has_preference!",
                      "type": "function",
                      "location": "/Users/kgilpin/source/land-of-apps/solidus/core/lib/spree/preferences/preferable.rb:96",
                      "static": false
                    },
                    {
                      "name": "has_preference?",
                      "type": "function",
                      "location": "/Users/kgilpin/source/land-of-apps/solidus/core/lib/spree/preferences/preferable.rb:102",
                      "static": false
                    },
                    {
                      "name": "defined_preferences",
                      "type": "function",
                      "location": "/Users/kgilpin/source/land-of-apps/solidus/core/lib/spree/preferences/preferable.rb:107",
                      "static": false
                    }
                  ]
                },
                {
                  "name": "PreferableClassMethods",
                  "type": "class",
                  "children": [
                    {
                      "name": "defined_preferences",
                      "type": "function",
                      "location": "/Users/kgilpin/source/land-of-apps/solidus/core/lib/spree/preferences/preferable_class_methods.rb:17",
                      "static": true
                    },
                    {
                      "name": "preference_getter_method",
                      "type": "function",
                      "location": "/Users/kgilpin/source/land-of-apps/solidus/core/lib/spree/preferences/preferable_class_methods.rb:70",
                      "static": true
                    }
                  ]
                }
              ]
            },
            {
              "name": "UserApiAuthentication",
              "type": "class",
              "children": [
                {
                  "name": "generate_spree_api_key!",
                  "type": "function",
                  "location": "/Users/kgilpin/source/land-of-apps/solidus/core/app/models/concerns/spree/user_api_authentication.rb:5",
                  "static": false
                },
                {
                  "name": "generate_spree_api_key",
                  "type": "function",
                  "location": "/Users/kgilpin/source/land-of-apps/solidus/core/app/models/concerns/spree/user_api_authentication.rb:10",
                  "static": false
                },
                {
                  "name": "clear_spree_api_key!",
                  "type": "function",
                  "location": "/Users/kgilpin/source/land-of-apps/solidus/core/app/models/concerns/spree/user_api_authentication.rb:14",
                  "static": false
                },
                {
                  "name": "clear_spree_api_key",
                  "type": "function",
                  "location": "/Users/kgilpin/source/land-of-apps/solidus/core/app/models/concerns/spree/user_api_authentication.rb:19",
                  "static": false
                }
              ]
            },
            {
              "name": "Core",
              "type": "class",
              "children": [
                {
                  "name": "ControllerHelpers",
                  "type": "class",
                  "children": [
                    {
                      "name": "Auth",
                      "type": "class",
                      "children": [
                        {
                          "name": "set_guest_token",
                          "type": "function",
                          "location": "/Users/kgilpin/source/land-of-apps/solidus/core/lib/spree/core/controller_helpers/auth.rb:56",
                          "static": false
                        }
                      ]
                    }
                  ]
                }
              ]
            },
            {
              "name": "i18n_available_locales",
              "type": "function",
              "location": "/Users/kgilpin/source/land-of-apps/solidus/core/lib/spree/i18n.rb:8",
              "static": true
            },
            {
              "name": "BackendConfiguration",
              "type": "class",
              "children": [
                {
                  "name": "preferred_locale",
                  "type": "function",
                  "location": "/Users/kgilpin/source/land-of-apps/solidus/core/lib/spree/preferences/preferable_class_methods.rb:45",
                  "static": false
                }
              ]
            },
            {
              "name": "user_class",
              "type": "function",
              "location": "/Users/kgilpin/source/land-of-apps/solidus/core/lib/spree/core.rb:26",
              "static": true
            },
            {
              "name": "TestingSupport",
              "type": "class",
              "children": [
                {
                  "name": "UrlHelpers",
                  "type": "class",
                  "children": [
                    {
                      "name": "spree",
                      "type": "function",
                      "location": "/Users/kgilpin/source/land-of-apps/solidus/core/lib/spree/testing_support/url_helpers.rb:6",
                      "static": false
                    }
                  ]
                }
              ]
            }
          ]
        }
      ]
    },
    {
      "name": "action_pack",
      "type": "package",
      "children": [
        {
          "name": "ActionDispatch",
          "type": "class",
          "children": [
            {
              "name": "Cookies",
              "type": "class",
              "children": [
                {
                  "name": "CookieJar",
                  "type": "class",
                  "children": [
                    {
                      "name": "update",
                      "type": "function",
                      "location": "/Users/kgilpin/.rbenv/versions/2.6.6/lib/ruby/gems/2.6.0/gems/actionpack-6.0.3.4/lib/action_dispatch/middleware/cookies.rb:333",
                      "static": false,
                      "labels": [
                        "provider.http.cookie"
                      ]
                    },
                    {
                      "name": "[]=",
                      "type": "function",
                      "location": "/Users/kgilpin/.rbenv/versions/2.6.6/lib/ruby/gems/2.6.0/gems/actionpack-6.0.3.4/lib/action_dispatch/middleware/cookies.rb:373",
                      "static": false,
                      "labels": [
                        "provider.http.cookie"
                      ]
                    }
                  ]
                }
              ]
            }
          ]
        }
      ]
    },
    {
      "name": "carmen",
      "type": "package",
      "children": [
        {
          "name": "Carmen",
          "type": "class",
          "children": [
            {
              "name": "i18n_backend",
              "type": "function",
              "location": "/Users/kgilpin/.rbenv/versions/2.6.6/lib/ruby/gems/2.6.0/gems/carmen-1.1.3/lib/carmen.rb:38",
              "static": true
            }
          ]
        }
      ]
    },
    {
      "name": "cancancan",
      "type": "package",
      "children": [
        {
          "name": "CanCan",
          "type": "class",
          "children": [
            {
              "name": "ControllerAdditions",
              "type": "class",
              "children": [
                {
                  "name": "authorize!",
                  "type": "function",
                  "location": "/Users/kgilpin/.rbenv/versions/2.6.6/lib/ruby/gems/2.6.0/gems/cancancan-3.1.0/lib/cancan/controller_additions.rb:337",
                  "static": false,
                  "labels": [
                    "provider.authorization"
                  ]
                }
              ]
            },
            {
              "name": "Ability",
              "type": "class",
              "children": [
                {
                  "name": "authorize!",
                  "type": "function",
                  "location": "/Users/kgilpin/.rbenv/versions/2.6.6/lib/ruby/gems/2.6.0/gems/cancancan-3.1.0/lib/cancan/ability.rb:176",
                  "static": false,
                  "labels": [
                    "provider.authorization"
                  ]
                },
                {
                  "name": "cannot?",
                  "type": "function",
                  "location": "/Users/kgilpin/.rbenv/versions/2.6.6/lib/ruby/gems/2.6.0/gems/cancancan-3.1.0/lib/cancan/ability.rb:87",
                  "static": false
                },
                {
                  "name": "can?",
                  "type": "function",
                  "location": "/Users/kgilpin/.rbenv/versions/2.6.6/lib/ruby/gems/2.6.0/gems/cancancan-3.1.0/lib/cancan/ability.rb:74",
                  "static": false
                },
                {
                  "name": "Actions",
                  "type": "class",
                  "children": [
                    {
                      "name": "aliased_actions",
                      "type": "function",
                      "location": "/Users/kgilpin/.rbenv/versions/2.6.6/lib/ruby/gems/2.6.0/gems/cancancan-3.1.0/lib/cancan/ability/actions.rb:43",
                      "static": false
                    }
                  ]
                }
              ]
            },
            {
              "name": "Relevant",
              "type": "class",
              "children": [
                {
                  "name": "relevant?",
                  "type": "function",
                  "location": "/Users/kgilpin/.rbenv/versions/2.6.6/lib/ruby/gems/2.6.0/gems/cancancan-3.1.0/lib/cancan/relevant.rb:6",
                  "static": false
                }
              ]
            },
            {
              "name": "Rule",
              "type": "class",
              "children": [
                {
                  "name": "only_raw_sql?",
                  "type": "function",
                  "location": "/Users/kgilpin/.rbenv/versions/2.6.6/lib/ruby/gems/2.6.0/gems/cancancan-3.1.0/lib/cancan/rule.rb:67",
                  "static": false
                },
                {
                  "name": "matches_attributes?",
                  "type": "function",
                  "location": "/Users/kgilpin/.rbenv/versions/2.6.6/lib/ruby/gems/2.6.0/gems/cancancan-3.1.0/lib/cancan/rule.rb:95",
                  "static": false
                }
              ]
            },
            {
              "name": "ConditionsMatcher",
              "type": "class",
              "children": [
                {
                  "name": "matches_conditions?",
                  "type": "function",
                  "location": "/Users/kgilpin/.rbenv/versions/2.6.6/lib/ruby/gems/2.6.0/gems/cancancan-3.1.0/lib/cancan/conditions_matcher.rb:6",
                  "static": false
                }
              ]
            }
          ]
        }
      ]
    },
    {
      "name": "app/controllers",
      "type": "package",
      "children": [
        {
          "name": "Spree",
          "type": "class",
          "children": [
            {
              "name": "Admin",
              "type": "class",
              "children": [
                {
                  "name": "Users",
                  "type": "class",
                  "children": [
                    {
                      "name": "ApiKeyController",
                      "type": "class",
                      "children": [
                        {
                          "name": "destroy",
                          "type": "function",
                          "location": "app/controllers/spree/admin/users/api_key_controller.rb:14",
                          "static": false
                        }
                      ]
                    }
                  ]
                }
              ]
            }
          ]
        }
      ]
    }
  ],
  "events": [
    {
      "id": 119,
      "event": "call",
      "thread_id": 70165874327560,
      "defined_class": "ActiveRecord::Inheritance::ClassMethods",
      "method_id": "new",
      "path": "/Users/kgilpin/.rbenv/versions/2.6.6/lib/ruby/gems/2.6.0/gems/activerecord-6.0.3.4/lib/active_record/inheritance.rb",
      "lineno": 50,
      "static": true,
      "parameters": [
        {
          "name": "attributes",
          "class": "NilClass",
          "object_id": 8,
          "value": null,
          "kind": "opt"
        },
        {
          "name": "block",
          "class": "NilClass",
          "object_id": 8,
          "value": null,
          "kind": "block"
        }
      ],
      "receiver": {
        "class": "Class",
        "object_id": 70165967717820,
        "value": "Spree::LegacyUser"
      }
    },
    {
      "id": 120,
      "event": "return",
      "thread_id": 70165874327560,
      "parent_id": 119,
      "elapsed": 0.000268,
      "return_value": {
        "class": "Spree::LegacyUser",
        "value": "#<Spree::LegacyUser:0x00007fa188d716b8>",
        "object_id": 70165881129820
      }
    },
    {
      "id": 121,
      "event": "call",
      "thread_id": 70165874327560,
      "sql_query": {
        "sql": "SAVEPOINT active_record_1",
        "database_type": "sqlite",
        "server_version": "3.33.0"
      }
    },
    {
      "id": 122,
      "event": "return",
      "thread_id": 70165874327560,
      "parent_id": 121,
      "elapsed": 0.000252
    },
    {
      "id": 123,
      "event": "call",
      "thread_id": 70165874327560,
      "sql_query": {
        "sql": "INSERT INTO \"spree_users\" (\"email\", \"created_at\", \"updated_at\") VALUES (?, ?, ?)",
        "database_type": "sqlite",
        "server_version": "3.33.0"
      }
    },
    {
      "id": 124,
      "event": "return",
      "thread_id": 70165874327560,
      "parent_id": 123,
      "elapsed": 0.000532
    },
    {
      "id": 125,
      "event": "call",
      "thread_id": 70165874327560,
      "defined_class": "Spree::UserMethods",
      "method_id": "auto_generate_spree_api_key",
      "path": "/Users/kgilpin/source/land-of-apps/solidus/core/app/models/concerns/spree/user_methods.rb",
      "lineno": 51,
      "static": false,
      "parameters": [],
      "receiver": {
        "class": "Spree::LegacyUser",
        "object_id": 70165881129820,
        "value": "#<Spree::LegacyUser:0x00007fa188d716b8>"
      }
    },
    {
      "id": 126,
      "event": "call",
      "thread_id": 70165874327560,
      "defined_class": "ActiveRecord::ModelSchema::ClassMethods",
      "method_id": "symbol_column_to_string",
      "path": "/Users/kgilpin/.rbenv/versions/2.6.6/lib/ruby/gems/2.6.0/gems/activerecord-6.0.3.4/lib/active_record/model_schema.rb",
      "lineno": 407,
      "static": true,
      "parameters": [
        {
          "name": "name_symbol",
          "class": "Symbol",
          "object_id": 12078428,
          "value": "spree_api_key",
          "kind": "req"
        }
      ],
      "receiver": {
        "class": "Class",
        "object_id": 70165967717820,
        "value": "Spree::LegacyUser"
      }
    },
    {
      "id": 127,
      "event": "return",
      "thread_id": 70165874327560,
      "parent_id": 126,
      "elapsed": 0.000006,
      "return_value": {
        "class": "String",
        "value": "spree_api_key",
        "object_id": 70165946545120
      }
    },
    {
      "id": 128,
      "event": "call",
      "thread_id": 70165874327560,
      "defined_class": "Spree::AppConfiguration",
      "method_id": "generate_api_key_for_all_roles",
      "path": "/Users/kgilpin/source/land-of-apps/solidus/core/lib/spree/preferences/preferable_class_methods.rb",
      "lineno": 45,
      "static": false,
      "parameters": [],
      "receiver": {
        "class": "Spree::AppConfiguration",
        "object_id": 70165880790920,
        "value": "#<Spree::AppConfiguration:0x00007fa188ccbf10>"
      }
    },
    {
      "id": 129,
      "event": "call",
      "thread_id": 70165874327560,
      "defined_class": "Spree::Preferences::Configuration",
      "method_id": "preferences",
      "path": "/Users/kgilpin/source/land-of-apps/solidus/core/lib/spree/preferences/configuration.rb",
      "lineno": 40,
      "static": false,
      "parameters": [],
      "receiver": {
        "class": "Spree::AppConfiguration",
        "object_id": 70165880790920,
        "value": "#<Spree::AppConfiguration:0x00007fa188ccbf10>"
      }
    },
    {
      "id": 130,
      "event": "return",
      "thread_id": 70165874327560,
      "parent_id": 129,
      "elapsed": 0.000005,
      "return_value": {
        "class": "Hash",
        "value": "{:address_requires_state=>true, :admin_interface_logo=>\"logo/solidus.svg\", :admin_products_per_page=",
        "object_id": 70165956123620
      }
    },
    {
      "id": 131,
      "event": "return",
      "thread_id": 70165874327560,
      "parent_id": 128,
      "elapsed": 0.000218
    },
    {
      "id": 132,
      "event": "call",
      "thread_id": 70165874327560,
      "defined_class": "ActiveRecord::Associations",
      "method_id": "association",
      "path": "/Users/kgilpin/.rbenv/versions/2.6.6/lib/ruby/gems/2.6.0/gems/activerecord-6.0.3.4/lib/active_record/associations.rb",
      "lineno": 230,
      "static": false,
      "parameters": [
        {
          "name": "name",
          "class": "Symbol",
          "object_id": 8851868,
          "value": "spree_roles",
          "kind": "req"
        }
      ],
      "receiver": {
        "class": "Spree::LegacyUser",
        "object_id": 70165881129820,
        "value": "#<Spree::LegacyUser:0x00007fa188d716b8>"
      }
    },
    {
      "id": 133,
      "event": "return",
      "thread_id": 70165874327560,
      "parent_id": 132,
      "elapsed": 0.000276,
      "return_value": {
        "class": "ActiveRecord::Associations::HasManyThroughAssociation",
        "value": "#<ActiveRecord::Associations::HasManyThroughAssociation:0x00007fa1893579b0>",
        "object_id": 70165884222680
      }
    },
    {
      "id": 134,
      "event": "call",
      "thread_id": 70165874327560,
      "sql_query": {
        "sql": "SELECT \"spree_roles\".* FROM \"spree_roles\" INNER JOIN \"spree_roles_users\" ON \"spree_roles\".\"id\" = \"spree_roles_users\".\"role_id\" WHERE \"spree_roles_users\".\"user_id\" = ?",
        "database_type": "sqlite",
        "server_version": "3.33.0"
      }
    },
    {
      "id": 135,
      "event": "return",
      "thread_id": 70165874327560,
      "parent_id": 134,
      "elapsed": 0.00018
    },
    {
      "id": 136,
      "event": "call",
      "thread_id": 70165874327560,
      "defined_class": "Spree::AppConfiguration",
      "method_id": "roles_for_auto_api_key",
      "path": "/Users/kgilpin/source/land-of-apps/solidus/core/lib/spree/preferences/preferable_class_methods.rb",
      "lineno": 45,
      "static": false,
      "parameters": [],
      "receiver": {
        "class": "Spree::AppConfiguration",
        "object_id": 70165880790920,
        "value": "#<Spree::AppConfiguration:0x00007fa188ccbf10>"
      }
    },
    {
      "id": 137,
      "event": "call",
      "thread_id": 70165874327560,
      "defined_class": "Spree::Preferences::Configuration",
      "method_id": "preferences",
      "path": "/Users/kgilpin/source/land-of-apps/solidus/core/lib/spree/preferences/configuration.rb",
      "lineno": 40,
      "static": false,
      "parameters": [],
      "receiver": {
        "class": "Spree::AppConfiguration",
        "object_id": 70165880790920,
        "value": "#<Spree::AppConfiguration:0x00007fa188ccbf10>"
      }
    },
    {
      "id": 138,
      "event": "return",
      "thread_id": 70165874327560,
      "parent_id": 137,
      "elapsed": 0.000011,
      "return_value": {
        "class": "Hash",
        "value": "{:address_requires_state=>true, :admin_interface_logo=>\"logo/solidus.svg\", :admin_products_per_page=",
        "object_id": 70165956123620
      }
    },
    {
      "id": 139,
      "event": "return",
      "thread_id": 70165874327560,
      "parent_id": 136,
      "elapsed": 0.000298,
      "return_value": {
        "class": "Array",
        "value": "[\"admin\"]",
        "object_id": 70165955494580
      }
    },
    {
      "id": 140,
      "event": "return",
      "thread_id": 70165874327560,
      "parent_id": 125,
      "elapsed": 0.010882
    },
    {
      "id": 141,
      "event": "call",
      "thread_id": 70165874327560,
      "defined_class": "ActiveRecord::ConnectionAdapters::TransactionManager",
      "method_id": "commit_transaction",
      "path": "/Users/kgilpin/.rbenv/versions/2.6.6/lib/ruby/gems/2.6.0/gems/activerecord-6.0.3.4/lib/active_record/connection_adapters/abstract/transaction.rb",
      "lineno": 254,
      "static": false,
      "parameters": [],
      "receiver": {
        "class": "ActiveRecord::ConnectionAdapters::TransactionManager",
        "object_id": 70165967264040,
        "value": "#<ActiveRecord::ConnectionAdapters::TransactionManager:0x00007fa1931bb250>"
      }
    },
    {
      "id": 142,
      "event": "call",
      "thread_id": 70165874327560,
      "sql_query": {
        "sql": "RELEASE SAVEPOINT active_record_1",
        "database_type": "sqlite",
        "server_version": "3.33.0"
      }
    },
    {
      "id": 143,
      "event": "return",
      "thread_id": 70165874327560,
      "parent_id": 142,
      "elapsed": 0.000235
    },
    {
      "id": 144,
      "event": "return",
      "thread_id": 70165874327560,
      "parent_id": 141,
      "elapsed": 0.00535
    },
    {
      "id": 145,
      "event": "call",
      "thread_id": 70165874327560,
      "defined_class": "Spree::UserApiAuthentication",
      "method_id": "generate_spree_api_key!",
      "path": "/Users/kgilpin/source/land-of-apps/solidus/core/app/models/concerns/spree/user_api_authentication.rb",
      "lineno": 5,
      "static": false,
      "parameters": [],
      "receiver": {
        "class": "Spree::LegacyUser",
        "object_id": 70165881129820,
        "value": "#<Spree::LegacyUser:0x00007fa188d716b8>"
      }
    },
    {
      "id": 146,
      "event": "call",
      "thread_id": 70165874327560,
      "defined_class": "Spree::UserApiAuthentication",
      "method_id": "generate_spree_api_key",
      "path": "/Users/kgilpin/source/land-of-apps/solidus/core/app/models/concerns/spree/user_api_authentication.rb",
      "lineno": 10,
      "static": false,
      "parameters": [],
      "receiver": {
        "class": "Spree::LegacyUser",
        "object_id": 70165881129820,
        "value": "#<Spree::LegacyUser:0x00007fa188d716b8>"
      }
    },
    {
      "id": 147,
      "event": "call",
      "thread_id": 70165874327560,
      "defined_class": "ActiveRecord::AttributeMethods::Write",
      "method_id": "_write_attribute",
      "path": "/Users/kgilpin/.rbenv/versions/2.6.6/lib/ruby/gems/2.6.0/gems/activerecord-6.0.3.4/lib/active_record/attribute_methods/write.rb",
      "lineno": 41,
      "static": false,
      "parameters": [
        {
          "name": "attr_name",
          "class": "String",
          "object_id": 70165884089000,
          "value": "spree_api_key",
          "kind": "req"
        },
        {
          "name": "value",
          "class": "String",
          "object_id": 70165892729080,
          "value": "7b6a58b5697f2b6ce31968d88199b4a1969ec7249a3dbf0a",
          "kind": "req"
        }
      ],
      "receiver": {
        "class": "Spree::LegacyUser",
        "object_id": 70165881129820,
        "value": "#<Spree::LegacyUser:0x00007fa188d716b8>"
      }
    },
    {
      "id": 148,
      "event": "return",
      "thread_id": 70165874327560,
      "parent_id": 147,
      "elapsed": 0.000034,
      "return_value": {
        "class": "String",
        "value": "7b6a58b5697f2b6ce31968d88199b4a1969ec7249a3dbf0a",
        "object_id": 70165892729080
      }
    },
    {
      "id": 149,
      "event": "return",
      "thread_id": 70165874327560,
      "parent_id": 146,
      "elapsed": 0.000167,
      "return_value": {
        "class": "String",
        "value": "7b6a58b5697f2b6ce31968d88199b4a1969ec7249a3dbf0a",
        "object_id": 70165892729080
      }
    },
    {
      "id": 150,
      "event": "call",
      "thread_id": 70165874327560,
      "sql_query": {
        "sql": "SAVEPOINT active_record_1",
        "database_type": "sqlite",
        "server_version": "3.33.0"
      }
    },
    {
      "id": 151,
      "event": "return",
      "thread_id": 70165874327560,
      "parent_id": 150,
      "elapsed": 0.000147
    },
    {
      "id": 152,
      "event": "call",
      "thread_id": 70165874327560,
      "sql_query": {
        "sql": "UPDATE \"spree_users\" SET \"updated_at\" = ?, \"spree_api_key\" = ? WHERE \"spree_users\".\"id\" = ?",
        "database_type": "sqlite",
        "server_version": "3.33.0"
      }
    },
    {
      "id": 153,
      "event": "return",
      "thread_id": 70165874327560,
      "parent_id": 152,
      "elapsed": 0.000225
    },
    {
      "id": 154,
      "event": "call",
      "thread_id": 70165874327560,
      "sql_query": {
        "sql": "RELEASE SAVEPOINT active_record_1",
        "database_type": "sqlite",
        "server_version": "3.33.0"
      }
    },
    {
      "id": 155,
      "event": "return",
      "thread_id": 70165874327560,
      "parent_id": 154,
      "elapsed": 0.000121
    },
    {
      "id": 156,
      "event": "return",
      "thread_id": 70165874327560,
      "parent_id": 145,
      "elapsed": 0.011921,
      "return_value": {
        "class": "TrueClass",
        "value": "true",
        "object_id": 20
      }
    },
    {
      "id": 157,
      "event": "call",
      "thread_id": 70165874327560,
      "defined_class": "ActionDispatch::Cookies::CookieJar",
      "method_id": "update",
      "path": "/Users/kgilpin/.rbenv/versions/2.6.6/lib/ruby/gems/2.6.0/gems/actionpack-6.0.3.4/lib/action_dispatch/middleware/cookies.rb",
      "lineno": 333,
      "static": false,
      "parameters": [
        {
          "name": "other_hash",
          "class": "ActiveSupport::HashWithIndifferentAccess",
          "object_id": 70165881029500,
          "value": "{}",
          "kind": "req"
        }
      ],
      "receiver": {
        "class": "ActionDispatch::Cookies::CookieJar",
        "object_id": 70165956791440,
        "value": "#<ActionDispatch::Cookies::CookieJar:0x00007fa191dc1920>"
      }
    },
    {
      "id": 158,
      "event": "return",
      "thread_id": 70165874327560,
      "parent_id": 157,
      "elapsed": 0.000021,
      "return_value": {
        "class": "ActionDispatch::Cookies::CookieJar",
        "value": "#<ActionDispatch::Cookies::CookieJar:0x00007fa191dc1920>",
        "object_id": 70165956791440
      }
    },
    {
      "id": 159,
      "event": "call",
      "thread_id": 70165874327560,
      "defined_class": "ActionDispatch::Cookies::CookieJar",
      "method_id": "update",
      "path": "/Users/kgilpin/.rbenv/versions/2.6.6/lib/ruby/gems/2.6.0/gems/actionpack-6.0.3.4/lib/action_dispatch/middleware/cookies.rb",
      "lineno": 333,
      "static": false,
      "parameters": [
        {
          "name": "other_hash",
          "class": "ActiveSupport::HashWithIndifferentAccess",
          "object_id": 70165881029500,
          "value": "{}",
          "kind": "req"
        }
      ],
      "receiver": {
        "class": "ActionDispatch::Cookies::CookieJar",
        "object_id": 70165956791440,
        "value": "#<ActionDispatch::Cookies::CookieJar:0x00007fa191dc1920>"
      }
    },
    {
      "id": 160,
      "event": "return",
      "thread_id": 70165874327560,
      "parent_id": 159,
      "elapsed": 0.000008,
      "return_value": {
        "class": "ActionDispatch::Cookies::CookieJar",
        "value": "#<ActionDispatch::Cookies::CookieJar:0x00007fa191dc1920>",
        "object_id": 70165956791440
      }
    },
    {
      "id": 161,
      "event": "call",
      "thread_id": 70165874327560,
      "defined_class": "ActionDispatch::Cookies::CookieJar",
      "method_id": "update",
      "path": "/Users/kgilpin/.rbenv/versions/2.6.6/lib/ruby/gems/2.6.0/gems/actionpack-6.0.3.4/lib/action_dispatch/middleware/cookies.rb",
      "lineno": 333,
      "static": false,
      "parameters": [
        {
          "name": "other_hash",
          "class": "ActiveSupport::HashWithIndifferentAccess",
          "object_id": 70165881029500,
          "value": "{}",
          "kind": "req"
        }
      ],
      "receiver": {
        "class": "ActionDispatch::Cookies::CookieJar",
        "object_id": 70165956860080,
        "value": "#<ActionDispatch::Cookies::CookieJar:0x00007fa191de3160>"
      }
    },
    {
      "id": 162,
      "event": "return",
      "thread_id": 70165874327560,
      "parent_id": 161,
      "elapsed": 0.000007,
      "return_value": {
        "class": "ActionDispatch::Cookies::CookieJar",
        "value": "#<ActionDispatch::Cookies::CookieJar:0x00007fa191de3160>",
        "object_id": 70165956860080
      }
    },
    {
      "id": 163,
      "event": "call",
      "thread_id": 70165874327560,
      "defined_class": "ActiveRecord::LogSubscriber",
      "method_id": "reset_runtime",
      "path": "/Users/kgilpin/.rbenv/versions/2.6.6/lib/ruby/gems/2.6.0/gems/activerecord-6.0.3.4/lib/active_record/log_subscriber.rb",
      "lineno": 17,
      "static": true,
      "parameters": [],
      "receiver": {
        "class": "Class",
        "object_id": 70165954743940,
        "value": "ActiveRecord::LogSubscriber"
      }
    },
    {
      "id": 164,
      "event": "return",
      "thread_id": 70165874327560,
      "parent_id": 163,
      "elapsed": 0.000018,
      "return_value": {
        "class": "Float",
        "value": "1.484000007621944",
        "object_id": -18590858987175936
      }
    },
    {
      "id": 165,
      "event": "call",
      "thread_id": 70165874327560,
      "http_server_request": {
        "request_method": "DELETE",
        "path_info": "/admin/users/1/api_key",
        "normalized_path_info": "/admin/users/:user_id/api_key(.:format)"
      },
      "message": [
        {
          "name": "user_id",
          "class": "String",
          "value": "1",
          "object_id": 70165956975740
        },
        {
          "name": "controller",
          "class": "String",
          "value": "spree/admin/users/api_key",
          "object_id": 70165883988760
        },
        {
          "name": "action",
          "class": "String",
          "value": "destroy",
          "object_id": 70165956791500
        }
      ]
    },
    {
      "id": 166,
      "event": "call",
      "thread_id": 70165874327560,
      "defined_class": "Spree::Core::ControllerHelpers::Auth",
      "method_id": "set_guest_token",
      "path": "/Users/kgilpin/source/land-of-apps/solidus/core/lib/spree/core/controller_helpers/auth.rb",
      "lineno": 56,
      "static": false,
      "parameters": [],
      "receiver": {
        "class": "Spree::Admin::Users::ApiKeyController",
        "object_id": 70165881029940,
        "value": "#<Spree::Admin::Users::ApiKeyController:0x00007fa188d40a68>"
      }
    },
    {
      "id": 167,
      "event": "call",
      "thread_id": 70165874327560,
      "defined_class": "ActionDispatch::Cookies::CookieJar",
      "method_id": "update",
      "path": "/Users/kgilpin/.rbenv/versions/2.6.6/lib/ruby/gems/2.6.0/gems/actionpack-6.0.3.4/lib/action_dispatch/middleware/cookies.rb",
      "lineno": 333,
      "static": false,
      "parameters": [
        {
          "name": "other_hash",
          "class": "Hash",
          "object_id": 70165956980300,
          "value": "{}",
          "kind": "req"
        }
      ],
      "receiver": {
        "class": "ActionDispatch::Cookies::CookieJar",
        "object_id": 70165956980180,
        "value": "#<ActionDispatch::Cookies::CookieJar:0x00007fa191e1dba8>"
      }
    },
    {
      "id": 168,
      "event": "return",
      "thread_id": 70165874327560,
      "parent_id": 167,
      "elapsed": 0.000006,
      "return_value": {
        "class": "ActionDispatch::Cookies::CookieJar",
        "value": "#<ActionDispatch::Cookies::CookieJar:0x00007fa191e1dba8>",
        "object_id": 70165956980180
      }
    },
    {
      "id": 169,
      "event": "call",
      "thread_id": 70165874327560,
      "defined_class": "Spree::Preferences::Preferable",
      "method_id": "get_preference",
      "path": "/Users/kgilpin/source/land-of-apps/solidus/core/lib/spree/preferences/preferable.rb",
      "lineno": 66,
      "static": false,
      "parameters": [
        {
          "name": "name",
          "class": "Symbol",
          "object_id": 8554908,
          "value": "guest_token_cookie_options",
          "kind": "req"
        }
      ],
      "receiver": {
        "class": "Spree::AppConfiguration",
        "object_id": 70165880790920,
        "value": "#<Spree::AppConfiguration:0x00007fa188ccbf10>"
      }
    },
    {
      "id": 170,
      "event": "call",
      "thread_id": 70165874327560,
      "defined_class": "Spree::Preferences::Preferable",
      "method_id": "has_preference!",
      "path": "/Users/kgilpin/source/land-of-apps/solidus/core/lib/spree/preferences/preferable.rb",
      "lineno": 96,
      "static": false,
      "parameters": [
        {
          "name": "name",
          "class": "Symbol",
          "object_id": 8554908,
          "value": "guest_token_cookie_options",
          "kind": "req"
        }
      ],
      "receiver": {
        "class": "Spree::AppConfiguration",
        "object_id": 70165880790920,
        "value": "#<Spree::AppConfiguration:0x00007fa188ccbf10>"
      }
    },
    {
      "id": 171,
      "event": "call",
      "thread_id": 70165874327560,
      "defined_class": "Spree::Preferences::Preferable",
      "method_id": "has_preference?",
      "path": "/Users/kgilpin/source/land-of-apps/solidus/core/lib/spree/preferences/preferable.rb",
      "lineno": 102,
      "static": false,
      "parameters": [
        {
          "name": "name",
          "class": "Symbol",
          "object_id": 8554908,
          "value": "guest_token_cookie_options",
          "kind": "req"
        }
      ],
      "receiver": {
        "class": "Spree::AppConfiguration",
        "object_id": 70165880790920,
        "value": "#<Spree::AppConfiguration:0x00007fa188ccbf10>"
      }
    },
    {
      "id": 172,
      "event": "call",
      "thread_id": 70165874327560,
      "defined_class": "Spree::Preferences::Preferable",
      "method_id": "defined_preferences",
      "path": "/Users/kgilpin/source/land-of-apps/solidus/core/lib/spree/preferences/preferable.rb",
      "lineno": 107,
      "static": false,
      "parameters": [],
      "receiver": {
        "class": "Spree::AppConfiguration",
        "object_id": 70165880790920,
        "value": "#<Spree::AppConfiguration:0x00007fa188ccbf10>"
      }
    },
    {
      "id": 173,
      "event": "call",
      "thread_id": 70165874327560,
      "defined_class": "Spree::Preferences::PreferableClassMethods",
      "method_id": "defined_preferences",
      "path": "/Users/kgilpin/source/land-of-apps/solidus/core/lib/spree/preferences/preferable_class_methods.rb",
      "lineno": 17,
      "static": true,
      "parameters": [],
      "receiver": {
        "class": "Class",
        "object_id": 70165955190500,
        "value": "Spree::AppConfiguration"
      }
    },
    {
      "id": 174,
      "event": "return",
      "thread_id": 70165874327560,
      "parent_id": 173,
      "elapsed": 0.000008,
      "return_value": {
        "class": "Array",
        "value": "[]",
        "object_id": 70165957203980
      }
    },
    {
      "id": 175,
      "event": "return",
      "thread_id": 70165874327560,
      "parent_id": 172,
      "elapsed": 0.000067,
      "return_value": {
        "class": "Array",
        "value": "[:address_requires_state, :admin_interface_logo, :admin_products_per_page, :admin_variants_per_page,",
        "object_id": 70165957203180
      }
    },
    {
      "id": 176,
      "event": "return",
      "thread_id": 70165874327560,
      "parent_id": 171,
      "elapsed": 0.000171,
      "return_value": {
        "class": "TrueClass",
        "value": "true",
        "object_id": 20
      }
    },
    {
      "id": 177,
      "event": "return",
      "thread_id": 70165874327560,
      "parent_id": 170,
      "elapsed": 0.000239
    },
    {
      "id": 178,
      "event": "call",
      "thread_id": 70165874327560,
      "defined_class": "Spree::Preferences::PreferableClassMethods",
      "method_id": "preference_getter_method",
      "path": "/Users/kgilpin/source/land-of-apps/solidus/core/lib/spree/preferences/preferable_class_methods.rb",
      "lineno": 70,
      "static": true,
      "parameters": [
        {
          "name": "name",
          "class": "Symbol",
          "object_id": 8554908,
          "value": "guest_token_cookie_options",
          "kind": "req"
        }
      ],
      "receiver": {
        "class": "Class",
        "object_id": 70165955190500,
        "value": "Spree::AppConfiguration"
      }
    },
    {
      "id": 179,
      "event": "return",
      "thread_id": 70165874327560,
      "parent_id": 178,
      "elapsed": 0.000006,
      "return_value": {
        "class": "Symbol",
        "value": "preferred_guest_token_cookie_options",
        "object_id": 70165955244980
      }
    },
    {
      "id": 180,
      "event": "call",
      "thread_id": 70165874327560,
      "defined_class": "Spree::AppConfiguration",
      "method_id": "preferred_guest_token_cookie_options",
      "path": "/Users/kgilpin/source/land-of-apps/solidus/core/lib/spree/preferences/preferable_class_methods.rb",
      "lineno": 45,
      "static": false,
      "parameters": [],
      "receiver": {
        "class": "Spree::AppConfiguration",
        "object_id": 70165880790920,
        "value": "#<Spree::AppConfiguration:0x00007fa188ccbf10>"
      }
    },
    {
      "id": 181,
      "event": "call",
      "thread_id": 70165874327560,
      "defined_class": "Spree::Preferences::Configuration",
      "method_id": "preferences",
      "path": "/Users/kgilpin/source/land-of-apps/solidus/core/lib/spree/preferences/configuration.rb",
      "lineno": 40,
      "static": false,
      "parameters": [],
      "receiver": {
        "class": "Spree::AppConfiguration",
        "object_id": 70165880790920,
        "value": "#<Spree::AppConfiguration:0x00007fa188ccbf10>"
      }
    },
    {
      "id": 182,
      "event": "return",
      "thread_id": 70165874327560,
      "parent_id": 181,
      "elapsed": 0.000005,
      "return_value": {
        "class": "Hash",
        "value": "{:address_requires_state=>true, :admin_interface_logo=>\"logo/solidus.svg\", :admin_products_per_page=",
        "object_id": 70165956123620
      }
    },
    {
      "id": 183,
      "event": "return",
      "thread_id": 70165874327560,
      "parent_id": 180,
      "elapsed": 0.000171,
      "return_value": {
        "class": "Hash",
        "value": "{}",
        "object_id": 70165955246040
      }
    },
    {
      "id": 184,
      "event": "return",
      "thread_id": 70165874327560,
      "parent_id": 169,
      "elapsed": 0.000592,
      "return_value": {
        "class": "Hash",
        "value": "{}",
        "object_id": 70165955246040
      }
    },
    {
      "id": 185,
      "event": "call",
      "thread_id": 70165874327560,
      "defined_class": "ActionDispatch::Cookies::CookieJar",
      "method_id": "[]=",
      "path": "/Users/kgilpin/.rbenv/versions/2.6.6/lib/ruby/gems/2.6.0/gems/actionpack-6.0.3.4/lib/action_dispatch/middleware/cookies.rb",
      "lineno": 373,
      "static": false,
      "parameters": [
        {
          "name": "name",
          "class": "Symbol",
          "object_id": 8800988,
          "value": "guest_token",
          "kind": "req"
        },
        {
          "name": "options",
          "class": "Hash",
          "object_id": 70165957210700,
          "value": "{:value=>\"BAhJIhttcmJoZHI5REMxQ1R6dzRCMmlPVlp3BjoGRUY=--efa28a60a8b40a3c1156df91d32d9e16b5d36f21\", :",
          "kind": "req"
        }
      ],
      "receiver": {
        "class": "ActionDispatch::Cookies::CookieJar",
        "object_id": 70165956980180,
        "value": "#<ActionDispatch::Cookies::CookieJar:0x00007fa191e1dba8>"
      }
    },
    {
      "id": 186,
      "event": "return",
      "thread_id": 70165874327560,
      "parent_id": 185,
      "elapsed": 0.000017,
      "return_value": {
        "class": "String",
        "value": "BAhJIhttcmJoZHI5REMxQ1R6dzRCMmlPVlp3BjoGRUY=--efa28a60a8b40a3c1156df91d32d9e16b5d36f21",
        "object_id": 70165957210260
      }
    },
    {
      "id": 187,
      "event": "return",
      "thread_id": 70165874327560,
      "parent_id": 166,
      "elapsed": 0.001092,
      "return_value": {
        "class": "Hash",
        "value": "{:value=>\"BAhJIhttcmJoZHI5REMxQ1R6dzRCMmlPVlp3BjoGRUY=--efa28a60a8b40a3c1156df91d32d9e16b5d36f21\", :",
        "object_id": 70165957210700
      }
    },
    {
      "id": 188,
      "event": "call",
      "thread_id": 70165874327560,
      "defined_class": "Spree",
      "method_id": "i18n_available_locales",
      "path": "/Users/kgilpin/source/land-of-apps/solidus/core/lib/spree/i18n.rb",
      "lineno": 8,
      "static": true,
      "parameters": [],
      "receiver": {
        "class": "Module",
        "object_id": 70165903731900,
        "value": "Spree"
      }
    },
    {
      "id": 189,
      "event": "return",
      "thread_id": 70165874327560,
      "parent_id": 188,
      "elapsed": 0.000233,
      "return_value": {
        "class": "Array",
        "value": "[:en]",
        "object_id": 70165957297720
      }
    },
    {
      "id": 190,
      "event": "call",
      "thread_id": 70165874327560,
      "defined_class": "Spree::Preferences::Preferable",
      "method_id": "get_preference",
      "path": "/Users/kgilpin/source/land-of-apps/solidus/core/lib/spree/preferences/preferable.rb",
      "lineno": 66,
      "static": false,
      "parameters": [
        {
          "name": "name",
          "class": "Symbol",
          "object_id": 2696668,
          "value": "locale",
          "kind": "req"
        }
      ],
      "receiver": {
        "class": "Spree::BackendConfiguration",
        "object_id": 70165957348580,
        "value": "#<Spree::BackendConfiguration:0x00007fa191ed19c8>"
      }
    },
    {
      "id": 191,
      "event": "call",
      "thread_id": 70165874327560,
      "defined_class": "Spree::Preferences::Preferable",
      "method_id": "has_preference!",
      "path": "/Users/kgilpin/source/land-of-apps/solidus/core/lib/spree/preferences/preferable.rb",
      "lineno": 96,
      "static": false,
      "parameters": [
        {
          "name": "name",
          "class": "Symbol",
          "object_id": 2696668,
          "value": "locale",
          "kind": "req"
        }
      ],
      "receiver": {
        "class": "Spree::BackendConfiguration",
        "object_id": 70165957348580,
        "value": "#<Spree::BackendConfiguration:0x00007fa191ed19c8>"
      }
    },
    {
      "id": 192,
      "event": "call",
      "thread_id": 70165874327560,
      "defined_class": "Spree::Preferences::Preferable",
      "method_id": "has_preference?",
      "path": "/Users/kgilpin/source/land-of-apps/solidus/core/lib/spree/preferences/preferable.rb",
      "lineno": 102,
      "static": false,
      "parameters": [
        {
          "name": "name",
          "class": "Symbol",
          "object_id": 2696668,
          "value": "locale",
          "kind": "req"
        }
      ],
      "receiver": {
        "class": "Spree::BackendConfiguration",
        "object_id": 70165957348580,
        "value": "#<Spree::BackendConfiguration:0x00007fa191ed19c8>"
      }
    },
    {
      "id": 193,
      "event": "call",
      "thread_id": 70165874327560,
      "defined_class": "Spree::Preferences::Preferable",
      "method_id": "defined_preferences",
      "path": "/Users/kgilpin/source/land-of-apps/solidus/core/lib/spree/preferences/preferable.rb",
      "lineno": 107,
      "static": false,
      "parameters": [],
      "receiver": {
        "class": "Spree::BackendConfiguration",
        "object_id": 70165957348580,
        "value": "#<Spree::BackendConfiguration:0x00007fa191ed19c8>"
      }
    },
    {
      "id": 194,
      "event": "call",
      "thread_id": 70165874327560,
      "defined_class": "Spree::Preferences::PreferableClassMethods",
      "method_id": "defined_preferences",
      "path": "/Users/kgilpin/source/land-of-apps/solidus/core/lib/spree/preferences/preferable_class_methods.rb",
      "lineno": 17,
      "static": true,
      "parameters": [],
      "receiver": {
        "class": "Class",
        "object_id": 70165956884400,
        "value": "Spree::BackendConfiguration"
      }
    },
    {
      "id": 195,
      "event": "return",
      "thread_id": 70165874327560,
      "parent_id": 194,
      "elapsed": 0.000006,
      "return_value": {
        "class": "Array",
        "value": "[]",
        "object_id": 70165881425940
      }
    },
    {
      "id": 196,
      "event": "return",
      "thread_id": 70165874327560,
      "parent_id": 193,
      "elapsed": 0.00006,
      "return_value": {
        "class": "Array",
        "value": "[:locale, :unfrozen_preference_store]",
        "object_id": 70165881425560
      }
    },
    {
      "id": 197,
      "event": "return",
      "thread_id": 70165874327560,
      "parent_id": 192,
      "elapsed": 0.000118,
      "return_value": {
        "class": "TrueClass",
        "value": "true",
        "object_id": 20
      }
    },
    {
      "id": 198,
      "event": "return",
      "thread_id": 70165874327560,
      "parent_id": 191,
      "elapsed": 0.000179
    },
    {
      "id": 199,
      "event": "call",
      "thread_id": 70165874327560,
      "defined_class": "Spree::Preferences::PreferableClassMethods",
      "method_id": "preference_getter_method",
      "path": "/Users/kgilpin/source/land-of-apps/solidus/core/lib/spree/preferences/preferable_class_methods.rb",
      "lineno": 70,
      "static": true,
      "parameters": [
        {
          "name": "name",
          "class": "Symbol",
          "object_id": 2696668,
          "value": "locale",
          "kind": "req"
        }
      ],
      "receiver": {
        "class": "Class",
        "object_id": 70165956884400,
        "value": "Spree::BackendConfiguration"
      }
    },
    {
      "id": 200,
      "event": "return",
      "thread_id": 70165874327560,
      "parent_id": 199,
      "elapsed": 0.000006,
      "return_value": {
        "class": "Symbol",
        "value": "preferred_locale",
        "object_id": 70165956883180
      }
    },
    {
      "id": 201,
      "event": "call",
      "thread_id": 70165874327560,
      "defined_class": "Spree::BackendConfiguration",
      "method_id": "preferred_locale",
      "path": "/Users/kgilpin/source/land-of-apps/solidus/core/lib/spree/preferences/preferable_class_methods.rb",
      "lineno": 45,
      "static": false,
      "parameters": [],
      "receiver": {
        "class": "Spree::BackendConfiguration",
        "object_id": 70165957348580,
        "value": "#<Spree::BackendConfiguration:0x00007fa191ed19c8>"
      }
    },
    {
      "id": 202,
      "event": "call",
      "thread_id": 70165874327560,
      "defined_class": "Spree::Preferences::Configuration",
      "method_id": "preferences",
      "path": "/Users/kgilpin/source/land-of-apps/solidus/core/lib/spree/preferences/configuration.rb",
      "lineno": 40,
      "static": false,
      "parameters": [],
      "receiver": {
        "class": "Spree::BackendConfiguration",
        "object_id": 70165957348580,
        "value": "#<Spree::BackendConfiguration:0x00007fa191ed19c8>"
      }
    },
    {
      "id": 203,
      "event": "return",
      "thread_id": 70165874327560,
      "parent_id": 202,
      "elapsed": 0.000007,
      "return_value": {
        "class": "Hash",
        "value": "{:locale=>:en, :unfrozen_preference_store=>{:locale=>:en, :unfrozen_preference_store=>nil}}",
        "object_id": 70165946446000
      }
    },
    {
      "id": 204,
      "event": "return",
      "thread_id": 70165874327560,
      "parent_id": 201,
      "elapsed": 0.000069,
      "return_value": {
        "class": "Symbol",
        "value": "en",
        "object_id": 2696988
      }
    },
    {
      "id": 205,
      "event": "return",
      "thread_id": 70165874327560,
      "parent_id": 190,
      "elapsed": 0.00042,
      "return_value": {
        "class": "Symbol",
        "value": "en",
        "object_id": 2696988
      }
    },
    {
      "id": 206,
      "event": "call",
      "thread_id": 70165874327560,
      "defined_class": "Carmen",
      "method_id": "i18n_backend",
      "path": "/Users/kgilpin/.rbenv/versions/2.6.6/lib/ruby/gems/2.6.0/gems/carmen-1.1.3/lib/carmen.rb",
      "lineno": 38,
      "static": true,
      "parameters": [],
      "receiver": {
        "class": "Module",
        "object_id": 70165956773220,
        "value": "Carmen"
      }
    },
    {
      "id": 207,
      "event": "return",
      "thread_id": 70165874327560,
      "parent_id": 206,
      "elapsed": 0.000005,
      "return_value": {
        "class": "Carmen::I18n::Simple",
        "value": "#<Carmen::I18n::Simple:0x00007fa18bacee80>",
        "object_id": 70165904914240
      }
    },
    {
      "id": 208,
      "event": "call",
      "thread_id": 70165874327560,
      "defined_class": "CanCan::ControllerAdditions",
      "method_id": "authorize!",
      "path": "/Users/kgilpin/.rbenv/versions/2.6.6/lib/ruby/gems/2.6.0/gems/cancancan-3.1.0/lib/cancan/controller_additions.rb",
      "lineno": 337,
      "static": false,
      "parameters": [
        {
          "name": "args",
          "class": "Array",
          "object_id": 70165881323860,
          "value": "[:admin, :api_key]",
          "kind": "rest"
        }
      ],
      "receiver": {
        "class": "Spree::Admin::Users::ApiKeyController",
        "object_id": 70165881029940,
        "value": "#<Spree::Admin::Users::ApiKeyController:0x00007fa188d40a68>"
      }
    },
    {
      "id": 209,
      "event": "call",
      "thread_id": 70165874327560,
      "defined_class": "CanCan::Ability",
      "method_id": "authorize!",
      "path": "/Users/kgilpin/.rbenv/versions/2.6.6/lib/ruby/gems/2.6.0/gems/cancancan-3.1.0/lib/cancan/ability.rb",
      "lineno": 176,
      "static": false,
      "parameters": [
        {
          "name": "action",
          "class": "Symbol",
          "object_id": 8584668,
          "value": "admin",
          "kind": "req"
        },
        {
          "name": "subject",
          "class": "Symbol",
          "object_id": 2646748,
          "value": "api_key",
          "kind": "req"
        },
        {
          "name": "args",
          "class": "Array",
          "object_id": 70165881335680,
          "value": "[]",
          "kind": "rest"
        }
      ],
      "receiver": {
        "class": "Object",
        "object_id": 70165881048180,
        "value": "#<#<Class:0x00007fa18a396bf0>:0x00007fa188d498e8>"
      }
    },
    {
      "id": 210,
      "event": "call",
      "thread_id": 70165874327560,
      "defined_class": "CanCan::Ability",
      "method_id": "cannot?",
      "path": "/Users/kgilpin/.rbenv/versions/2.6.6/lib/ruby/gems/2.6.0/gems/cancancan-3.1.0/lib/cancan/ability.rb",
      "lineno": 87,
      "static": false,
      "parameters": [
        {
          "name": "args",
          "class": "Array",
          "object_id": 70165881333580,
          "value": "[:admin, :api_key]",
          "kind": "rest"
        }
      ],
      "receiver": {
        "class": "Object",
        "object_id": 70165881048180,
        "value": "#<#<Class:0x00007fa18a396bf0>:0x00007fa188d498e8>"
      }
    },
    {
      "id": 211,
      "event": "call",
      "thread_id": 70165874327560,
      "defined_class": "CanCan::Ability",
      "method_id": "can?",
      "path": "/Users/kgilpin/.rbenv/versions/2.6.6/lib/ruby/gems/2.6.0/gems/cancancan-3.1.0/lib/cancan/ability.rb",
      "lineno": 74,
      "static": false,
      "parameters": [
        {
          "name": "action",
          "class": "Symbol",
          "object_id": 8584668,
          "value": "admin",
          "kind": "req"
        },
        {
          "name": "subject",
          "class": "Symbol",
          "object_id": 2646748,
          "value": "api_key",
          "kind": "req"
        },
        {
          "name": "attribute",
          "class": "NilClass",
          "object_id": 8,
          "value": null,
          "kind": "opt"
        },
        {
          "name": "extra_args",
          "class": "NilClass",
          "object_id": 8,
          "value": null,
          "kind": "rest"
        }
      ],
      "receiver": {
        "class": "Object",
        "object_id": 70165881048180,
        "value": "#<#<Class:0x00007fa18a396bf0>:0x00007fa188d498e8>"
      }
    },
    {
      "id": 212,
      "event": "call",
      "thread_id": 70165874327560,
      "defined_class": "CanCan::Ability::Actions",
      "method_id": "aliased_actions",
      "path": "/Users/kgilpin/.rbenv/versions/2.6.6/lib/ruby/gems/2.6.0/gems/cancancan-3.1.0/lib/cancan/ability/actions.rb",
      "lineno": 43,
      "static": false,
      "parameters": [],
      "receiver": {
        "class": "Object",
        "object_id": 70165881048180,
        "value": "#<#<Class:0x00007fa18a396bf0>:0x00007fa188d498e8>"
      }
    },
    {
      "id": 213,
      "event": "return",
      "thread_id": 70165874327560,
      "parent_id": 212,
      "elapsed": 0.000009,
      "return_value": {
        "class": "Hash",
        "value": "{:read=>[:index, :show], :create=>[:new], :update=>[:edit]}",
        "object_id": 70165881341700
      }
    },
    {
      "id": 214,
      "event": "call",
      "thread_id": 70165874327560,
      "defined_class": "CanCan::Relevant",
      "method_id": "relevant?",
      "path": "/Users/kgilpin/.rbenv/versions/2.6.6/lib/ruby/gems/2.6.0/gems/cancancan-3.1.0/lib/cancan/relevant.rb",
      "lineno": 6,
      "static": false,
      "parameters": [
        {
          "name": "action",
          "class": "Symbol",
          "object_id": 8584668,
          "value": "admin",
          "kind": "req"
        },
        {
          "name": "subject",
          "class": "Symbol",
          "object_id": 2646748,
          "value": "api_key",
          "kind": "req"
        }
      ],
      "receiver": {
        "class": "CanCan::Rule",
        "object_id": 70165881066480,
        "value": "#<CanCan::Rule:0x00007fa188d527e0>"
      }
    },
    {
      "id": 215,
      "event": "return",
      "thread_id": 70165874327560,
      "parent_id": 214,
      "elapsed": 0.000028,
      "return_value": {
        "class": "TrueClass",
        "value": "true",
        "object_id": 20
      }
    },
    {
      "id": 216,
      "event": "call",
      "thread_id": 70165874327560,
      "defined_class": "CanCan::Rule",
      "method_id": "only_raw_sql?",
      "path": "/Users/kgilpin/.rbenv/versions/2.6.6/lib/ruby/gems/2.6.0/gems/cancancan-3.1.0/lib/cancan/rule.rb",
      "lineno": 67,
      "static": false,
      "parameters": [],
      "receiver": {
        "class": "CanCan::Rule",
        "object_id": 70165881066480,
        "value": "#<CanCan::Rule:0x00007fa188d527e0>"
      }
    },
    {
      "id": 217,
      "event": "return",
      "thread_id": 70165874327560,
      "parent_id": 216,
      "elapsed": 0.000014
    },
    {
      "id": 218,
      "event": "call",
      "thread_id": 70165874327560,
      "defined_class": "CanCan::ConditionsMatcher",
      "method_id": "matches_conditions?",
      "path": "/Users/kgilpin/.rbenv/versions/2.6.6/lib/ruby/gems/2.6.0/gems/cancancan-3.1.0/lib/cancan/conditions_matcher.rb",
      "lineno": 6,
      "static": false,
      "parameters": [
        {
          "name": "action",
          "class": "Symbol",
          "object_id": 8584668,
          "value": "admin",
          "kind": "req"
        },
        {
          "name": "subject",
          "class": "Symbol",
          "object_id": 2646748,
          "value": "api_key",
          "kind": "req"
        },
        {
          "name": "attribute",
          "class": "NilClass",
          "object_id": 8,
          "value": null,
          "kind": "opt"
        },
        {
          "name": "extra_args",
          "class": "Array",
          "object_id": 70165957462740,
          "value": "[]",
          "kind": "rest"
        }
      ],
      "receiver": {
        "class": "CanCan::Rule",
        "object_id": 70165881066480,
        "value": "#<CanCan::Rule:0x00007fa188d527e0>"
      }
    },
    {
      "id": 219,
      "event": "return",
      "thread_id": 70165874327560,
      "parent_id": 218,
      "elapsed": 0.000009,
      "return_value": {
        "class": "TrueClass",
        "value": "true",
        "object_id": 20
      }
    },
    {
      "id": 220,
      "event": "call",
      "thread_id": 70165874327560,
      "defined_class": "CanCan::Rule",
      "method_id": "matches_attributes?",
      "path": "/Users/kgilpin/.rbenv/versions/2.6.6/lib/ruby/gems/2.6.0/gems/cancancan-3.1.0/lib/cancan/rule.rb",
      "lineno": 95,
      "static": false,
      "parameters": [
        {
          "name": "attribute",
          "class": "NilClass",
          "object_id": 8,
          "value": null,
          "kind": "req"
        }
      ],
      "receiver": {
        "class": "CanCan::Rule",
        "object_id": 70165881066480,
        "value": "#<CanCan::Rule:0x00007fa188d527e0>"
      }
    },
    {
      "id": 221,
      "event": "return",
      "thread_id": 70165874327560,
      "parent_id": 220,
      "elapsed": 0.000005,
      "return_value": {
        "class": "TrueClass",
        "value": "true",
        "object_id": 20
      }
    },
    {
      "id": 222,
      "event": "return",
      "thread_id": 70165874327560,
      "parent_id": 211,
      "elapsed": 0.001764,
      "return_value": {
        "class": "TrueClass",
        "value": "true",
        "object_id": 20
      }
    },
    {
      "id": 223,
      "event": "return",
      "thread_id": 70165874327560,
      "parent_id": 210,
      "elapsed": 0.003113
    },
    {
      "id": 224,
      "event": "return",
      "thread_id": 70165874327560,
      "parent_id": 209,
      "elapsed": 0.004483,
      "return_value": {
        "class": "Symbol",
        "value": "api_key",
        "object_id": 2646748
      }
    },
    {
      "id": 225,
      "event": "return",
      "thread_id": 70165874327560,
      "parent_id": 208,
      "elapsed": 0.007376,
      "return_value": {
        "class": "Symbol",
        "value": "api_key",
        "object_id": 2646748
      }
    },
    {
      "id": 226,
      "event": "call",
      "thread_id": 70165874327560,
      "defined_class": "CanCan::ControllerAdditions",
      "method_id": "authorize!",
      "path": "/Users/kgilpin/.rbenv/versions/2.6.6/lib/ruby/gems/2.6.0/gems/cancancan-3.1.0/lib/cancan/controller_additions.rb",
      "lineno": 337,
      "static": false,
      "parameters": [
        {
          "name": "args",
          "class": "Array",
          "object_id": 70165957484500,
          "value": "[:destroy, :api_key]",
          "kind": "rest"
        }
      ],
      "receiver": {
        "class": "Spree::Admin::Users::ApiKeyController",
        "object_id": 70165881029940,
        "value": "#<Spree::Admin::Users::ApiKeyController:0x00007fa188d40a68>"
      }
    },
    {
      "id": 227,
      "event": "call",
      "thread_id": 70165874327560,
      "defined_class": "CanCan::Ability",
      "method_id": "authorize!",
      "path": "/Users/kgilpin/.rbenv/versions/2.6.6/lib/ruby/gems/2.6.0/gems/cancancan-3.1.0/lib/cancan/ability.rb",
      "lineno": 176,
      "static": false,
      "parameters": [
        {
          "name": "action",
          "class": "Symbol",
          "object_id": 2649308,
          "value": "destroy",
          "kind": "req"
        },
        {
          "name": "subject",
          "class": "Symbol",
          "object_id": 2646748,
          "value": "api_key",
          "kind": "req"
        },
        {
          "name": "args",
          "class": "Array",
          "object_id": 70165957481060,
          "value": "[]",
          "kind": "rest"
        }
      ],
      "receiver": {
        "class": "Object",
        "object_id": 70165881048180,
        "value": "#<#<Class:0x00007fa18a396bf0>:0x00007fa188d498e8>"
      }
    },
    {
      "id": 228,
      "event": "call",
      "thread_id": 70165874327560,
      "defined_class": "CanCan::Ability",
      "method_id": "cannot?",
      "path": "/Users/kgilpin/.rbenv/versions/2.6.6/lib/ruby/gems/2.6.0/gems/cancancan-3.1.0/lib/cancan/ability.rb",
      "lineno": 87,
      "static": false,
      "parameters": [
        {
          "name": "args",
          "class": "Array",
          "object_id": 70165957479360,
          "value": "[:destroy, :api_key]",
          "kind": "rest"
        }
      ],
      "receiver": {
        "class": "Object",
        "object_id": 70165881048180,
        "value": "#<#<Class:0x00007fa18a396bf0>:0x00007fa188d498e8>"
      }
    },
    {
      "id": 229,
      "event": "call",
      "thread_id": 70165874327560,
      "defined_class": "CanCan::Ability",
      "method_id": "can?",
      "path": "/Users/kgilpin/.rbenv/versions/2.6.6/lib/ruby/gems/2.6.0/gems/cancancan-3.1.0/lib/cancan/ability.rb",
      "lineno": 74,
      "static": false,
      "parameters": [
        {
          "name": "action",
          "class": "Symbol",
          "object_id": 2649308,
          "value": "destroy",
          "kind": "req"
        },
        {
          "name": "subject",
          "class": "Symbol",
          "object_id": 2646748,
          "value": "api_key",
          "kind": "req"
        },
        {
          "name": "attribute",
          "class": "NilClass",
          "object_id": 8,
          "value": null,
          "kind": "opt"
        },
        {
          "name": "extra_args",
          "class": "NilClass",
          "object_id": 8,
          "value": null,
          "kind": "rest"
        }
      ],
      "receiver": {
        "class": "Object",
        "object_id": 70165881048180,
        "value": "#<#<Class:0x00007fa18a396bf0>:0x00007fa188d498e8>"
      }
    },
    {
      "id": 230,
      "event": "call",
      "thread_id": 70165874327560,
      "defined_class": "CanCan::Relevant",
      "method_id": "relevant?",
      "path": "/Users/kgilpin/.rbenv/versions/2.6.6/lib/ruby/gems/2.6.0/gems/cancancan-3.1.0/lib/cancan/relevant.rb",
      "lineno": 6,
      "static": false,
      "parameters": [
        {
          "name": "action",
          "class": "Symbol",
          "object_id": 2649308,
          "value": "destroy",
          "kind": "req"
        },
        {
          "name": "subject",
          "class": "Symbol",
          "object_id": 2646748,
          "value": "api_key",
          "kind": "req"
        }
      ],
      "receiver": {
        "class": "CanCan::Rule",
        "object_id": 70165881066480,
        "value": "#<CanCan::Rule:0x00007fa188d527e0>"
      }
    },
    {
      "id": 231,
      "event": "return",
      "thread_id": 70165874327560,
      "parent_id": 230,
      "elapsed": 0.000006,
      "return_value": {
        "class": "TrueClass",
        "value": "true",
        "object_id": 20
      }
    },
    {
      "id": 232,
      "event": "call",
      "thread_id": 70165874327560,
      "defined_class": "CanCan::Rule",
      "method_id": "only_raw_sql?",
      "path": "/Users/kgilpin/.rbenv/versions/2.6.6/lib/ruby/gems/2.6.0/gems/cancancan-3.1.0/lib/cancan/rule.rb",
      "lineno": 67,
      "static": false,
      "parameters": [],
      "receiver": {
        "class": "CanCan::Rule",
        "object_id": 70165881066480,
        "value": "#<CanCan::Rule:0x00007fa188d527e0>"
      }
    },
    {
      "id": 233,
      "event": "return",
      "thread_id": 70165874327560,
      "parent_id": 232,
      "elapsed": 0.000006
    },
    {
      "id": 234,
      "event": "call",
      "thread_id": 70165874327560,
      "defined_class": "CanCan::ConditionsMatcher",
      "method_id": "matches_conditions?",
      "path": "/Users/kgilpin/.rbenv/versions/2.6.6/lib/ruby/gems/2.6.0/gems/cancancan-3.1.0/lib/cancan/conditions_matcher.rb",
      "lineno": 6,
      "static": false,
      "parameters": [
        {
          "name": "action",
          "class": "Symbol",
          "object_id": 2649308,
          "value": "destroy",
          "kind": "req"
        },
        {
          "name": "subject",
          "class": "Symbol",
          "object_id": 2646748,
          "value": "api_key",
          "kind": "req"
        },
        {
          "name": "attribute",
          "class": "NilClass",
          "object_id": 8,
          "value": null,
          "kind": "opt"
        },
        {
          "name": "extra_args",
          "class": "Array",
          "object_id": 70165957514260,
          "value": "[]",
          "kind": "rest"
        }
      ],
      "receiver": {
        "class": "CanCan::Rule",
        "object_id": 70165881066480,
        "value": "#<CanCan::Rule:0x00007fa188d527e0>"
      }
    },
    {
      "id": 235,
      "event": "return",
      "thread_id": 70165874327560,
      "parent_id": 234,
      "elapsed": 0.000006,
      "return_value": {
        "class": "TrueClass",
        "value": "true",
        "object_id": 20
      }
    },
    {
      "id": 236,
      "event": "call",
      "thread_id": 70165874327560,
      "defined_class": "CanCan::Rule",
      "method_id": "matches_attributes?",
      "path": "/Users/kgilpin/.rbenv/versions/2.6.6/lib/ruby/gems/2.6.0/gems/cancancan-3.1.0/lib/cancan/rule.rb",
      "lineno": 95,
      "static": false,
      "parameters": [
        {
          "name": "attribute",
          "class": "NilClass",
          "object_id": 8,
          "value": null,
          "kind": "req"
        }
      ],
      "receiver": {
        "class": "CanCan::Rule",
        "object_id": 70165881066480,
        "value": "#<CanCan::Rule:0x00007fa188d527e0>"
      }
    },
    {
      "id": 237,
      "event": "return",
      "thread_id": 70165874327560,
      "parent_id": 236,
      "elapsed": 0.000005,
      "return_value": {
        "class": "TrueClass",
        "value": "true",
        "object_id": 20
      }
    },
    {
      "id": 238,
      "event": "return",
      "thread_id": 70165874327560,
      "parent_id": 229,
      "elapsed": 0.000338,
      "return_value": {
        "class": "TrueClass",
        "value": "true",
        "object_id": 20
      }
    },
    {
      "id": 239,
      "event": "return",
      "thread_id": 70165874327560,
      "parent_id": 228,
      "elapsed": 0.001603
    },
    {
      "id": 240,
      "event": "return",
      "thread_id": 70165874327560,
      "parent_id": 227,
      "elapsed": 0.002874,
      "return_value": {
        "class": "Symbol",
        "value": "api_key",
        "object_id": 2646748
      }
    },
    {
      "id": 241,
      "event": "return",
      "thread_id": 70165874327560,
      "parent_id": 226,
      "elapsed": 0.004227,
      "return_value": {
        "class": "Symbol",
        "value": "api_key",
        "object_id": 2646748
      }
    },
    {
      "id": 242,
      "event": "call",
      "thread_id": 70165874327560,
      "defined_class": "Spree::Admin::Users::ApiKeyController",
      "method_id": "destroy",
      "path": "app/controllers/spree/admin/users/api_key_controller.rb",
      "lineno": 14,
      "static": false,
      "parameters": [],
      "receiver": {
        "class": "Spree::Admin::Users::ApiKeyController",
        "object_id": 70165881029940,
        "value": "#<Spree::Admin::Users::ApiKeyController:0x00007fa188d40a68>"
      }
    },
    {
      "id": 243,
      "event": "call",
      "thread_id": 70165874327560,
      "defined_class": "Spree",
      "method_id": "user_class",
      "path": "/Users/kgilpin/source/land-of-apps/solidus/core/lib/spree/core.rb",
      "lineno": 26,
      "static": true,
      "parameters": [],
      "receiver": {
        "class": "Module",
        "object_id": 70165903731900,
        "value": "Spree"
      }
    },
    {
      "id": 244,
      "event": "return",
      "thread_id": 70165874327560,
      "parent_id": 243,
      "elapsed": 0.000015,
      "return_value": {
        "class": "Class",
        "value": "Spree::LegacyUser",
        "object_id": 70165967717820
      }
    },
    {
      "id": 245,
      "event": "call",
      "thread_id": 70165874327560,
      "defined_class": "ActiveRecord::Core::ClassMethods",
      "method_id": "find",
      "path": "/Users/kgilpin/.rbenv/versions/2.6.6/lib/ruby/gems/2.6.0/gems/activerecord-6.0.3.4/lib/active_record/core.rb",
      "lineno": 157,
      "static": true,
      "parameters": [
        {
          "name": "ids",
          "class": "Array",
          "object_id": 70165957529680,
          "value": "[\"1\"]",
          "kind": "rest"
        }
      ],
      "receiver": {
        "class": "Class",
        "object_id": 70165967717820,
        "value": "Spree::LegacyUser"
      }
    },
    {
      "id": 246,
      "event": "call",
      "thread_id": 70165874327560,
      "sql_query": {
        "sql": "SELECT \"spree_users\".* FROM \"spree_users\" WHERE \"spree_users\".\"id\" = ? LIMIT ?",
        "database_type": "sqlite",
        "server_version": "3.33.0"
      }
    },
    {
      "id": 247,
      "event": "return",
      "thread_id": 70165874327560,
      "parent_id": 246,
      "elapsed": 0.000271
    },
    {
      "id": 248,
      "event": "return",
      "thread_id": 70165874327560,
      "parent_id": 245,
      "elapsed": 0.004491,
      "return_value": {
        "class": "Spree::LegacyUser",
        "value": "#<Spree::LegacyUser:0x00007fa190902340>",
        "object_id": 70165945913760
      }
    },
    {
      "id": 249,
      "event": "call",
      "thread_id": 70165874327560,
      "defined_class": "Spree::UserApiAuthentication",
      "method_id": "clear_spree_api_key!",
      "path": "/Users/kgilpin/source/land-of-apps/solidus/core/app/models/concerns/spree/user_api_authentication.rb",
      "lineno": 14,
      "static": false,
      "parameters": [],
      "receiver": {
        "class": "Spree::LegacyUser",
        "object_id": 70165945913760,
        "value": "#<Spree::LegacyUser:0x00007fa190902340>"
      }
    },
    {
      "id": 250,
      "event": "call",
      "thread_id": 70165874327560,
      "defined_class": "Spree::UserApiAuthentication",
      "method_id": "clear_spree_api_key",
      "path": "/Users/kgilpin/source/land-of-apps/solidus/core/app/models/concerns/spree/user_api_authentication.rb",
      "lineno": 19,
      "static": false,
      "parameters": [],
      "receiver": {
        "class": "Spree::LegacyUser",
        "object_id": 70165945913760,
        "value": "#<Spree::LegacyUser:0x00007fa190902340>"
      }
    },
    {
      "id": 251,
      "event": "call",
      "thread_id": 70165874327560,
      "defined_class": "ActiveRecord::AttributeMethods::Write",
      "method_id": "_write_attribute",
      "path": "/Users/kgilpin/.rbenv/versions/2.6.6/lib/ruby/gems/2.6.0/gems/activerecord-6.0.3.4/lib/active_record/attribute_methods/write.rb",
      "lineno": 41,
      "static": false,
      "parameters": [
        {
          "name": "attr_name",
          "class": "String",
          "object_id": 70165884089000,
          "value": "spree_api_key",
          "kind": "req"
        },
        {
          "name": "value",
          "class": "NilClass",
          "object_id": 8,
          "value": null,
          "kind": "req"
        }
      ],
      "receiver": {
        "class": "Spree::LegacyUser",
        "object_id": 70165945913760,
        "value": "#<Spree::LegacyUser:0x00007fa190902340>"
      }
    },
    {
      "id": 252,
      "event": "return",
      "thread_id": 70165874327560,
      "parent_id": 251,
      "elapsed": 0.000028
    },
    {
      "id": 253,
      "event": "return",
      "thread_id": 70165874327560,
      "parent_id": 250,
      "elapsed": 0.000105
    },
    {
      "id": 254,
      "event": "call",
      "thread_id": 70165874327560,
      "sql_query": {
        "sql": "SAVEPOINT active_record_1",
        "database_type": "sqlite",
        "server_version": "3.33.0"
      }
    },
    {
      "id": 255,
      "event": "return",
      "thread_id": 70165874327560,
      "parent_id": 254,
      "elapsed": 0.000124
    },
    {
      "id": 256,
      "event": "call",
      "thread_id": 70165874327560,
      "sql_query": {
        "sql": "UPDATE \"spree_users\" SET \"spree_api_key\" = ?, \"updated_at\" = ? WHERE \"spree_users\".\"id\" = ?",
        "database_type": "sqlite",
        "server_version": "3.33.0"
      }
    },
    {
      "id": 257,
      "event": "return",
      "thread_id": 70165874327560,
      "parent_id": 256,
      "elapsed": 0.000176
    },
    {
      "id": 258,
      "event": "call",
      "thread_id": 70165874327560,
      "sql_query": {
        "sql": "RELEASE SAVEPOINT active_record_1",
        "database_type": "sqlite",
        "server_version": "3.33.0"
      }
    },
    {
      "id": 259,
      "event": "return",
      "thread_id": 70165874327560,
      "parent_id": 258,
      "elapsed": 0.000115
    },
    {
      "id": 260,
      "event": "return",
      "thread_id": 70165874327560,
      "parent_id": 249,
      "elapsed": 0.012319,
      "return_value": {
        "class": "TrueClass",
        "value": "true",
        "object_id": 20
      }
    },
    {
      "id": 261,
      "event": "return",
      "thread_id": 70165874327560,
      "parent_id": 242,
      "elapsed": 0.017498,
      "return_value": {
        "class": "String",
        "value": "<html><body>You are being <a href=\"http://test.host/admin/users/1/edit\">redirected</a>.</body></html",
        "object_id": 70165966768200
      }
    },
    {
      "id": 262,
      "event": "return",
      "thread_id": 70165874327560,
      "parent_id": 165,
      "elapsed": 0.032023,
      "http_server_response": {
        "status": 302
      }
    },
    {
      "id": 263,
      "event": "call",
      "thread_id": 70165874327560,
      "defined_class": "ActionDispatch::Cookies::CookieJar",
      "method_id": "update",
      "path": "/Users/kgilpin/.rbenv/versions/2.6.6/lib/ruby/gems/2.6.0/gems/actionpack-6.0.3.4/lib/action_dispatch/middleware/cookies.rb",
      "lineno": 333,
      "static": false,
      "parameters": [
        {
          "name": "other_hash",
          "class": "Hash",
          "object_id": 70165956980120,
          "value": "{\"guest_token\"=>\"BAhJIhttcmJoZHI5REMxQ1R6dzRCMmlPVlp3BjoGRUY=--efa28a60a8b40a3c1156df91d32d9e16b5d36",
          "kind": "req"
        }
      ],
      "receiver": {
        "class": "ActionDispatch::Cookies::CookieJar",
        "object_id": 70165956791440,
        "value": "#<ActionDispatch::Cookies::CookieJar:0x00007fa191dc1920>"
      }
    },
    {
      "id": 264,
      "event": "return",
      "thread_id": 70165874327560,
      "parent_id": 263,
      "elapsed": 0.000007,
      "return_value": {
        "class": "ActionDispatch::Cookies::CookieJar",
        "value": "#<ActionDispatch::Cookies::CookieJar:0x00007fa191dc1920>",
        "object_id": 70165956791440
      }
    },
    {
      "id": 265,
      "event": "call",
      "thread_id": 70165874327560,
      "defined_class": "Spree::TestingSupport::UrlHelpers",
      "method_id": "spree",
      "path": "/Users/kgilpin/source/land-of-apps/solidus/core/lib/spree/testing_support/url_helpers.rb",
      "lineno": 6,
      "static": false,
      "parameters": [],
      "receiver": {
        "class": "RSpec::ExampleGroups::SpreeAdminUsersApiKeyController::Destroy::WithAbilityToManageUsersAndAPIKeys",
        "object_id": 70165880904660,
        "value": "#<RSpec::ExampleGroups::SpreeAdminUsersApiKeyController::Destroy::WithAbilityToManageUsersAndAPIKeys"
      }
    },
    {
      "id": 266,
      "event": "return",
      "thread_id": 70165874327560,
      "parent_id": 265,
      "elapsed": 0.011141,
      "return_value": {
        "class": "Module",
        "value": "#<Module:0x00007fa1930efd08>",
        "object_id": 70165966847620
      }
    },
    {
      "id": 267,
      "event": "call",
      "thread_id": 70165874327560,
      "defined_class": "ActiveRecord::Integration",
      "method_id": "to_param",
      "path": "/Users/kgilpin/.rbenv/versions/2.6.6/lib/ruby/gems/2.6.0/gems/activerecord-6.0.3.4/lib/active_record/integration.rb",
      "lineno": 57,
      "static": false,
      "parameters": [],
      "receiver": {
        "class": "Spree::LegacyUser",
        "object_id": 70165881129820,
        "value": "#<Spree::LegacyUser:0x00007fa188d716b8>"
      }
    },
    {
      "id": 268,
      "event": "return",
      "thread_id": 70165874327560,
      "parent_id": 267,
      "elapsed": 0.00003,
      "return_value": {
        "class": "String",
        "value": "1",
        "object_id": 70165884393040
      }
    }
  ]
}