{
  "version": "1.4",
  "metadata": {
    "app": "nytem-2021/solidus",
    "language": {
      "name": "ruby",
      "engine": "ruby",
      "version": "2.6.6"
    },
    "client": {
      "name": "appmap",
      "url": "https://github.com/applandinc/appmap-ruby",
      "version": "0.41.2"
    },
    "frameworks": [
      {
        "name": "rails",
        "version": "6.0.3.4"
      },
      {
        "name": "rspec",
        "version": "3.10.0"
      }
    ],
    "git": {
      "repository": "git@github.com:land-of-apps/solidus-nytem-2021.git",
      "branch": "main",
      "commit": "438fff939c2893653f43176c17ebb84894b38c20",
      "status": [],
      "git_last_annotated_tag": "v2.10.0.beta1",
      "git_last_tag": "v2.10.0.beta1",
      "git_commits_since_last_annotated_tag": 0,
      "git_commits_since_last_tag": 0
    },
    "name": "Spree::Admin::Users::ApiKeyController #create without ability to manage users and API keys denies access",
    "feature": "Spree::Admin::Users::ApiKeyController #create",
    "feature_group": "Spree admin users api key",
    "recorder": {
      "name": "rspec"
    },
    "fingerprints": [
      {
        "appmap_digest": "87a3569c6b484169a75d487829ae6ac59cbd138f50fc424e6aea4d3c6a48978b",
        "canonicalization_algorithm": "beta_v1_error",
        "digest": "cc6fc83032d178a76e8989fc2e41a2253eb6d9cc319f0b52c1cdb78832595abd",
        "fingerprint_algorithm": "sha256"
      },
      {
        "appmap_digest": "87a3569c6b484169a75d487829ae6ac59cbd138f50fc424e6aea4d3c6a48978b",
        "canonicalization_algorithm": "beta_v1_info",
        "digest": "cc6fc83032d178a76e8989fc2e41a2253eb6d9cc319f0b52c1cdb78832595abd",
        "fingerprint_algorithm": "sha256"
      },
      {
        "appmap_digest": "87a3569c6b484169a75d487829ae6ac59cbd138f50fc424e6aea4d3c6a48978b",
        "canonicalization_algorithm": "beta_v1_debug",
        "digest": "2599cf2966cf1dd8a498a074b63bab294ee8dd4fb925de5310e4492f60b5b24a",
        "fingerprint_algorithm": "sha256"
      }
    ]
  },
  "classMap": [
    {
      "name": "activerecord",
      "type": "package",
      "children": [
        {
          "name": "ActiveRecord",
          "type": "class",
          "children": [
            {
              "name": "Inheritance",
              "type": "class",
              "children": [
                {
                  "name": "ClassMethods",
                  "type": "class",
                  "children": [
                    {
                      "name": "new",
                      "type": "function",
                      "location": "/Users/kgilpin/.rbenv/versions/2.6.6/lib/ruby/gems/2.6.0/gems/activerecord-6.0.3.4/lib/active_record/inheritance.rb:50",
                      "static": true
                    }
                  ]
                }
              ]
            },
            {
              "name": "ModelSchema",
              "type": "class",
              "children": [
                {
                  "name": "ClassMethods",
                  "type": "class",
                  "children": [
                    {
                      "name": "symbol_column_to_string",
                      "type": "function",
                      "location": "/Users/kgilpin/.rbenv/versions/2.6.6/lib/ruby/gems/2.6.0/gems/activerecord-6.0.3.4/lib/active_record/model_schema.rb:407",
                      "static": true
                    }
                  ]
                }
              ]
            },
            {
              "name": "Associations",
              "type": "class",
              "children": [
                {
                  "name": "association",
                  "type": "function",
                  "location": "/Users/kgilpin/.rbenv/versions/2.6.6/lib/ruby/gems/2.6.0/gems/activerecord-6.0.3.4/lib/active_record/associations.rb:230",
                  "static": false
                }
              ]
            },
            {
              "name": "ConnectionAdapters",
              "type": "class",
              "children": [
                {
                  "name": "TransactionManager",
                  "type": "class",
                  "children": [
                    {
                      "name": "commit_transaction",
                      "type": "function",
                      "location": "/Users/kgilpin/.rbenv/versions/2.6.6/lib/ruby/gems/2.6.0/gems/activerecord-6.0.3.4/lib/active_record/connection_adapters/abstract/transaction.rb:254",
                      "static": false
                    }
                  ]
                }
              ]
            },
            {
              "name": "LogSubscriber",
              "type": "class",
              "children": [
                {
                  "name": "reset_runtime",
                  "type": "function",
                  "location": "/Users/kgilpin/.rbenv/versions/2.6.6/lib/ruby/gems/2.6.0/gems/activerecord-6.0.3.4/lib/active_record/log_subscriber.rb:17",
                  "static": true
                }
              ]
            },
            {
              "name": "ConnectionHandling",
              "type": "class",
              "children": [
                {
                  "name": "connected?",
                  "type": "function",
                  "location": "/Users/kgilpin/.rbenv/versions/2.6.6/lib/ruby/gems/2.6.0/gems/activerecord-6.0.3.4/lib/active_record/connection_handling.rb:225",
                  "static": true
                }
              ]
            }
          ]
        }
      ]
    },
    {
      "name": "solidus_core",
      "type": "package",
      "children": [
        {
          "name": "Spree",
          "type": "class",
          "children": [
            {
              "name": "UserMethods",
              "type": "class",
              "children": [
                {
                  "name": "auto_generate_spree_api_key",
                  "type": "function",
                  "location": "/Users/kgilpin/source/land-of-apps/solidus/core/app/models/concerns/spree/user_methods.rb:51",
                  "static": false
                }
              ]
            },
            {
              "name": "AppConfiguration",
              "type": "class",
              "children": [
                {
                  "name": "generate_api_key_for_all_roles",
                  "type": "function",
                  "location": "/Users/kgilpin/source/land-of-apps/solidus/core/lib/spree/preferences/preferable_class_methods.rb:45",
                  "static": false
                },
                {
                  "name": "roles_for_auto_api_key",
                  "type": "function",
                  "location": "/Users/kgilpin/source/land-of-apps/solidus/core/lib/spree/preferences/preferable_class_methods.rb:45",
                  "static": false
                },
                {
                  "name": "preferred_guest_token_cookie_options",
                  "type": "function",
                  "location": "/Users/kgilpin/source/land-of-apps/solidus/core/lib/spree/preferences/preferable_class_methods.rb:45",
                  "static": false
                },
                {
                  "name": "redirect_back_on_unauthorized",
                  "type": "function",
                  "location": "/Users/kgilpin/source/land-of-apps/solidus/core/lib/spree/preferences/preferable_class_methods.rb:45",
                  "static": false
                }
              ]
            },
            {
              "name": "Preferences",
              "type": "class",
              "children": [
                {
                  "name": "Configuration",
                  "type": "class",
                  "children": [
                    {
                      "name": "preferences",
                      "type": "function",
                      "location": "/Users/kgilpin/source/land-of-apps/solidus/core/lib/spree/preferences/configuration.rb:40",
                      "static": false
                    }
                  ]
                },
                {
                  "name": "Preferable",
                  "type": "class",
                  "children": [
                    {
                      "name": "get_preference",
                      "type": "function",
                      "location": "/Users/kgilpin/source/land-of-apps/solidus/core/lib/spree/preferences/preferable.rb:66",
                      "static": false,
                      "labels": [
                        "provider.preferences"
                      ]
                    },
                    {
                      "name": "has_preference!",
                      "type": "function",
                      "location": "/Users/kgilpin/source/land-of-apps/solidus/core/lib/spree/preferences/preferable.rb:96",
                      "static": false
                    },
                    {
                      "name": "has_preference?",
                      "type": "function",
                      "location": "/Users/kgilpin/source/land-of-apps/solidus/core/lib/spree/preferences/preferable.rb:102",
                      "static": false
                    },
                    {
                      "name": "defined_preferences",
                      "type": "function",
                      "location": "/Users/kgilpin/source/land-of-apps/solidus/core/lib/spree/preferences/preferable.rb:107",
                      "static": false
                    }
                  ]
                },
                {
                  "name": "PreferableClassMethods",
                  "type": "class",
                  "children": [
                    {
                      "name": "defined_preferences",
                      "type": "function",
                      "location": "/Users/kgilpin/source/land-of-apps/solidus/core/lib/spree/preferences/preferable_class_methods.rb:17",
                      "static": true
                    },
                    {
                      "name": "preference_getter_method",
                      "type": "function",
                      "location": "/Users/kgilpin/source/land-of-apps/solidus/core/lib/spree/preferences/preferable_class_methods.rb:70",
                      "static": true
                    }
                  ]
                }
              ]
            },
            {
              "name": "Core",
              "type": "class",
              "children": [
                {
                  "name": "ControllerHelpers",
                  "type": "class",
                  "children": [
                    {
                      "name": "Auth",
                      "type": "class",
                      "children": [
                        {
                          "name": "set_guest_token",
                          "type": "function",
                          "location": "/Users/kgilpin/source/land-of-apps/solidus/core/lib/spree/core/controller_helpers/auth.rb:56",
                          "static": false
                        }
                      ]
                    }
                  ]
                }
              ]
            },
            {
              "name": "i18n_available_locales",
              "type": "function",
              "location": "/Users/kgilpin/source/land-of-apps/solidus/core/lib/spree/i18n.rb:8",
              "static": true
            },
            {
              "name": "BackendConfiguration",
              "type": "class",
              "children": [
                {
                  "name": "preferred_locale",
                  "type": "function",
                  "location": "/Users/kgilpin/source/land-of-apps/solidus/core/lib/spree/preferences/preferable_class_methods.rb:45",
                  "static": false
                }
              ]
            }
          ]
        }
      ]
    },
    {
      "name": "action_pack",
      "type": "package",
      "children": [
        {
          "name": "ActionDispatch",
          "type": "class",
          "children": [
            {
              "name": "Cookies",
              "type": "class",
              "children": [
                {
                  "name": "CookieJar",
                  "type": "class",
                  "children": [
                    {
                      "name": "update",
                      "type": "function",
                      "location": "/Users/kgilpin/.rbenv/versions/2.6.6/lib/ruby/gems/2.6.0/gems/actionpack-6.0.3.4/lib/action_dispatch/middleware/cookies.rb:333",
                      "static": false,
                      "labels": [
                        "provider.http.cookie"
                      ]
                    },
                    {
                      "name": "[]=",
                      "type": "function",
                      "location": "/Users/kgilpin/.rbenv/versions/2.6.6/lib/ruby/gems/2.6.0/gems/actionpack-6.0.3.4/lib/action_dispatch/middleware/cookies.rb:373",
                      "static": false,
                      "labels": [
                        "provider.http.cookie"
                      ]
                    }
                  ]
                }
              ]
            }
          ]
        }
      ]
    },
    {
      "name": "carmen",
      "type": "package",
      "children": [
        {
          "name": "Carmen",
          "type": "class",
          "children": [
            {
              "name": "i18n_backend",
              "type": "function",
              "location": "/Users/kgilpin/.rbenv/versions/2.6.6/lib/ruby/gems/2.6.0/gems/carmen-1.1.3/lib/carmen.rb:38",
              "static": true
            }
          ]
        }
      ]
    },
    {
      "name": "cancancan",
      "type": "package",
      "children": [
        {
          "name": "CanCan",
          "type": "class",
          "children": [
            {
              "name": "ControllerAdditions",
              "type": "class",
              "children": [
                {
                  "name": "authorize!",
                  "type": "function",
                  "location": "/Users/kgilpin/.rbenv/versions/2.6.6/lib/ruby/gems/2.6.0/gems/cancancan-3.1.0/lib/cancan/controller_additions.rb:337",
                  "static": false,
                  "labels": [
                    "provider.authorization"
                  ]
                }
              ]
            },
            {
              "name": "Ability",
              "type": "class",
              "children": [
                {
                  "name": "authorize!",
                  "type": "function",
                  "location": "/Users/kgilpin/.rbenv/versions/2.6.6/lib/ruby/gems/2.6.0/gems/cancancan-3.1.0/lib/cancan/ability.rb:176",
                  "static": false,
                  "labels": [
                    "provider.authorization"
                  ]
                },
                {
                  "name": "cannot?",
                  "type": "function",
                  "location": "/Users/kgilpin/.rbenv/versions/2.6.6/lib/ruby/gems/2.6.0/gems/cancancan-3.1.0/lib/cancan/ability.rb:87",
                  "static": false
                },
                {
                  "name": "can?",
                  "type": "function",
                  "location": "/Users/kgilpin/.rbenv/versions/2.6.6/lib/ruby/gems/2.6.0/gems/cancancan-3.1.0/lib/cancan/ability.rb:74",
                  "static": false
                },
                {
                  "name": "Actions",
                  "type": "class",
                  "children": [
                    {
                      "name": "aliased_actions",
                      "type": "function",
                      "location": "/Users/kgilpin/.rbenv/versions/2.6.6/lib/ruby/gems/2.6.0/gems/cancancan-3.1.0/lib/cancan/ability/actions.rb:43",
                      "static": false
                    }
                  ]
                }
              ]
            },
            {
              "name": "UnauthorizedMessageResolver",
              "type": "class",
              "children": [
                {
                  "name": "unauthorized_message",
                  "type": "function",
                  "location": "/Users/kgilpin/.rbenv/versions/2.6.6/lib/ruby/gems/2.6.0/gems/cancancan-3.1.0/lib/cancan/unauthorized_message_resolver.rb:5",
                  "static": false
                },
                {
                  "name": "translate_subject",
                  "type": "function",
                  "location": "/Users/kgilpin/.rbenv/versions/2.6.6/lib/ruby/gems/2.6.0/gems/cancancan-3.1.0/lib/cancan/unauthorized_message_resolver.rb:15",
                  "static": false
                }
              ]
            }
          ]
        }
      ]
    }
  ],
  "events": [
    {
      "id": 143,
      "event": "call",
      "thread_id": 70183062585360,
      "defined_class": "ActiveRecord::Inheritance::ClassMethods",
      "method_id": "new",
      "path": "/Users/kgilpin/.rbenv/versions/2.6.6/lib/ruby/gems/2.6.0/gems/activerecord-6.0.3.4/lib/active_record/inheritance.rb",
      "lineno": 50,
      "static": true,
      "parameters": [
        {
          "name": "attributes",
          "class": "NilClass",
          "object_id": 8,
          "value": null,
          "kind": "opt"
        },
        {
          "name": "block",
          "class": "NilClass",
          "object_id": 8,
          "value": null,
          "kind": "block"
        }
      ],
      "receiver": {
        "class": "Class",
        "object_id": 70183142099340,
        "value": "Spree::LegacyUser"
      }
    },
    {
      "id": 144,
      "event": "return",
      "thread_id": 70183062585360,
      "parent_id": 143,
      "elapsed": 0.000353,
      "return_value": {
        "class": "Spree::LegacyUser",
        "value": "#<Spree::LegacyUser:0x00007fa992dde828>",
        "object_id": 70183145108500
      }
    },
    {
      "id": 145,
      "event": "call",
      "thread_id": 70183062585360,
      "sql_query": {
        "sql": "SAVEPOINT active_record_1",
        "database_type": "sqlite",
        "server_version": "3.33.0"
      }
    },
    {
      "id": 146,
      "event": "return",
      "thread_id": 70183062585360,
      "parent_id": 145,
      "elapsed": 0.000242
    },
    {
      "id": 147,
      "event": "call",
      "thread_id": 70183062585360,
      "sql_query": {
        "sql": "INSERT INTO \"spree_users\" (\"email\", \"created_at\", \"updated_at\") VALUES (?, ?, ?)",
        "database_type": "sqlite",
        "server_version": "3.33.0"
      }
    },
    {
      "id": 148,
      "event": "return",
      "thread_id": 70183062585360,
      "parent_id": 147,
      "elapsed": 0.000595
    },
    {
      "id": 149,
      "event": "call",
      "thread_id": 70183062585360,
      "defined_class": "Spree::UserMethods",
      "method_id": "auto_generate_spree_api_key",
      "path": "/Users/kgilpin/source/land-of-apps/solidus/core/app/models/concerns/spree/user_methods.rb",
      "lineno": 51,
      "static": false,
      "parameters": [],
      "receiver": {
        "class": "Spree::LegacyUser",
        "object_id": 70183145108500,
        "value": "#<Spree::LegacyUser:0x00007fa992dde828>"
      }
    },
    {
      "id": 150,
      "event": "call",
      "thread_id": 70183062585360,
      "defined_class": "ActiveRecord::ModelSchema::ClassMethods",
      "method_id": "symbol_column_to_string",
      "path": "/Users/kgilpin/.rbenv/versions/2.6.6/lib/ruby/gems/2.6.0/gems/activerecord-6.0.3.4/lib/active_record/model_schema.rb",
      "lineno": 407,
      "static": true,
      "parameters": [
        {
          "name": "name_symbol",
          "class": "Symbol",
          "object_id": 12078428,
          "value": "spree_api_key",
          "kind": "req"
        }
      ],
      "receiver": {
        "class": "Class",
        "object_id": 70183142099340,
        "value": "Spree::LegacyUser"
      }
    },
    {
      "id": 151,
      "event": "return",
      "thread_id": 70183062585360,
      "parent_id": 150,
      "elapsed": 0.000007,
      "return_value": {
        "class": "String",
        "value": "spree_api_key",
        "object_id": 70183148782000
      }
    },
    {
      "id": 152,
      "event": "call",
      "thread_id": 70183062585360,
      "defined_class": "Spree::AppConfiguration",
      "method_id": "generate_api_key_for_all_roles",
      "path": "/Users/kgilpin/source/land-of-apps/solidus/core/lib/spree/preferences/preferable_class_methods.rb",
      "lineno": 45,
      "static": false,
      "parameters": [],
      "receiver": {
        "class": "Spree::AppConfiguration",
        "object_id": 70183064889180,
        "value": "#<Spree::AppConfiguration:0x00007fa9894dceb8>"
      }
    },
    {
      "id": 153,
      "event": "call",
      "thread_id": 70183062585360,
      "defined_class": "Spree::Preferences::Configuration",
      "method_id": "preferences",
      "path": "/Users/kgilpin/source/land-of-apps/solidus/core/lib/spree/preferences/configuration.rb",
      "lineno": 40,
      "static": false,
      "parameters": [],
      "receiver": {
        "class": "Spree::AppConfiguration",
        "object_id": 70183064889180,
        "value": "#<Spree::AppConfiguration:0x00007fa9894dceb8>"
      }
    },
    {
      "id": 154,
      "event": "return",
      "thread_id": 70183062585360,
      "parent_id": 153,
      "elapsed": 0.000006,
      "return_value": {
        "class": "Hash",
        "value": "{:address_requires_state=>true, :admin_interface_logo=>\"logo/solidus.svg\", :admin_products_per_page=",
        "object_id": 70183131745900
      }
    },
    {
      "id": 155,
      "event": "return",
      "thread_id": 70183062585360,
      "parent_id": 152,
      "elapsed": 0.000235
    },
    {
      "id": 156,
      "event": "call",
      "thread_id": 70183062585360,
      "defined_class": "ActiveRecord::Associations",
      "method_id": "association",
      "path": "/Users/kgilpin/.rbenv/versions/2.6.6/lib/ruby/gems/2.6.0/gems/activerecord-6.0.3.4/lib/active_record/associations.rb",
      "lineno": 230,
      "static": false,
      "parameters": [
        {
          "name": "name",
          "class": "Symbol",
          "object_id": 8851868,
          "value": "spree_roles",
          "kind": "req"
        }
      ],
      "receiver": {
        "class": "Spree::LegacyUser",
        "object_id": 70183145108500,
        "value": "#<Spree::LegacyUser:0x00007fa992dde828>"
      }
    },
    {
      "id": 157,
      "event": "return",
      "thread_id": 70183062585360,
      "parent_id": 156,
      "elapsed": 0.000299,
      "return_value": {
        "class": "ActiveRecord::Associations::HasManyThroughAssociation",
        "value": "#<ActiveRecord::Associations::HasManyThroughAssociation:0x00007fa9930dcdb8>",
        "object_id": 70183146677980
      }
    },
    {
      "id": 158,
      "event": "call",
      "thread_id": 70183062585360,
      "sql_query": {
        "sql": "SELECT \"spree_roles\".* FROM \"spree_roles\" INNER JOIN \"spree_roles_users\" ON \"spree_roles\".\"id\" = \"spree_roles_users\".\"role_id\" WHERE \"spree_roles_users\".\"user_id\" = ?",
        "database_type": "sqlite",
        "server_version": "3.33.0"
      }
    },
    {
      "id": 159,
      "event": "return",
      "thread_id": 70183062585360,
      "parent_id": 158,
      "elapsed": 0.000166
    },
    {
      "id": 160,
      "event": "call",
      "thread_id": 70183062585360,
      "defined_class": "Spree::AppConfiguration",
      "method_id": "roles_for_auto_api_key",
      "path": "/Users/kgilpin/source/land-of-apps/solidus/core/lib/spree/preferences/preferable_class_methods.rb",
      "lineno": 45,
      "static": false,
      "parameters": [],
      "receiver": {
        "class": "Spree::AppConfiguration",
        "object_id": 70183064889180,
        "value": "#<Spree::AppConfiguration:0x00007fa9894dceb8>"
      }
    },
    {
      "id": 161,
      "event": "call",
      "thread_id": 70183062585360,
      "defined_class": "Spree::Preferences::Configuration",
      "method_id": "preferences",
      "path": "/Users/kgilpin/source/land-of-apps/solidus/core/lib/spree/preferences/configuration.rb",
      "lineno": 40,
      "static": false,
      "parameters": [],
      "receiver": {
        "class": "Spree::AppConfiguration",
        "object_id": 70183064889180,
        "value": "#<Spree::AppConfiguration:0x00007fa9894dceb8>"
      }
    },
    {
      "id": 162,
      "event": "return",
      "thread_id": 70183062585360,
      "parent_id": 161,
      "elapsed": 0.000006,
      "return_value": {
        "class": "Hash",
        "value": "{:address_requires_state=>true, :admin_interface_logo=>\"logo/solidus.svg\", :admin_products_per_page=",
        "object_id": 70183131745900
      }
    },
    {
      "id": 163,
      "event": "return",
      "thread_id": 70183062585360,
      "parent_id": 160,
      "elapsed": 0.0002,
      "return_value": {
        "class": "Array",
        "value": "[\"admin\"]",
        "object_id": 70183131154520
      }
    },
    {
      "id": 164,
      "event": "return",
      "thread_id": 70183062585360,
      "parent_id": 149,
      "elapsed": 0.007485
    },
    {
      "id": 165,
      "event": "call",
      "thread_id": 70183062585360,
      "defined_class": "ActiveRecord::ConnectionAdapters::TransactionManager",
      "method_id": "commit_transaction",
      "path": "/Users/kgilpin/.rbenv/versions/2.6.6/lib/ruby/gems/2.6.0/gems/activerecord-6.0.3.4/lib/active_record/connection_adapters/abstract/transaction.rb",
      "lineno": 254,
      "static": false,
      "parameters": [],
      "receiver": {
        "class": "ActiveRecord::ConnectionAdapters::TransactionManager",
        "object_id": 70183145589060,
        "value": "#<ActiveRecord::ConnectionAdapters::TransactionManager:0x00007fa992ec9288>"
      }
    },
    {
      "id": 166,
      "event": "call",
      "thread_id": 70183062585360,
      "sql_query": {
        "sql": "RELEASE SAVEPOINT active_record_1",
        "database_type": "sqlite",
        "server_version": "3.33.0"
      }
    },
    {
      "id": 167,
      "event": "return",
      "thread_id": 70183062585360,
      "parent_id": 166,
      "elapsed": 0.000131
    },
    {
      "id": 168,
      "event": "return",
      "thread_id": 70183062585360,
      "parent_id": 165,
      "elapsed": 0.003324
    },
    {
      "id": 169,
      "event": "call",
      "thread_id": 70183062585360,
      "defined_class": "ActionDispatch::Cookies::CookieJar",
      "method_id": "update",
      "path": "/Users/kgilpin/.rbenv/versions/2.6.6/lib/ruby/gems/2.6.0/gems/actionpack-6.0.3.4/lib/action_dispatch/middleware/cookies.rb",
      "lineno": 333,
      "static": false,
      "parameters": [
        {
          "name": "other_hash",
          "class": "ActiveSupport::HashWithIndifferentAccess",
          "object_id": 70183144973740,
          "value": "{}",
          "kind": "req"
        }
      ],
      "receiver": {
        "class": "ActionDispatch::Cookies::CookieJar",
        "object_id": 70183148536180,
        "value": "#<ActionDispatch::Cookies::CookieJar:0x00007fa9934682e8>"
      }
    },
    {
      "id": 170,
      "event": "return",
      "thread_id": 70183062585360,
      "parent_id": 169,
      "elapsed": 0.000024,
      "return_value": {
        "class": "ActionDispatch::Cookies::CookieJar",
        "value": "#<ActionDispatch::Cookies::CookieJar:0x00007fa9934682e8>",
        "object_id": 70183148536180
      }
    },
    {
      "id": 171,
      "event": "call",
      "thread_id": 70183062585360,
      "defined_class": "ActionDispatch::Cookies::CookieJar",
      "method_id": "update",
      "path": "/Users/kgilpin/.rbenv/versions/2.6.6/lib/ruby/gems/2.6.0/gems/actionpack-6.0.3.4/lib/action_dispatch/middleware/cookies.rb",
      "lineno": 333,
      "static": false,
      "parameters": [
        {
          "name": "other_hash",
          "class": "ActiveSupport::HashWithIndifferentAccess",
          "object_id": 70183144973740,
          "value": "{}",
          "kind": "req"
        }
      ],
      "receiver": {
        "class": "ActionDispatch::Cookies::CookieJar",
        "object_id": 70183148536180,
        "value": "#<ActionDispatch::Cookies::CookieJar:0x00007fa9934682e8>"
      }
    },
    {
      "id": 172,
      "event": "return",
      "thread_id": 70183062585360,
      "parent_id": 171,
      "elapsed": 0.000008,
      "return_value": {
        "class": "ActionDispatch::Cookies::CookieJar",
        "value": "#<ActionDispatch::Cookies::CookieJar:0x00007fa9934682e8>",
        "object_id": 70183148536180
      }
    },
    {
      "id": 173,
      "event": "call",
      "thread_id": 70183062585360,
      "defined_class": "ActionDispatch::Cookies::CookieJar",
      "method_id": "update",
      "path": "/Users/kgilpin/.rbenv/versions/2.6.6/lib/ruby/gems/2.6.0/gems/actionpack-6.0.3.4/lib/action_dispatch/middleware/cookies.rb",
      "lineno": 333,
      "static": false,
      "parameters": [
        {
          "name": "other_hash",
          "class": "ActiveSupport::HashWithIndifferentAccess",
          "object_id": 70183144973740,
          "value": "{}",
          "kind": "req"
        }
      ],
      "receiver": {
        "class": "ActionDispatch::Cookies::CookieJar",
        "object_id": 70183148556640,
        "value": "#<ActionDispatch::Cookies::CookieJar:0x00007fa9934722c0>"
      }
    },
    {
      "id": 174,
      "event": "return",
      "thread_id": 70183062585360,
      "parent_id": 173,
      "elapsed": 0.000008,
      "return_value": {
        "class": "ActionDispatch::Cookies::CookieJar",
        "value": "#<ActionDispatch::Cookies::CookieJar:0x00007fa9934722c0>",
        "object_id": 70183148556640
      }
    },
    {
      "id": 175,
      "event": "call",
      "thread_id": 70183062585360,
      "defined_class": "ActiveRecord::LogSubscriber",
      "method_id": "reset_runtime",
      "path": "/Users/kgilpin/.rbenv/versions/2.6.6/lib/ruby/gems/2.6.0/gems/activerecord-6.0.3.4/lib/active_record/log_subscriber.rb",
      "lineno": 17,
      "static": true,
      "parameters": [],
      "receiver": {
        "class": "Class",
        "object_id": 70183130397380,
        "value": "ActiveRecord::LogSubscriber"
      }
    },
    {
      "id": 176,
      "event": "return",
      "thread_id": 70183062585360,
      "parent_id": 175,
      "elapsed": 0.000021,
      "return_value": {
        "class": "Float",
        "value": "1.2889999779872596",
        "object_id": -25616475473575936
      }
    },
    {
      "id": 177,
      "event": "call",
      "thread_id": 70183062585360,
      "http_server_request": {
        "request_method": "DELETE",
        "path_info": "/admin/users/1/api_key",
        "normalized_path_info": "/admin/users/:user_id/api_key(.:format)"
      },
      "message": [
        {
          "name": "user_id",
          "class": "String",
          "value": "1",
          "object_id": 70183148576120
        },
        {
          "name": "controller",
          "class": "String",
          "value": "spree/admin/users/api_key",
          "object_id": 70183129722840
        },
        {
          "name": "action",
          "class": "String",
          "value": "destroy",
          "object_id": 70183148536220
        }
      ]
    },
    {
      "id": 178,
      "event": "call",
      "thread_id": 70183062585360,
      "defined_class": "Spree::Core::ControllerHelpers::Auth",
      "method_id": "set_guest_token",
      "path": "/Users/kgilpin/source/land-of-apps/solidus/core/lib/spree/core/controller_helpers/auth.rb",
      "lineno": 56,
      "static": false,
      "parameters": [],
      "receiver": {
        "class": "Spree::Admin::Users::ApiKeyController",
        "object_id": 70183144974380,
        "value": "#<Spree::Admin::Users::ApiKeyController:0x00007fa992d9d058>"
      }
    },
    {
      "id": 179,
      "event": "call",
      "thread_id": 70183062585360,
      "defined_class": "ActionDispatch::Cookies::CookieJar",
      "method_id": "update",
      "path": "/Users/kgilpin/.rbenv/versions/2.6.6/lib/ruby/gems/2.6.0/gems/actionpack-6.0.3.4/lib/action_dispatch/middleware/cookies.rb",
      "lineno": 333,
      "static": false,
      "parameters": [
        {
          "name": "other_hash",
          "class": "Hash",
          "object_id": 70183148605500,
          "value": "{}",
          "kind": "req"
        }
      ],
      "receiver": {
        "class": "ActionDispatch::Cookies::CookieJar",
        "object_id": 70183148605360,
        "value": "#<ActionDispatch::Cookies::CookieJar:0x00007fa993489f60>"
      }
    },
    {
      "id": 180,
      "event": "return",
      "thread_id": 70183062585360,
      "parent_id": 179,
      "elapsed": 0.000007,
      "return_value": {
        "class": "ActionDispatch::Cookies::CookieJar",
        "value": "#<ActionDispatch::Cookies::CookieJar:0x00007fa993489f60>",
        "object_id": 70183148605360
      }
    },
    {
      "id": 181,
      "event": "call",
      "thread_id": 70183062585360,
      "defined_class": "Spree::Preferences::Preferable",
      "method_id": "get_preference",
      "path": "/Users/kgilpin/source/land-of-apps/solidus/core/lib/spree/preferences/preferable.rb",
      "lineno": 66,
      "static": false,
      "parameters": [
        {
          "name": "name",
          "class": "Symbol",
          "object_id": 8554908,
          "value": "guest_token_cookie_options",
          "kind": "req"
        }
      ],
      "receiver": {
        "class": "Spree::AppConfiguration",
        "object_id": 70183064889180,
        "value": "#<Spree::AppConfiguration:0x00007fa9894dceb8>"
      }
    },
    {
      "id": 182,
      "event": "call",
      "thread_id": 70183062585360,
      "defined_class": "Spree::Preferences::Preferable",
      "method_id": "has_preference!",
      "path": "/Users/kgilpin/source/land-of-apps/solidus/core/lib/spree/preferences/preferable.rb",
      "lineno": 96,
      "static": false,
      "parameters": [
        {
          "name": "name",
          "class": "Symbol",
          "object_id": 8554908,
          "value": "guest_token_cookie_options",
          "kind": "req"
        }
      ],
      "receiver": {
        "class": "Spree::AppConfiguration",
        "object_id": 70183064889180,
        "value": "#<Spree::AppConfiguration:0x00007fa9894dceb8>"
      }
    },
    {
      "id": 183,
      "event": "call",
      "thread_id": 70183062585360,
      "defined_class": "Spree::Preferences::Preferable",
      "method_id": "has_preference?",
      "path": "/Users/kgilpin/source/land-of-apps/solidus/core/lib/spree/preferences/preferable.rb",
      "lineno": 102,
      "static": false,
      "parameters": [
        {
          "name": "name",
          "class": "Symbol",
          "object_id": 8554908,
          "value": "guest_token_cookie_options",
          "kind": "req"
        }
      ],
      "receiver": {
        "class": "Spree::AppConfiguration",
        "object_id": 70183064889180,
        "value": "#<Spree::AppConfiguration:0x00007fa9894dceb8>"
      }
    },
    {
      "id": 184,
      "event": "call",
      "thread_id": 70183062585360,
      "defined_class": "Spree::Preferences::Preferable",
      "method_id": "defined_preferences",
      "path": "/Users/kgilpin/source/land-of-apps/solidus/core/lib/spree/preferences/preferable.rb",
      "lineno": 107,
      "static": false,
      "parameters": [],
      "receiver": {
        "class": "Spree::AppConfiguration",
        "object_id": 70183064889180,
        "value": "#<Spree::AppConfiguration:0x00007fa9894dceb8>"
      }
    },
    {
      "id": 185,
      "event": "call",
      "thread_id": 70183062585360,
      "defined_class": "Spree::Preferences::PreferableClassMethods",
      "method_id": "defined_preferences",
      "path": "/Users/kgilpin/source/land-of-apps/solidus/core/lib/spree/preferences/preferable_class_methods.rb",
      "lineno": 17,
      "static": true,
      "parameters": [],
      "receiver": {
        "class": "Class",
        "object_id": 70183130825920,
        "value": "Spree::AppConfiguration"
      }
    },
    {
      "id": 186,
      "event": "return",
      "thread_id": 70183062585360,
      "parent_id": 185,
      "elapsed": 0.000005,
      "return_value": {
        "class": "Array",
        "value": "[]",
        "object_id": 70183148642180
      }
    },
    {
      "id": 187,
      "event": "return",
      "thread_id": 70183062585360,
      "parent_id": 184,
      "elapsed": 0.000096,
      "return_value": {
        "class": "Array",
        "value": "[:address_requires_state, :admin_interface_logo, :admin_products_per_page, :admin_variants_per_page,",
        "object_id": 70183148641760
      }
    },
    {
      "id": 188,
      "event": "return",
      "thread_id": 70183062585360,
      "parent_id": 183,
      "elapsed": 0.000262,
      "return_value": {
        "class": "TrueClass",
        "value": "true",
        "object_id": 20
      }
    },
    {
      "id": 189,
      "event": "return",
      "thread_id": 70183062585360,
      "parent_id": 182,
      "elapsed": 0.000354
    },
    {
      "id": 190,
      "event": "call",
      "thread_id": 70183062585360,
      "defined_class": "Spree::Preferences::PreferableClassMethods",
      "method_id": "preference_getter_method",
      "path": "/Users/kgilpin/source/land-of-apps/solidus/core/lib/spree/preferences/preferable_class_methods.rb",
      "lineno": 70,
      "static": true,
      "parameters": [
        {
          "name": "name",
          "class": "Symbol",
          "object_id": 8554908,
          "value": "guest_token_cookie_options",
          "kind": "req"
        }
      ],
      "receiver": {
        "class": "Class",
        "object_id": 70183130825920,
        "value": "Spree::AppConfiguration"
      }
    },
    {
      "id": 191,
      "event": "return",
      "thread_id": 70183062585360,
      "parent_id": 190,
      "elapsed": 0.000006,
      "return_value": {
        "class": "Symbol",
        "value": "preferred_guest_token_cookie_options",
        "object_id": 70183130896840
      }
    },
    {
      "id": 192,
      "event": "call",
      "thread_id": 70183062585360,
      "defined_class": "Spree::AppConfiguration",
      "method_id": "preferred_guest_token_cookie_options",
      "path": "/Users/kgilpin/source/land-of-apps/solidus/core/lib/spree/preferences/preferable_class_methods.rb",
      "lineno": 45,
      "static": false,
      "parameters": [],
      "receiver": {
        "class": "Spree::AppConfiguration",
        "object_id": 70183064889180,
        "value": "#<Spree::AppConfiguration:0x00007fa9894dceb8>"
      }
    },
    {
      "id": 193,
      "event": "call",
      "thread_id": 70183062585360,
      "defined_class": "Spree::Preferences::Configuration",
      "method_id": "preferences",
      "path": "/Users/kgilpin/source/land-of-apps/solidus/core/lib/spree/preferences/configuration.rb",
      "lineno": 40,
      "static": false,
      "parameters": [],
      "receiver": {
        "class": "Spree::AppConfiguration",
        "object_id": 70183064889180,
        "value": "#<Spree::AppConfiguration:0x00007fa9894dceb8>"
      }
    },
    {
      "id": 194,
      "event": "return",
      "thread_id": 70183062585360,
      "parent_id": 193,
      "elapsed": 0.000008,
      "return_value": {
        "class": "Hash",
        "value": "{:address_requires_state=>true, :admin_interface_logo=>\"logo/solidus.svg\", :admin_products_per_page=",
        "object_id": 70183131745900
      }
    },
    {
      "id": 195,
      "event": "return",
      "thread_id": 70183062585360,
      "parent_id": 192,
      "elapsed": 0.000184,
      "return_value": {
        "class": "Hash",
        "value": "{}",
        "object_id": 70183130897760
      }
    },
    {
      "id": 196,
      "event": "return",
      "thread_id": 70183062585360,
      "parent_id": 181,
      "elapsed": 0.000777,
      "return_value": {
        "class": "Hash",
        "value": "{}",
        "object_id": 70183130897760
      }
    },
    {
      "id": 197,
      "event": "call",
      "thread_id": 70183062585360,
      "defined_class": "ActionDispatch::Cookies::CookieJar",
      "method_id": "[]=",
      "path": "/Users/kgilpin/.rbenv/versions/2.6.6/lib/ruby/gems/2.6.0/gems/actionpack-6.0.3.4/lib/action_dispatch/middleware/cookies.rb",
      "lineno": 373,
      "static": false,
      "parameters": [
        {
          "name": "name",
          "class": "Symbol",
          "object_id": 8800988,
          "value": "guest_token",
          "kind": "req"
        },
        {
          "name": "options",
          "class": "Hash",
          "object_id": 70183148674500,
          "value": "{:value=>\"BAhJIhtnNk9PQU56UjVpOWVBeEZWZXRNaklRBjoGRUY=--4f5ca401af211291795d0bb3d280e6ab06e77078\", :",
          "kind": "req"
        }
      ],
      "receiver": {
        "class": "ActionDispatch::Cookies::CookieJar",
        "object_id": 70183148605360,
        "value": "#<ActionDispatch::Cookies::CookieJar:0x00007fa993489f60>"
      }
    },
    {
      "id": 198,
      "event": "return",
      "thread_id": 70183062585360,
      "parent_id": 197,
      "elapsed": 0.000019,
      "return_value": {
        "class": "String",
        "value": "BAhJIhtnNk9PQU56UjVpOWVBeEZWZXRNaklRBjoGRUY=--4f5ca401af211291795d0bb3d280e6ab06e77078",
        "object_id": 70183148674280
      }
    },
    {
      "id": 199,
      "event": "return",
      "thread_id": 70183062585360,
      "parent_id": 178,
      "elapsed": 0.001442,
      "return_value": {
        "class": "Hash",
        "value": "{:value=>\"BAhJIhtnNk9PQU56UjVpOWVBeEZWZXRNaklRBjoGRUY=--4f5ca401af211291795d0bb3d280e6ab06e77078\", :",
        "object_id": 70183148674500
      }
    },
    {
      "id": 200,
      "event": "call",
      "thread_id": 70183062585360,
      "defined_class": "Spree",
      "method_id": "i18n_available_locales",
      "path": "/Users/kgilpin/source/land-of-apps/solidus/core/lib/spree/i18n.rb",
      "lineno": 8,
      "static": true,
      "parameters": [],
      "receiver": {
        "class": "Module",
        "object_id": 70183075442060,
        "value": "Spree"
      }
    },
    {
      "id": 201,
      "event": "return",
      "thread_id": 70183062585360,
      "parent_id": 200,
      "elapsed": 0.000269,
      "return_value": {
        "class": "Array",
        "value": "[:en]",
        "object_id": 70183148691380
      }
    },
    {
      "id": 202,
      "event": "call",
      "thread_id": 70183062585360,
      "defined_class": "Spree::Preferences::Preferable",
      "method_id": "get_preference",
      "path": "/Users/kgilpin/source/land-of-apps/solidus/core/lib/spree/preferences/preferable.rb",
      "lineno": 66,
      "static": false,
      "parameters": [
        {
          "name": "name",
          "class": "Symbol",
          "object_id": 2696668,
          "value": "locale",
          "kind": "req"
        }
      ],
      "receiver": {
        "class": "Spree::BackendConfiguration",
        "object_id": 70183133001580,
        "value": "#<Spree::BackendConfiguration:0x00007fa9916c6ed8>"
      }
    },
    {
      "id": 203,
      "event": "call",
      "thread_id": 70183062585360,
      "defined_class": "Spree::Preferences::Preferable",
      "method_id": "has_preference!",
      "path": "/Users/kgilpin/source/land-of-apps/solidus/core/lib/spree/preferences/preferable.rb",
      "lineno": 96,
      "static": false,
      "parameters": [
        {
          "name": "name",
          "class": "Symbol",
          "object_id": 2696668,
          "value": "locale",
          "kind": "req"
        }
      ],
      "receiver": {
        "class": "Spree::BackendConfiguration",
        "object_id": 70183133001580,
        "value": "#<Spree::BackendConfiguration:0x00007fa9916c6ed8>"
      }
    },
    {
      "id": 204,
      "event": "call",
      "thread_id": 70183062585360,
      "defined_class": "Spree::Preferences::Preferable",
      "method_id": "has_preference?",
      "path": "/Users/kgilpin/source/land-of-apps/solidus/core/lib/spree/preferences/preferable.rb",
      "lineno": 102,
      "static": false,
      "parameters": [
        {
          "name": "name",
          "class": "Symbol",
          "object_id": 2696668,
          "value": "locale",
          "kind": "req"
        }
      ],
      "receiver": {
        "class": "Spree::BackendConfiguration",
        "object_id": 70183133001580,
        "value": "#<Spree::BackendConfiguration:0x00007fa9916c6ed8>"
      }
    },
    {
      "id": 205,
      "event": "call",
      "thread_id": 70183062585360,
      "defined_class": "Spree::Preferences::Preferable",
      "method_id": "defined_preferences",
      "path": "/Users/kgilpin/source/land-of-apps/solidus/core/lib/spree/preferences/preferable.rb",
      "lineno": 107,
      "static": false,
      "parameters": [],
      "receiver": {
        "class": "Spree::BackendConfiguration",
        "object_id": 70183133001580,
        "value": "#<Spree::BackendConfiguration:0x00007fa9916c6ed8>"
      }
    },
    {
      "id": 206,
      "event": "call",
      "thread_id": 70183062585360,
      "defined_class": "Spree::Preferences::PreferableClassMethods",
      "method_id": "defined_preferences",
      "path": "/Users/kgilpin/source/land-of-apps/solidus/core/lib/spree/preferences/preferable_class_methods.rb",
      "lineno": 17,
      "static": true,
      "parameters": [],
      "receiver": {
        "class": "Class",
        "object_id": 70183132504460,
        "value": "Spree::BackendConfiguration"
      }
    },
    {
      "id": 207,
      "event": "return",
      "thread_id": 70183062585360,
      "parent_id": 206,
      "elapsed": 0.000005,
      "return_value": {
        "class": "Array",
        "value": "[]",
        "object_id": 70183148700080
      }
    },
    {
      "id": 208,
      "event": "return",
      "thread_id": 70183062585360,
      "parent_id": 205,
      "elapsed": 0.00008,
      "return_value": {
        "class": "Array",
        "value": "[:locale, :unfrozen_preference_store]",
        "object_id": 70183148724160
      }
    },
    {
      "id": 209,
      "event": "return",
      "thread_id": 70183062585360,
      "parent_id": 204,
      "elapsed": 0.000153,
      "return_value": {
        "class": "TrueClass",
        "value": "true",
        "object_id": 20
      }
    },
    {
      "id": 210,
      "event": "return",
      "thread_id": 70183062585360,
      "parent_id": 203,
      "elapsed": 0.000231
    },
    {
      "id": 211,
      "event": "call",
      "thread_id": 70183062585360,
      "defined_class": "Spree::Preferences::PreferableClassMethods",
      "method_id": "preference_getter_method",
      "path": "/Users/kgilpin/source/land-of-apps/solidus/core/lib/spree/preferences/preferable_class_methods.rb",
      "lineno": 70,
      "static": true,
      "parameters": [
        {
          "name": "name",
          "class": "Symbol",
          "object_id": 2696668,
          "value": "locale",
          "kind": "req"
        }
      ],
      "receiver": {
        "class": "Class",
        "object_id": 70183132504460,
        "value": "Spree::BackendConfiguration"
      }
    },
    {
      "id": 212,
      "event": "return",
      "thread_id": 70183062585360,
      "parent_id": 211,
      "elapsed": 0.000006,
      "return_value": {
        "class": "Symbol",
        "value": "preferred_locale",
        "object_id": 70183132535740
      }
    },
    {
      "id": 213,
      "event": "call",
      "thread_id": 70183062585360,
      "defined_class": "Spree::BackendConfiguration",
      "method_id": "preferred_locale",
      "path": "/Users/kgilpin/source/land-of-apps/solidus/core/lib/spree/preferences/preferable_class_methods.rb",
      "lineno": 45,
      "static": false,
      "parameters": [],
      "receiver": {
        "class": "Spree::BackendConfiguration",
        "object_id": 70183133001580,
        "value": "#<Spree::BackendConfiguration:0x00007fa9916c6ed8>"
      }
    },
    {
      "id": 214,
      "event": "call",
      "thread_id": 70183062585360,
      "defined_class": "Spree::Preferences::Configuration",
      "method_id": "preferences",
      "path": "/Users/kgilpin/source/land-of-apps/solidus/core/lib/spree/preferences/configuration.rb",
      "lineno": 40,
      "static": false,
      "parameters": [],
      "receiver": {
        "class": "Spree::BackendConfiguration",
        "object_id": 70183133001580,
        "value": "#<Spree::BackendConfiguration:0x00007fa9916c6ed8>"
      }
    },
    {
      "id": 215,
      "event": "return",
      "thread_id": 70183062585360,
      "parent_id": 214,
      "elapsed": 0.000005,
      "return_value": {
        "class": "Hash",
        "value": "{:locale=>:en, :unfrozen_preference_store=>{:locale=>:en, :unfrozen_preference_store=>nil}}",
        "object_id": 70183070665000
      }
    },
    {
      "id": 216,
      "event": "return",
      "thread_id": 70183062585360,
      "parent_id": 213,
      "elapsed": 0.000081,
      "return_value": {
        "class": "Symbol",
        "value": "en",
        "object_id": 2696988
      }
    },
    {
      "id": 217,
      "event": "return",
      "thread_id": 70183062585360,
      "parent_id": 202,
      "elapsed": 0.000524,
      "return_value": {
        "class": "Symbol",
        "value": "en",
        "object_id": 2696988
      }
    },
    {
      "id": 218,
      "event": "call",
      "thread_id": 70183062585360,
      "defined_class": "Carmen",
      "method_id": "i18n_backend",
      "path": "/Users/kgilpin/.rbenv/versions/2.6.6/lib/ruby/gems/2.6.0/gems/carmen-1.1.3/lib/carmen.rb",
      "lineno": 38,
      "static": true,
      "parameters": [],
      "receiver": {
        "class": "Module",
        "object_id": 70183132433540,
        "value": "Carmen"
      }
    },
    {
      "id": 219,
      "event": "return",
      "thread_id": 70183062585360,
      "parent_id": 218,
      "elapsed": 0.000006,
      "return_value": {
        "class": "Carmen::I18n::Simple",
        "value": "#<Carmen::I18n::Simple:0x00007fa9899c4a20>",
        "object_id": 70183067460880
      }
    },
    {
      "id": 220,
      "event": "call",
      "thread_id": 70183062585360,
      "defined_class": "CanCan::ControllerAdditions",
      "method_id": "authorize!",
      "path": "/Users/kgilpin/.rbenv/versions/2.6.6/lib/ruby/gems/2.6.0/gems/cancancan-3.1.0/lib/cancan/controller_additions.rb",
      "lineno": 337,
      "static": false,
      "parameters": [
        {
          "name": "args",
          "class": "Array",
          "object_id": 70183148734740,
          "value": "[:admin, :api_key]",
          "kind": "rest"
        }
      ],
      "receiver": {
        "class": "Spree::Admin::Users::ApiKeyController",
        "object_id": 70183144974380,
        "value": "#<Spree::Admin::Users::ApiKeyController:0x00007fa992d9d058>"
      }
    },
    {
      "id": 221,
      "event": "call",
      "thread_id": 70183062585360,
      "defined_class": "CanCan::Ability",
      "method_id": "authorize!",
      "path": "/Users/kgilpin/.rbenv/versions/2.6.6/lib/ruby/gems/2.6.0/gems/cancancan-3.1.0/lib/cancan/ability.rb",
      "lineno": 176,
      "static": false,
      "parameters": [
        {
          "name": "action",
          "class": "Symbol",
          "object_id": 8584668,
          "value": "admin",
          "kind": "req"
        },
        {
          "name": "subject",
          "class": "Symbol",
          "object_id": 2646748,
          "value": "api_key",
          "kind": "req"
        },
        {
          "name": "args",
          "class": "Array",
          "object_id": 70183148752720,
          "value": "[]",
          "kind": "rest"
        }
      ],
      "receiver": {
        "class": "Object",
        "object_id": 70183145025920,
        "value": "#<#<Class:0x00007fa989fc7f80>:0x00007fa992db6300>"
      }
    },
    {
      "id": 222,
      "event": "call",
      "thread_id": 70183062585360,
      "defined_class": "CanCan::Ability",
      "method_id": "cannot?",
      "path": "/Users/kgilpin/.rbenv/versions/2.6.6/lib/ruby/gems/2.6.0/gems/cancancan-3.1.0/lib/cancan/ability.rb",
      "lineno": 87,
      "static": false,
      "parameters": [
        {
          "name": "args",
          "class": "Array",
          "object_id": 70183148750200,
          "value": "[:admin, :api_key]",
          "kind": "rest"
        }
      ],
      "receiver": {
        "class": "Object",
        "object_id": 70183145025920,
        "value": "#<#<Class:0x00007fa989fc7f80>:0x00007fa992db6300>"
      }
    },
    {
      "id": 223,
      "event": "call",
      "thread_id": 70183062585360,
      "defined_class": "CanCan::Ability",
      "method_id": "can?",
      "path": "/Users/kgilpin/.rbenv/versions/2.6.6/lib/ruby/gems/2.6.0/gems/cancancan-3.1.0/lib/cancan/ability.rb",
      "lineno": 74,
      "static": false,
      "parameters": [
        {
          "name": "action",
          "class": "Symbol",
          "object_id": 8584668,
          "value": "admin",
          "kind": "req"
        },
        {
          "name": "subject",
          "class": "Symbol",
          "object_id": 2646748,
          "value": "api_key",
          "kind": "req"
        },
        {
          "name": "attribute",
          "class": "NilClass",
          "object_id": 8,
          "value": null,
          "kind": "opt"
        },
        {
          "name": "extra_args",
          "class": "NilClass",
          "object_id": 8,
          "value": null,
          "kind": "rest"
        }
      ],
      "receiver": {
        "class": "Object",
        "object_id": 70183145025920,
        "value": "#<#<Class:0x00007fa989fc7f80>:0x00007fa992db6300>"
      }
    },
    {
      "id": 224,
      "event": "return",
      "thread_id": 70183062585360,
      "parent_id": 223,
      "elapsed": 0.000039
    },
    {
      "id": 225,
      "event": "return",
      "thread_id": 70183062585360,
      "parent_id": 222,
      "elapsed": 0.001571,
      "return_value": {
        "class": "TrueClass",
        "value": "true",
        "object_id": 20
      }
    },
    {
      "id": 226,
      "event": "call",
      "thread_id": 70183062585360,
      "defined_class": "CanCan::UnauthorizedMessageResolver",
      "method_id": "unauthorized_message",
      "path": "/Users/kgilpin/.rbenv/versions/2.6.6/lib/ruby/gems/2.6.0/gems/cancancan-3.1.0/lib/cancan/unauthorized_message_resolver.rb",
      "lineno": 5,
      "static": false,
      "parameters": [
        {
          "name": "action",
          "class": "Symbol",
          "object_id": 8584668,
          "value": "admin",
          "kind": "req"
        },
        {
          "name": "subject",
          "class": "Symbol",
          "object_id": 2646748,
          "value": "api_key",
          "kind": "req"
        }
      ],
      "receiver": {
        "class": "Object",
        "object_id": 70183145025920,
        "value": "#<#<Class:0x00007fa989fc7f80>:0x00007fa992db6300>"
      }
    },
    {
      "id": 227,
      "event": "call",
      "thread_id": 70183062585360,
      "defined_class": "CanCan::Ability::Actions",
      "method_id": "aliased_actions",
      "path": "/Users/kgilpin/.rbenv/versions/2.6.6/lib/ruby/gems/2.6.0/gems/cancancan-3.1.0/lib/cancan/ability/actions.rb",
      "lineno": 43,
      "static": false,
      "parameters": [],
      "receiver": {
        "class": "Object",
        "object_id": 70183145025920,
        "value": "#<#<Class:0x00007fa989fc7f80>:0x00007fa992db6300>"
      }
    },
    {
      "id": 228,
      "event": "return",
      "thread_id": 70183062585360,
      "parent_id": 227,
      "elapsed": 0.000011,
      "return_value": {
        "class": "Hash",
        "value": "{:read=>[:index, :show], :create=>[:new], :update=>[:edit]}",
        "object_id": 70183148788600
      }
    },
    {
      "id": 229,
      "event": "call",
      "thread_id": 70183062585360,
      "defined_class": "CanCan::UnauthorizedMessageResolver",
      "method_id": "translate_subject",
      "path": "/Users/kgilpin/.rbenv/versions/2.6.6/lib/ruby/gems/2.6.0/gems/cancancan-3.1.0/lib/cancan/unauthorized_message_resolver.rb",
      "lineno": 15,
      "static": false,
      "parameters": [
        {
          "name": "subject",
          "class": "Symbol",
          "object_id": 2646748,
          "value": "api_key",
          "kind": "req"
        }
      ],
      "receiver": {
        "class": "Object",
        "object_id": 70183145025920,
        "value": "#<#<Class:0x00007fa989fc7f80>:0x00007fa992db6300>"
      }
    },
    {
      "id": 230,
      "event": "return",
      "thread_id": 70183062585360,
      "parent_id": 229,
      "elapsed": 0.000053,
      "return_value": {
        "class": "String",
        "value": "symbol",
        "object_id": 70183148783200
      }
    },
    {
      "id": 231,
      "event": "return",
      "thread_id": 70183062585360,
      "parent_id": 226,
      "elapsed": 0.003068
    },
    {
      "id": 232,
      "event": "return",
      "thread_id": 70183062585360,
      "parent_id": 221,
      "elapsed": 0.008103,
      "exceptions": [
        {
          "class": "CanCan::AccessDenied",
          "message": "You are not authorized to access this page.",
          "object_id": 70183148803160,
          "path": "/Users/kgilpin/.rbenv/versions/2.6.6/lib/ruby/gems/2.6.0/gems/cancancan-3.1.0/lib/cancan/ability.rb",
          "lineno": 180
        }
      ]
    },
    {
      "id": 233,
      "event": "return",
      "thread_id": 70183062585360,
      "parent_id": 220,
      "elapsed": 0.011369,
      "exceptions": [
        {
          "class": "CanCan::AccessDenied",
          "message": "You are not authorized to access this page.",
          "object_id": 70183148803160,
          "path": "/Users/kgilpin/.rbenv/versions/2.6.6/lib/ruby/gems/2.6.0/gems/cancancan-3.1.0/lib/cancan/ability.rb",
          "lineno": 180
        }
      ]
    },
    {
      "id": 234,
      "event": "call",
      "thread_id": 70183062585360,
      "defined_class": "Spree::AppConfiguration",
      "method_id": "redirect_back_on_unauthorized",
      "path": "/Users/kgilpin/source/land-of-apps/solidus/core/lib/spree/preferences/preferable_class_methods.rb",
      "lineno": 45,
      "static": false,
      "parameters": [],
      "receiver": {
        "class": "Spree::AppConfiguration",
        "object_id": 70183064889180,
        "value": "#<Spree::AppConfiguration:0x00007fa9894dceb8>"
      }
    },
    {
      "id": 235,
      "event": "call",
      "thread_id": 70183062585360,
      "defined_class": "Spree::Preferences::Configuration",
      "method_id": "preferences",
      "path": "/Users/kgilpin/source/land-of-apps/solidus/core/lib/spree/preferences/configuration.rb",
      "lineno": 40,
      "static": false,
      "parameters": [],
      "receiver": {
        "class": "Spree::AppConfiguration",
        "object_id": 70183064889180,
        "value": "#<Spree::AppConfiguration:0x00007fa9894dceb8>"
      }
    },
    {
      "id": 236,
      "event": "return",
      "thread_id": 70183062585360,
      "parent_id": 235,
      "elapsed": 0.000006,
      "return_value": {
        "class": "Hash",
        "value": "{:address_requires_state=>true, :admin_interface_logo=>\"logo/solidus.svg\", :admin_products_per_page=",
        "object_id": 70183131745900
      }
    },
    {
      "id": 237,
      "event": "return",
      "thread_id": 70183062585360,
      "parent_id": 234,
      "elapsed": 0.000229,
      "return_value": {
        "class": "TrueClass",
        "value": "true",
        "object_id": 20
      }
    },
    {
      "id": 238,
      "event": "call",
      "thread_id": 70183062585360,
      "defined_class": "ActiveRecord::ConnectionHandling",
      "method_id": "connected?",
      "path": "/Users/kgilpin/.rbenv/versions/2.6.6/lib/ruby/gems/2.6.0/gems/activerecord-6.0.3.4/lib/active_record/connection_handling.rb",
      "lineno": 225,
      "static": true,
      "parameters": [],
      "receiver": {
        "class": "Class",
        "object_id": 70183064466740,
        "value": "ActiveRecord::Base"
      }
    },
    {
      "id": 239,
      "event": "return",
      "thread_id": 70183062585360,
      "parent_id": 238,
      "elapsed": 0.000051,
      "return_value": {
        "class": "TrueClass",
        "value": "true",
        "object_id": 20
      }
    },
    {
      "id": 240,
      "event": "return",
      "thread_id": 70183062585360,
      "parent_id": 177,
      "elapsed": 0.015518,
      "http_server_response": {
        "status": 302
      }
    },
    {
      "id": 241,
      "event": "call",
      "thread_id": 70183062585360,
      "defined_class": "ActionDispatch::Cookies::CookieJar",
      "method_id": "update",
      "path": "/Users/kgilpin/.rbenv/versions/2.6.6/lib/ruby/gems/2.6.0/gems/actionpack-6.0.3.4/lib/action_dispatch/middleware/cookies.rb",
      "lineno": 333,
      "static": false,
      "parameters": [
        {
          "name": "other_hash",
          "class": "Hash",
          "object_id": 70183148605280,
          "value": "{\"guest_token\"=>\"BAhJIhtnNk9PQU56UjVpOWVBeEZWZXRNaklRBjoGRUY=--4f5ca401af211291795d0bb3d280e6ab06e77",
          "kind": "req"
        }
      ],
      "receiver": {
        "class": "ActionDispatch::Cookies::CookieJar",
        "object_id": 70183148536180,
        "value": "#<ActionDispatch::Cookies::CookieJar:0x00007fa9934682e8>"
      }
    },
    {
      "id": 242,
      "event": "return",
      "thread_id": 70183062585360,
      "parent_id": 241,
      "elapsed": 0.000007,
      "return_value": {
        "class": "ActionDispatch::Cookies::CookieJar",
        "value": "#<ActionDispatch::Cookies::CookieJar:0x00007fa9934682e8>",
        "object_id": 70183148536180
      }
    }
  ]
}