{
  "version": "1.4",
  "metadata": {
    "app": "nytem-2021/solidus",
    "language": {
      "name": "ruby",
      "engine": "ruby",
      "version": "2.6.6"
    },
    "client": {
      "name": "appmap",
      "url": "https://github.com/applandinc/appmap-ruby",
      "version": "0.41.2"
    },
    "frameworks": [
      {
        "name": "rails",
        "version": "6.0.3.4"
      },
      {
        "name": "rspec",
        "version": "3.10.0"
      }
    ],
    "git": {
      "repository": "git@github.com:land-of-apps/solidus-nytem-2021.git",
      "branch": "optimize-user-creation",
      "commit": "2e8526f32b87458b385bdd558c9be40ab86df09f",
      "status": [
        "M app/controllers/spree/admin/users_controller.rb",
        "?? ../appmaps.zip"
      ],
      "git_last_annotated_tag": "v2.10.0.beta1",
      "git_last_tag": "v2.10.0.beta1",
      "git_commits_since_last_annotated_tag": 0,
      "git_commits_since_last_tag": 0
    },
    "name": "Spree::Admin::UsersController #authorize_admin without ability to admin users denies access",
    "feature": "Spree::Admin::UsersController #authorize_admin",
    "feature_group": "Spree admin users",
    "recorder": {
      "name": "rspec"
    },
    "fingerprints": [
      {
        "appmap_digest": "902a3dec9cf6609a5e4a6a7ddbd7e44f4b05ba99b36974df76b8bd03264352ba",
        "canonicalization_algorithm": "beta_v1_error",
        "digest": "e6fdf8100351e7ac535f79569efddd9f12707a1655cd70c41b9dedd57cb0189c",
        "fingerprint_algorithm": "sha256"
      },
      {
        "appmap_digest": "902a3dec9cf6609a5e4a6a7ddbd7e44f4b05ba99b36974df76b8bd03264352ba",
        "canonicalization_algorithm": "beta_v1_info",
        "digest": "e6fdf8100351e7ac535f79569efddd9f12707a1655cd70c41b9dedd57cb0189c",
        "fingerprint_algorithm": "sha256"
      },
      {
        "appmap_digest": "902a3dec9cf6609a5e4a6a7ddbd7e44f4b05ba99b36974df76b8bd03264352ba",
        "canonicalization_algorithm": "beta_v1_debug",
        "digest": "ee08aa49fff2aca027bb151ed48db59b246aee70c908b700a25e069614274ef8",
        "fingerprint_algorithm": "sha256"
      }
    ]
  },
  "classMap": [
    {
      "name": "action_pack",
      "type": "package",
      "children": [
        {
          "name": "ActionDispatch",
          "type": "class",
          "children": [
            {
              "name": "Cookies",
              "type": "class",
              "children": [
                {
                  "name": "CookieJar",
                  "type": "class",
                  "children": [
                    {
                      "name": "update",
                      "type": "function",
                      "location": "/Users/kgilpin/.rbenv/versions/2.6.6/lib/ruby/gems/2.6.0/gems/actionpack-6.0.3.4/lib/action_dispatch/middleware/cookies.rb:333",
                      "static": false,
                      "labels": [
                        "provider.http.cookie"
                      ]
                    },
                    {
                      "name": "[]=",
                      "type": "function",
                      "location": "/Users/kgilpin/.rbenv/versions/2.6.6/lib/ruby/gems/2.6.0/gems/actionpack-6.0.3.4/lib/action_dispatch/middleware/cookies.rb:373",
                      "static": false,
                      "labels": [
                        "provider.http.cookie"
                      ]
                    }
                  ]
                }
              ]
            }
          ]
        }
      ]
    },
    {
      "name": "activerecord",
      "type": "package",
      "children": [
        {
          "name": "ActiveRecord",
          "type": "class",
          "children": [
            {
              "name": "LogSubscriber",
              "type": "class",
              "children": [
                {
                  "name": "reset_runtime",
                  "type": "function",
                  "location": "/Users/kgilpin/.rbenv/versions/2.6.6/lib/ruby/gems/2.6.0/gems/activerecord-6.0.3.4/lib/active_record/log_subscriber.rb:17",
                  "static": true
                }
              ]
            },
            {
              "name": "Translation",
              "type": "class",
              "children": [
                {
                  "name": "lookup_ancestors",
                  "type": "function",
                  "location": "/Users/kgilpin/.rbenv/versions/2.6.6/lib/ruby/gems/2.6.0/gems/activerecord-6.0.3.4/lib/active_record/translation.rb:8",
                  "static": true
                },
                {
                  "name": "i18n_scope",
                  "type": "function",
                  "location": "/Users/kgilpin/.rbenv/versions/2.6.6/lib/ruby/gems/2.6.0/gems/activerecord-6.0.3.4/lib/active_record/translation.rb:20",
                  "static": true
                }
              ]
            },
            {
              "name": "ConnectionHandling",
              "type": "class",
              "children": [
                {
                  "name": "connected?",
                  "type": "function",
                  "location": "/Users/kgilpin/.rbenv/versions/2.6.6/lib/ruby/gems/2.6.0/gems/activerecord-6.0.3.4/lib/active_record/connection_handling.rb:225",
                  "static": true
                }
              ]
            }
          ]
        }
      ]
    },
    {
      "name": "solidus_core",
      "type": "package",
      "children": [
        {
          "name": "Spree",
          "type": "class",
          "children": [
            {
              "name": "Core",
              "type": "class",
              "children": [
                {
                  "name": "ControllerHelpers",
                  "type": "class",
                  "children": [
                    {
                      "name": "Auth",
                      "type": "class",
                      "children": [
                        {
                          "name": "set_guest_token",
                          "type": "function",
                          "location": "/Users/kgilpin/source/land-of-apps/solidus/core/lib/spree/core/controller_helpers/auth.rb:56",
                          "static": false
                        }
                      ]
                    }
                  ]
                }
              ]
            },
            {
              "name": "Preferences",
              "type": "class",
              "children": [
                {
                  "name": "Preferable",
                  "type": "class",
                  "children": [
                    {
                      "name": "get_preference",
                      "type": "function",
                      "location": "/Users/kgilpin/source/land-of-apps/solidus/core/lib/spree/preferences/preferable.rb:66",
                      "static": false,
                      "labels": [
                        "provider.preferences"
                      ]
                    },
                    {
                      "name": "has_preference!",
                      "type": "function",
                      "location": "/Users/kgilpin/source/land-of-apps/solidus/core/lib/spree/preferences/preferable.rb:96",
                      "static": false
                    },
                    {
                      "name": "has_preference?",
                      "type": "function",
                      "location": "/Users/kgilpin/source/land-of-apps/solidus/core/lib/spree/preferences/preferable.rb:102",
                      "static": false
                    },
                    {
                      "name": "defined_preferences",
                      "type": "function",
                      "location": "/Users/kgilpin/source/land-of-apps/solidus/core/lib/spree/preferences/preferable.rb:107",
                      "static": false
                    }
                  ]
                },
                {
                  "name": "PreferableClassMethods",
                  "type": "class",
                  "children": [
                    {
                      "name": "defined_preferences",
                      "type": "function",
                      "location": "/Users/kgilpin/source/land-of-apps/solidus/core/lib/spree/preferences/preferable_class_methods.rb:17",
                      "static": true
                    },
                    {
                      "name": "preference_getter_method",
                      "type": "function",
                      "location": "/Users/kgilpin/source/land-of-apps/solidus/core/lib/spree/preferences/preferable_class_methods.rb:70",
                      "static": true
                    }
                  ]
                },
                {
                  "name": "Configuration",
                  "type": "class",
                  "children": [
                    {
                      "name": "preferences",
                      "type": "function",
                      "location": "/Users/kgilpin/source/land-of-apps/solidus/core/lib/spree/preferences/configuration.rb:40",
                      "static": false
                    }
                  ]
                }
              ]
            },
            {
              "name": "AppConfiguration",
              "type": "class",
              "children": [
                {
                  "name": "preferred_guest_token_cookie_options",
                  "type": "function",
                  "location": "/Users/kgilpin/source/land-of-apps/solidus/core/lib/spree/preferences/preferable_class_methods.rb:45",
                  "static": false
                },
                {
                  "name": "redirect_back_on_unauthorized",
                  "type": "function",
                  "location": "/Users/kgilpin/source/land-of-apps/solidus/core/lib/spree/preferences/preferable_class_methods.rb:45",
                  "static": false
                }
              ]
            },
            {
              "name": "i18n_available_locales",
              "type": "function",
              "location": "/Users/kgilpin/source/land-of-apps/solidus/core/lib/spree/i18n.rb:8",
              "static": true
            },
            {
              "name": "BackendConfiguration",
              "type": "class",
              "children": [
                {
                  "name": "preferred_locale",
                  "type": "function",
                  "location": "/Users/kgilpin/source/land-of-apps/solidus/core/lib/spree/preferences/preferable_class_methods.rb:45",
                  "static": false
                }
              ]
            },
            {
              "name": "user_class",
              "type": "function",
              "location": "/Users/kgilpin/source/land-of-apps/solidus/core/lib/spree/core.rb:26",
              "static": true
            },
            {
              "name": "LegacyUser",
              "type": "class",
              "children": [
                {
                  "name": "model_name",
                  "type": "function",
                  "location": "/Users/kgilpin/source/land-of-apps/solidus/core/app/models/spree/legacy_user.rb:13",
                  "static": true
                }
              ]
            }
          ]
        }
      ]
    },
    {
      "name": "carmen",
      "type": "package",
      "children": [
        {
          "name": "Carmen",
          "type": "class",
          "children": [
            {
              "name": "i18n_backend",
              "type": "function",
              "location": "/Users/kgilpin/.rbenv/versions/2.6.6/lib/ruby/gems/2.6.0/gems/carmen-1.1.3/lib/carmen.rb:38",
              "static": true
            }
          ]
        }
      ]
    },
    {
      "name": "app/controllers",
      "type": "package",
      "children": [
        {
          "name": "Spree",
          "type": "class",
          "children": [
            {
              "name": "Admin",
              "type": "class",
              "children": [
                {
                  "name": "UsersController",
                  "type": "class",
                  "children": [
                    {
                      "name": "model_class",
                      "type": "function",
                      "location": "app/controllers/spree/admin/users_controller.rb:119",
                      "static": false
                    }
                  ]
                }
              ]
            }
          ]
        }
      ]
    },
    {
      "name": "cancancan",
      "type": "package",
      "children": [
        {
          "name": "CanCan",
          "type": "class",
          "children": [
            {
              "name": "ControllerAdditions",
              "type": "class",
              "children": [
                {
                  "name": "authorize!",
                  "type": "function",
                  "location": "/Users/kgilpin/.rbenv/versions/2.6.6/lib/ruby/gems/2.6.0/gems/cancancan-3.1.0/lib/cancan/controller_additions.rb:337",
                  "static": false,
                  "labels": [
                    "provider.authorization"
                  ]
                }
              ]
            },
            {
              "name": "Ability",
              "type": "class",
              "children": [
                {
                  "name": "authorize!",
                  "type": "function",
                  "location": "/Users/kgilpin/.rbenv/versions/2.6.6/lib/ruby/gems/2.6.0/gems/cancancan-3.1.0/lib/cancan/ability.rb:176",
                  "static": false,
                  "labels": [
                    "provider.authorization"
                  ]
                },
                {
                  "name": "cannot?",
                  "type": "function",
                  "location": "/Users/kgilpin/.rbenv/versions/2.6.6/lib/ruby/gems/2.6.0/gems/cancancan-3.1.0/lib/cancan/ability.rb:87",
                  "static": false
                },
                {
                  "name": "can?",
                  "type": "function",
                  "location": "/Users/kgilpin/.rbenv/versions/2.6.6/lib/ruby/gems/2.6.0/gems/cancancan-3.1.0/lib/cancan/ability.rb:74",
                  "static": false
                },
                {
                  "name": "Actions",
                  "type": "class",
                  "children": [
                    {
                      "name": "aliased_actions",
                      "type": "function",
                      "location": "/Users/kgilpin/.rbenv/versions/2.6.6/lib/ruby/gems/2.6.0/gems/cancancan-3.1.0/lib/cancan/ability/actions.rb:43",
                      "static": false
                    }
                  ]
                }
              ]
            },
            {
              "name": "UnauthorizedMessageResolver",
              "type": "class",
              "children": [
                {
                  "name": "unauthorized_message",
                  "type": "function",
                  "location": "/Users/kgilpin/.rbenv/versions/2.6.6/lib/ruby/gems/2.6.0/gems/cancancan-3.1.0/lib/cancan/unauthorized_message_resolver.rb:5",
                  "static": false
                },
                {
                  "name": "translate_subject",
                  "type": "function",
                  "location": "/Users/kgilpin/.rbenv/versions/2.6.6/lib/ruby/gems/2.6.0/gems/cancancan-3.1.0/lib/cancan/unauthorized_message_resolver.rb:15",
                  "static": false
                }
              ]
            }
          ]
        }
      ]
    }
  ],
  "events": [
    {
      "id": 1127,
      "event": "call",
      "thread_id": 70165874327560,
      "defined_class": "ActionDispatch::Cookies::CookieJar",
      "method_id": "update",
      "path": "/Users/kgilpin/.rbenv/versions/2.6.6/lib/ruby/gems/2.6.0/gems/actionpack-6.0.3.4/lib/action_dispatch/middleware/cookies.rb",
      "lineno": 333,
      "static": false,
      "parameters": [
        {
          "name": "other_hash",
          "class": "ActiveSupport::HashWithIndifferentAccess",
          "object_id": 70165886006840,
          "value": "{}",
          "kind": "req"
        }
      ],
      "receiver": {
        "class": "ActionDispatch::Cookies::CookieJar",
        "object_id": 70165886040100,
        "value": "#<ActionDispatch::Cookies::CookieJar:0x00007fa1896cf048>"
      }
    },
    {
      "id": 1128,
      "event": "return",
      "thread_id": 70165874327560,
      "parent_id": 1127,
      "elapsed": 0.000013,
      "return_value": {
        "class": "ActionDispatch::Cookies::CookieJar",
        "value": "#<ActionDispatch::Cookies::CookieJar:0x00007fa1896cf048>",
        "object_id": 70165886040100
      }
    },
    {
      "id": 1129,
      "event": "call",
      "thread_id": 70165874327560,
      "defined_class": "ActionDispatch::Cookies::CookieJar",
      "method_id": "update",
      "path": "/Users/kgilpin/.rbenv/versions/2.6.6/lib/ruby/gems/2.6.0/gems/actionpack-6.0.3.4/lib/action_dispatch/middleware/cookies.rb",
      "lineno": 333,
      "static": false,
      "parameters": [
        {
          "name": "other_hash",
          "class": "ActiveSupport::HashWithIndifferentAccess",
          "object_id": 70165886006840,
          "value": "{}",
          "kind": "req"
        }
      ],
      "receiver": {
        "class": "ActionDispatch::Cookies::CookieJar",
        "object_id": 70165886040100,
        "value": "#<ActionDispatch::Cookies::CookieJar:0x00007fa1896cf048>"
      }
    },
    {
      "id": 1130,
      "event": "return",
      "thread_id": 70165874327560,
      "parent_id": 1129,
      "elapsed": 0.000008,
      "return_value": {
        "class": "ActionDispatch::Cookies::CookieJar",
        "value": "#<ActionDispatch::Cookies::CookieJar:0x00007fa1896cf048>",
        "object_id": 70165886040100
      }
    },
    {
      "id": 1131,
      "event": "call",
      "thread_id": 70165874327560,
      "defined_class": "ActionDispatch::Cookies::CookieJar",
      "method_id": "update",
      "path": "/Users/kgilpin/.rbenv/versions/2.6.6/lib/ruby/gems/2.6.0/gems/actionpack-6.0.3.4/lib/action_dispatch/middleware/cookies.rb",
      "lineno": 333,
      "static": false,
      "parameters": [
        {
          "name": "other_hash",
          "class": "ActiveSupport::HashWithIndifferentAccess",
          "object_id": 70165886006840,
          "value": "{}",
          "kind": "req"
        }
      ],
      "receiver": {
        "class": "ActionDispatch::Cookies::CookieJar",
        "object_id": 70165886054680,
        "value": "#<ActionDispatch::Cookies::CookieJar:0x00007fa1896d6230>"
      }
    },
    {
      "id": 1132,
      "event": "return",
      "thread_id": 70165874327560,
      "parent_id": 1131,
      "elapsed": 0.000007,
      "return_value": {
        "class": "ActionDispatch::Cookies::CookieJar",
        "value": "#<ActionDispatch::Cookies::CookieJar:0x00007fa1896d6230>",
        "object_id": 70165886054680
      }
    },
    {
      "id": 1133,
      "event": "call",
      "thread_id": 70165874327560,
      "defined_class": "ActiveRecord::LogSubscriber",
      "method_id": "reset_runtime",
      "path": "/Users/kgilpin/.rbenv/versions/2.6.6/lib/ruby/gems/2.6.0/gems/activerecord-6.0.3.4/lib/active_record/log_subscriber.rb",
      "lineno": 17,
      "static": true,
      "parameters": [],
      "receiver": {
        "class": "Class",
        "object_id": 70165954743940,
        "value": "ActiveRecord::LogSubscriber"
      }
    },
    {
      "id": 1134,
      "event": "return",
      "thread_id": 70165874327560,
      "parent_id": 1133,
      "elapsed": 0.000015,
      "return_value": {
        "class": "Float",
        "value": "0.10000000474974513",
        "object_id": -158526704145399800
      }
    },
    {
      "id": 1135,
      "event": "call",
      "thread_id": 70165874327560,
      "http_server_request": {
        "request_method": "POST",
        "path_info": "/admin/users",
        "normalized_path_info": "/admin/users(.:format)"
      },
      "message": [
        {
          "name": "controller",
          "class": "String",
          "value": "spree/admin/users",
          "object_id": 70165956485240
        },
        {
          "name": "action",
          "class": "String",
          "value": "index",
          "object_id": 70165886040180
        }
      ]
    },
    {
      "id": 1136,
      "event": "call",
      "thread_id": 70165874327560,
      "defined_class": "Spree::Core::ControllerHelpers::Auth",
      "method_id": "set_guest_token",
      "path": "/Users/kgilpin/source/land-of-apps/solidus/core/lib/spree/core/controller_helpers/auth.rb",
      "lineno": 56,
      "static": false,
      "parameters": [],
      "receiver": {
        "class": "Spree::Admin::UsersController",
        "object_id": 70165886007020,
        "value": "#<Spree::Admin::UsersController:0x00007fa1896bedd8>"
      }
    },
    {
      "id": 1137,
      "event": "call",
      "thread_id": 70165874327560,
      "defined_class": "ActionDispatch::Cookies::CookieJar",
      "method_id": "update",
      "path": "/Users/kgilpin/.rbenv/versions/2.6.6/lib/ruby/gems/2.6.0/gems/actionpack-6.0.3.4/lib/action_dispatch/middleware/cookies.rb",
      "lineno": 333,
      "static": false,
      "parameters": [
        {
          "name": "other_hash",
          "class": "Hash",
          "object_id": 70165886169260,
          "value": "{}",
          "kind": "req"
        }
      ],
      "receiver": {
        "class": "ActionDispatch::Cookies::CookieJar",
        "object_id": 70165886168780,
        "value": "#<ActionDispatch::Cookies::CookieJar:0x00007fa18970dd98>"
      }
    },
    {
      "id": 1138,
      "event": "return",
      "thread_id": 70165874327560,
      "parent_id": 1137,
      "elapsed": 0.000006,
      "return_value": {
        "class": "ActionDispatch::Cookies::CookieJar",
        "value": "#<ActionDispatch::Cookies::CookieJar:0x00007fa18970dd98>",
        "object_id": 70165886168780
      }
    },
    {
      "id": 1139,
      "event": "call",
      "thread_id": 70165874327560,
      "defined_class": "Spree::Preferences::Preferable",
      "method_id": "get_preference",
      "path": "/Users/kgilpin/source/land-of-apps/solidus/core/lib/spree/preferences/preferable.rb",
      "lineno": 66,
      "static": false,
      "parameters": [
        {
          "name": "name",
          "class": "Symbol",
          "object_id": 8554908,
          "value": "guest_token_cookie_options",
          "kind": "req"
        }
      ],
      "receiver": {
        "class": "Spree::AppConfiguration",
        "object_id": 70165880790920,
        "value": "#<Spree::AppConfiguration:0x00007fa188ccbf10>"
      }
    },
    {
      "id": 1140,
      "event": "call",
      "thread_id": 70165874327560,
      "defined_class": "Spree::Preferences::Preferable",
      "method_id": "has_preference!",
      "path": "/Users/kgilpin/source/land-of-apps/solidus/core/lib/spree/preferences/preferable.rb",
      "lineno": 96,
      "static": false,
      "parameters": [
        {
          "name": "name",
          "class": "Symbol",
          "object_id": 8554908,
          "value": "guest_token_cookie_options",
          "kind": "req"
        }
      ],
      "receiver": {
        "class": "Spree::AppConfiguration",
        "object_id": 70165880790920,
        "value": "#<Spree::AppConfiguration:0x00007fa188ccbf10>"
      }
    },
    {
      "id": 1141,
      "event": "call",
      "thread_id": 70165874327560,
      "defined_class": "Spree::Preferences::Preferable",
      "method_id": "has_preference?",
      "path": "/Users/kgilpin/source/land-of-apps/solidus/core/lib/spree/preferences/preferable.rb",
      "lineno": 102,
      "static": false,
      "parameters": [
        {
          "name": "name",
          "class": "Symbol",
          "object_id": 8554908,
          "value": "guest_token_cookie_options",
          "kind": "req"
        }
      ],
      "receiver": {
        "class": "Spree::AppConfiguration",
        "object_id": 70165880790920,
        "value": "#<Spree::AppConfiguration:0x00007fa188ccbf10>"
      }
    },
    {
      "id": 1142,
      "event": "call",
      "thread_id": 70165874327560,
      "defined_class": "Spree::Preferences::Preferable",
      "method_id": "defined_preferences",
      "path": "/Users/kgilpin/source/land-of-apps/solidus/core/lib/spree/preferences/preferable.rb",
      "lineno": 107,
      "static": false,
      "parameters": [],
      "receiver": {
        "class": "Spree::AppConfiguration",
        "object_id": 70165880790920,
        "value": "#<Spree::AppConfiguration:0x00007fa188ccbf10>"
      }
    },
    {
      "id": 1143,
      "event": "call",
      "thread_id": 70165874327560,
      "defined_class": "Spree::Preferences::PreferableClassMethods",
      "method_id": "defined_preferences",
      "path": "/Users/kgilpin/source/land-of-apps/solidus/core/lib/spree/preferences/preferable_class_methods.rb",
      "lineno": 17,
      "static": true,
      "parameters": [],
      "receiver": {
        "class": "Class",
        "object_id": 70165955190500,
        "value": "Spree::AppConfiguration"
      }
    },
    {
      "id": 1144,
      "event": "return",
      "thread_id": 70165874327560,
      "parent_id": 1143,
      "elapsed": 0.000005,
      "return_value": {
        "class": "Array",
        "value": "[]",
        "object_id": 70165886216380
      }
    },
    {
      "id": 1145,
      "event": "return",
      "thread_id": 70165874327560,
      "parent_id": 1142,
      "elapsed": 0.000059,
      "return_value": {
        "class": "Array",
        "value": "[:address_requires_state, :admin_interface_logo, :admin_products_per_page, :admin_variants_per_page,",
        "object_id": 70165886215760
      }
    },
    {
      "id": 1146,
      "event": "return",
      "thread_id": 70165874327560,
      "parent_id": 1141,
      "elapsed": 0.000152,
      "return_value": {
        "class": "TrueClass",
        "value": "true",
        "object_id": 20
      }
    },
    {
      "id": 1147,
      "event": "return",
      "thread_id": 70165874327560,
      "parent_id": 1140,
      "elapsed": 0.000207
    },
    {
      "id": 1148,
      "event": "call",
      "thread_id": 70165874327560,
      "defined_class": "Spree::Preferences::PreferableClassMethods",
      "method_id": "preference_getter_method",
      "path": "/Users/kgilpin/source/land-of-apps/solidus/core/lib/spree/preferences/preferable_class_methods.rb",
      "lineno": 70,
      "static": true,
      "parameters": [
        {
          "name": "name",
          "class": "Symbol",
          "object_id": 8554908,
          "value": "guest_token_cookie_options",
          "kind": "req"
        }
      ],
      "receiver": {
        "class": "Class",
        "object_id": 70165955190500,
        "value": "Spree::AppConfiguration"
      }
    },
    {
      "id": 1149,
      "event": "return",
      "thread_id": 70165874327560,
      "parent_id": 1148,
      "elapsed": 0.000006,
      "return_value": {
        "class": "Symbol",
        "value": "preferred_guest_token_cookie_options",
        "object_id": 70165955244980
      }
    },
    {
      "id": 1150,
      "event": "call",
      "thread_id": 70165874327560,
      "defined_class": "Spree::AppConfiguration",
      "method_id": "preferred_guest_token_cookie_options",
      "path": "/Users/kgilpin/source/land-of-apps/solidus/core/lib/spree/preferences/preferable_class_methods.rb",
      "lineno": 45,
      "static": false,
      "parameters": [],
      "receiver": {
        "class": "Spree::AppConfiguration",
        "object_id": 70165880790920,
        "value": "#<Spree::AppConfiguration:0x00007fa188ccbf10>"
      }
    },
    {
      "id": 1151,
      "event": "call",
      "thread_id": 70165874327560,
      "defined_class": "Spree::Preferences::Configuration",
      "method_id": "preferences",
      "path": "/Users/kgilpin/source/land-of-apps/solidus/core/lib/spree/preferences/configuration.rb",
      "lineno": 40,
      "static": false,
      "parameters": [],
      "receiver": {
        "class": "Spree::AppConfiguration",
        "object_id": 70165880790920,
        "value": "#<Spree::AppConfiguration:0x00007fa188ccbf10>"
      }
    },
    {
      "id": 1152,
      "event": "return",
      "thread_id": 70165874327560,
      "parent_id": 1151,
      "elapsed": 0.000005,
      "return_value": {
        "class": "Hash",
        "value": "{:address_requires_state=>true, :admin_interface_logo=>\"logo/solidus.svg\", :admin_products_per_page=",
        "object_id": 70165956123620
      }
    },
    {
      "id": 1153,
      "event": "return",
      "thread_id": 70165874327560,
      "parent_id": 1150,
      "elapsed": 0.000155,
      "return_value": {
        "class": "Hash",
        "value": "{}",
        "object_id": 70165955246040
      }
    },
    {
      "id": 1154,
      "event": "return",
      "thread_id": 70165874327560,
      "parent_id": 1139,
      "elapsed": 0.000529,
      "return_value": {
        "class": "Hash",
        "value": "{}",
        "object_id": 70165955246040
      }
    },
    {
      "id": 1155,
      "event": "call",
      "thread_id": 70165874327560,
      "defined_class": "ActionDispatch::Cookies::CookieJar",
      "method_id": "[]=",
      "path": "/Users/kgilpin/.rbenv/versions/2.6.6/lib/ruby/gems/2.6.0/gems/actionpack-6.0.3.4/lib/action_dispatch/middleware/cookies.rb",
      "lineno": 373,
      "static": false,
      "parameters": [
        {
          "name": "name",
          "class": "Symbol",
          "object_id": 8800988,
          "value": "guest_token",
          "kind": "req"
        },
        {
          "name": "options",
          "class": "Hash",
          "object_id": 70165886284480,
          "value": "{:value=>\"BAhJIhtyQjhIR1Zzay1kdzVyUUpmR05nWnFBBjoGRUY=--8613ff079d52f9e565ceed9b60cff66501ded5a2\", :",
          "kind": "req"
        }
      ],
      "receiver": {
        "class": "ActionDispatch::Cookies::CookieJar",
        "object_id": 70165886168780,
        "value": "#<ActionDispatch::Cookies::CookieJar:0x00007fa18970dd98>"
      }
    },
    {
      "id": 1156,
      "event": "return",
      "thread_id": 70165874327560,
      "parent_id": 1155,
      "elapsed": 0.000013,
      "return_value": {
        "class": "String",
        "value": "BAhJIhtyQjhIR1Zzay1kdzVyUUpmR05nWnFBBjoGRUY=--8613ff079d52f9e565ceed9b60cff66501ded5a2",
        "object_id": 70165886283980
      }
    },
    {
      "id": 1157,
      "event": "return",
      "thread_id": 70165874327560,
      "parent_id": 1136,
      "elapsed": 0.000951,
      "return_value": {
        "class": "Hash",
        "value": "{:value=>\"BAhJIhtyQjhIR1Zzay1kdzVyUUpmR05nWnFBBjoGRUY=--8613ff079d52f9e565ceed9b60cff66501ded5a2\", :",
        "object_id": 70165886284480
      }
    },
    {
      "id": 1158,
      "event": "call",
      "thread_id": 70165874327560,
      "defined_class": "Spree",
      "method_id": "i18n_available_locales",
      "path": "/Users/kgilpin/source/land-of-apps/solidus/core/lib/spree/i18n.rb",
      "lineno": 8,
      "static": true,
      "parameters": [],
      "receiver": {
        "class": "Module",
        "object_id": 70165903731900,
        "value": "Spree"
      }
    },
    {
      "id": 1159,
      "event": "return",
      "thread_id": 70165874327560,
      "parent_id": 1158,
      "elapsed": 0.000192,
      "return_value": {
        "class": "Array",
        "value": "[:en]",
        "object_id": 70165886316860
      }
    },
    {
      "id": 1160,
      "event": "call",
      "thread_id": 70165874327560,
      "defined_class": "Spree::Preferences::Preferable",
      "method_id": "get_preference",
      "path": "/Users/kgilpin/source/land-of-apps/solidus/core/lib/spree/preferences/preferable.rb",
      "lineno": 66,
      "static": false,
      "parameters": [
        {
          "name": "name",
          "class": "Symbol",
          "object_id": 2696668,
          "value": "locale",
          "kind": "req"
        }
      ],
      "receiver": {
        "class": "Spree::BackendConfiguration",
        "object_id": 70165957348580,
        "value": "#<Spree::BackendConfiguration:0x00007fa191ed19c8>"
      }
    },
    {
      "id": 1161,
      "event": "call",
      "thread_id": 70165874327560,
      "defined_class": "Spree::Preferences::Preferable",
      "method_id": "has_preference!",
      "path": "/Users/kgilpin/source/land-of-apps/solidus/core/lib/spree/preferences/preferable.rb",
      "lineno": 96,
      "static": false,
      "parameters": [
        {
          "name": "name",
          "class": "Symbol",
          "object_id": 2696668,
          "value": "locale",
          "kind": "req"
        }
      ],
      "receiver": {
        "class": "Spree::BackendConfiguration",
        "object_id": 70165957348580,
        "value": "#<Spree::BackendConfiguration:0x00007fa191ed19c8>"
      }
    },
    {
      "id": 1162,
      "event": "call",
      "thread_id": 70165874327560,
      "defined_class": "Spree::Preferences::Preferable",
      "method_id": "has_preference?",
      "path": "/Users/kgilpin/source/land-of-apps/solidus/core/lib/spree/preferences/preferable.rb",
      "lineno": 102,
      "static": false,
      "parameters": [
        {
          "name": "name",
          "class": "Symbol",
          "object_id": 2696668,
          "value": "locale",
          "kind": "req"
        }
      ],
      "receiver": {
        "class": "Spree::BackendConfiguration",
        "object_id": 70165957348580,
        "value": "#<Spree::BackendConfiguration:0x00007fa191ed19c8>"
      }
    },
    {
      "id": 1163,
      "event": "call",
      "thread_id": 70165874327560,
      "defined_class": "Spree::Preferences::Preferable",
      "method_id": "defined_preferences",
      "path": "/Users/kgilpin/source/land-of-apps/solidus/core/lib/spree/preferences/preferable.rb",
      "lineno": 107,
      "static": false,
      "parameters": [],
      "receiver": {
        "class": "Spree::BackendConfiguration",
        "object_id": 70165957348580,
        "value": "#<Spree::BackendConfiguration:0x00007fa191ed19c8>"
      }
    },
    {
      "id": 1164,
      "event": "call",
      "thread_id": 70165874327560,
      "defined_class": "Spree::Preferences::PreferableClassMethods",
      "method_id": "defined_preferences",
      "path": "/Users/kgilpin/source/land-of-apps/solidus/core/lib/spree/preferences/preferable_class_methods.rb",
      "lineno": 17,
      "static": true,
      "parameters": [],
      "receiver": {
        "class": "Class",
        "object_id": 70165956884400,
        "value": "Spree::BackendConfiguration"
      }
    },
    {
      "id": 1165,
      "event": "return",
      "thread_id": 70165874327560,
      "parent_id": 1164,
      "elapsed": 0.000005,
      "return_value": {
        "class": "Array",
        "value": "[]",
        "object_id": 70165886435260
      }
    },
    {
      "id": 1166,
      "event": "return",
      "thread_id": 70165874327560,
      "parent_id": 1163,
      "elapsed": 0.00006,
      "return_value": {
        "class": "Array",
        "value": "[:locale, :unfrozen_preference_store]",
        "object_id": 70165886431380
      }
    },
    {
      "id": 1167,
      "event": "return",
      "thread_id": 70165874327560,
      "parent_id": 1162,
      "elapsed": 0.000114,
      "return_value": {
        "class": "TrueClass",
        "value": "true",
        "object_id": 20
      }
    },
    {
      "id": 1168,
      "event": "return",
      "thread_id": 70165874327560,
      "parent_id": 1161,
      "elapsed": 0.000171
    },
    {
      "id": 1169,
      "event": "call",
      "thread_id": 70165874327560,
      "defined_class": "Spree::Preferences::PreferableClassMethods",
      "method_id": "preference_getter_method",
      "path": "/Users/kgilpin/source/land-of-apps/solidus/core/lib/spree/preferences/preferable_class_methods.rb",
      "lineno": 70,
      "static": true,
      "parameters": [
        {
          "name": "name",
          "class": "Symbol",
          "object_id": 2696668,
          "value": "locale",
          "kind": "req"
        }
      ],
      "receiver": {
        "class": "Class",
        "object_id": 70165956884400,
        "value": "Spree::BackendConfiguration"
      }
    },
    {
      "id": 1170,
      "event": "return",
      "thread_id": 70165874327560,
      "parent_id": 1169,
      "elapsed": 0.000005,
      "return_value": {
        "class": "Symbol",
        "value": "preferred_locale",
        "object_id": 70165956883180
      }
    },
    {
      "id": 1171,
      "event": "call",
      "thread_id": 70165874327560,
      "defined_class": "Spree::BackendConfiguration",
      "method_id": "preferred_locale",
      "path": "/Users/kgilpin/source/land-of-apps/solidus/core/lib/spree/preferences/preferable_class_methods.rb",
      "lineno": 45,
      "static": false,
      "parameters": [],
      "receiver": {
        "class": "Spree::BackendConfiguration",
        "object_id": 70165957348580,
        "value": "#<Spree::BackendConfiguration:0x00007fa191ed19c8>"
      }
    },
    {
      "id": 1172,
      "event": "call",
      "thread_id": 70165874327560,
      "defined_class": "Spree::Preferences::Configuration",
      "method_id": "preferences",
      "path": "/Users/kgilpin/source/land-of-apps/solidus/core/lib/spree/preferences/configuration.rb",
      "lineno": 40,
      "static": false,
      "parameters": [],
      "receiver": {
        "class": "Spree::BackendConfiguration",
        "object_id": 70165957348580,
        "value": "#<Spree::BackendConfiguration:0x00007fa191ed19c8>"
      }
    },
    {
      "id": 1173,
      "event": "return",
      "thread_id": 70165874327560,
      "parent_id": 1172,
      "elapsed": 0.000005,
      "return_value": {
        "class": "Hash",
        "value": "{:locale=>:en, :unfrozen_preference_store=>{:locale=>:en, :unfrozen_preference_store=>nil}}",
        "object_id": 70165946446000
      }
    },
    {
      "id": 1174,
      "event": "return",
      "thread_id": 70165874327560,
      "parent_id": 1171,
      "elapsed": 0.000062,
      "return_value": {
        "class": "Symbol",
        "value": "en",
        "object_id": 2696988
      }
    },
    {
      "id": 1175,
      "event": "return",
      "thread_id": 70165874327560,
      "parent_id": 1160,
      "elapsed": 0.000392,
      "return_value": {
        "class": "Symbol",
        "value": "en",
        "object_id": 2696988
      }
    },
    {
      "id": 1176,
      "event": "call",
      "thread_id": 70165874327560,
      "defined_class": "Carmen",
      "method_id": "i18n_backend",
      "path": "/Users/kgilpin/.rbenv/versions/2.6.6/lib/ruby/gems/2.6.0/gems/carmen-1.1.3/lib/carmen.rb",
      "lineno": 38,
      "static": true,
      "parameters": [],
      "receiver": {
        "class": "Module",
        "object_id": 70165956773220,
        "value": "Carmen"
      }
    },
    {
      "id": 1177,
      "event": "return",
      "thread_id": 70165874327560,
      "parent_id": 1176,
      "elapsed": 0.000004,
      "return_value": {
        "class": "Carmen::I18n::Simple",
        "value": "#<Carmen::I18n::Simple:0x00007fa18bacee80>",
        "object_id": 70165904914240
      }
    },
    {
      "id": 1178,
      "event": "call",
      "thread_id": 70165874327560,
      "defined_class": "Spree::Admin::UsersController",
      "method_id": "model_class",
      "path": "app/controllers/spree/admin/users_controller.rb",
      "lineno": 119,
      "static": false,
      "parameters": [],
      "receiver": {
        "class": "Spree::Admin::UsersController",
        "object_id": 70165886007020,
        "value": "#<Spree::Admin::UsersController:0x00007fa1896bedd8>"
      }
    },
    {
      "id": 1179,
      "event": "call",
      "thread_id": 70165874327560,
      "defined_class": "Spree",
      "method_id": "user_class",
      "path": "/Users/kgilpin/source/land-of-apps/solidus/core/lib/spree/core.rb",
      "lineno": 26,
      "static": true,
      "parameters": [],
      "receiver": {
        "class": "Module",
        "object_id": 70165903731900,
        "value": "Spree"
      }
    },
    {
      "id": 1180,
      "event": "return",
      "thread_id": 70165874327560,
      "parent_id": 1179,
      "elapsed": 0.000014,
      "return_value": {
        "class": "Class",
        "value": "Spree::LegacyUser",
        "object_id": 70165967717820
      }
    },
    {
      "id": 1181,
      "event": "return",
      "thread_id": 70165874327560,
      "parent_id": 1178,
      "elapsed": 0.000079,
      "return_value": {
        "class": "Class",
        "value": "Spree::LegacyUser",
        "object_id": 70165967717820
      }
    },
    {
      "id": 1182,
      "event": "call",
      "thread_id": 70165874327560,
      "defined_class": "Spree::Admin::UsersController",
      "method_id": "model_class",
      "path": "app/controllers/spree/admin/users_controller.rb",
      "lineno": 119,
      "static": false,
      "parameters": [],
      "receiver": {
        "class": "Spree::Admin::UsersController",
        "object_id": 70165886007020,
        "value": "#<Spree::Admin::UsersController:0x00007fa1896bedd8>"
      }
    },
    {
      "id": 1183,
      "event": "call",
      "thread_id": 70165874327560,
      "defined_class": "Spree",
      "method_id": "user_class",
      "path": "/Users/kgilpin/source/land-of-apps/solidus/core/lib/spree/core.rb",
      "lineno": 26,
      "static": true,
      "parameters": [],
      "receiver": {
        "class": "Module",
        "object_id": 70165903731900,
        "value": "Spree"
      }
    },
    {
      "id": 1184,
      "event": "return",
      "thread_id": 70165874327560,
      "parent_id": 1183,
      "elapsed": 0.000008,
      "return_value": {
        "class": "Class",
        "value": "Spree::LegacyUser",
        "object_id": 70165967717820
      }
    },
    {
      "id": 1185,
      "event": "return",
      "thread_id": 70165874327560,
      "parent_id": 1182,
      "elapsed": 0.000061,
      "return_value": {
        "class": "Class",
        "value": "Spree::LegacyUser",
        "object_id": 70165967717820
      }
    },
    {
      "id": 1186,
      "event": "call",
      "thread_id": 70165874327560,
      "defined_class": "CanCan::ControllerAdditions",
      "method_id": "authorize!",
      "path": "/Users/kgilpin/.rbenv/versions/2.6.6/lib/ruby/gems/2.6.0/gems/cancancan-3.1.0/lib/cancan/controller_additions.rb",
      "lineno": 337,
      "static": false,
      "parameters": [
        {
          "name": "args",
          "class": "Array",
          "object_id": 70165886509260,
          "value": "[:admin, Spree::LegacyUser(id: integer, crypted_password: string, salt: string, email: string, remem",
          "kind": "rest"
        }
      ],
      "receiver": {
        "class": "Spree::Admin::UsersController",
        "object_id": 70165886007020,
        "value": "#<Spree::Admin::UsersController:0x00007fa1896bedd8>"
      }
    },
    {
      "id": 1187,
      "event": "call",
      "thread_id": 70165874327560,
      "defined_class": "CanCan::Ability",
      "method_id": "authorize!",
      "path": "/Users/kgilpin/.rbenv/versions/2.6.6/lib/ruby/gems/2.6.0/gems/cancancan-3.1.0/lib/cancan/ability.rb",
      "lineno": 176,
      "static": false,
      "parameters": [
        {
          "name": "action",
          "class": "Symbol",
          "object_id": 8584668,
          "value": "admin",
          "kind": "req"
        },
        {
          "name": "subject",
          "class": "Class",
          "object_id": 70165967717820,
          "value": "Spree::LegacyUser",
          "kind": "req"
        },
        {
          "name": "args",
          "class": "Array",
          "object_id": 70165886581840,
          "value": "[]",
          "kind": "rest"
        }
      ],
      "receiver": {
        "class": "Object",
        "object_id": 70165886024000,
        "value": "#<#<Class:0x00007fa191ebcf50>:0x00007fa1896c7280>"
      }
    },
    {
      "id": 1188,
      "event": "call",
      "thread_id": 70165874327560,
      "defined_class": "CanCan::Ability",
      "method_id": "cannot?",
      "path": "/Users/kgilpin/.rbenv/versions/2.6.6/lib/ruby/gems/2.6.0/gems/cancancan-3.1.0/lib/cancan/ability.rb",
      "lineno": 87,
      "static": false,
      "parameters": [
        {
          "name": "args",
          "class": "Array",
          "object_id": 70165886577780,
          "value": "[:admin, Spree::LegacyUser(id: integer, crypted_password: string, salt: string, email: string, remem",
          "kind": "rest"
        }
      ],
      "receiver": {
        "class": "Object",
        "object_id": 70165886024000,
        "value": "#<#<Class:0x00007fa191ebcf50>:0x00007fa1896c7280>"
      }
    },
    {
      "id": 1189,
      "event": "call",
      "thread_id": 70165874327560,
      "defined_class": "CanCan::Ability",
      "method_id": "can?",
      "path": "/Users/kgilpin/.rbenv/versions/2.6.6/lib/ruby/gems/2.6.0/gems/cancancan-3.1.0/lib/cancan/ability.rb",
      "lineno": 74,
      "static": false,
      "parameters": [
        {
          "name": "action",
          "class": "Symbol",
          "object_id": 8584668,
          "value": "admin",
          "kind": "req"
        },
        {
          "name": "subject",
          "class": "Class",
          "object_id": 70165967717820,
          "value": "Spree::LegacyUser",
          "kind": "req"
        },
        {
          "name": "attribute",
          "class": "NilClass",
          "object_id": 8,
          "value": null,
          "kind": "opt"
        },
        {
          "name": "extra_args",
          "class": "NilClass",
          "object_id": 8,
          "value": null,
          "kind": "rest"
        }
      ],
      "receiver": {
        "class": "Object",
        "object_id": 70165886024000,
        "value": "#<#<Class:0x00007fa191ebcf50>:0x00007fa1896c7280>"
      }
    },
    {
      "id": 1190,
      "event": "return",
      "thread_id": 70165874327560,
      "parent_id": 1189,
      "elapsed": 0.000029
    },
    {
      "id": 1191,
      "event": "return",
      "thread_id": 70165874327560,
      "parent_id": 1188,
      "elapsed": 0.001536,
      "return_value": {
        "class": "TrueClass",
        "value": "true",
        "object_id": 20
      }
    },
    {
      "id": 1192,
      "event": "call",
      "thread_id": 70165874327560,
      "defined_class": "CanCan::UnauthorizedMessageResolver",
      "method_id": "unauthorized_message",
      "path": "/Users/kgilpin/.rbenv/versions/2.6.6/lib/ruby/gems/2.6.0/gems/cancancan-3.1.0/lib/cancan/unauthorized_message_resolver.rb",
      "lineno": 5,
      "static": false,
      "parameters": [
        {
          "name": "action",
          "class": "Symbol",
          "object_id": 8584668,
          "value": "admin",
          "kind": "req"
        },
        {
          "name": "subject",
          "class": "Class",
          "object_id": 70165967717820,
          "value": "Spree::LegacyUser",
          "kind": "req"
        }
      ],
      "receiver": {
        "class": "Object",
        "object_id": 70165886024000,
        "value": "#<#<Class:0x00007fa191ebcf50>:0x00007fa1896c7280>"
      }
    },
    {
      "id": 1193,
      "event": "call",
      "thread_id": 70165874327560,
      "defined_class": "CanCan::Ability::Actions",
      "method_id": "aliased_actions",
      "path": "/Users/kgilpin/.rbenv/versions/2.6.6/lib/ruby/gems/2.6.0/gems/cancancan-3.1.0/lib/cancan/ability/actions.rb",
      "lineno": 43,
      "static": false,
      "parameters": [],
      "receiver": {
        "class": "Object",
        "object_id": 70165886024000,
        "value": "#<#<Class:0x00007fa191ebcf50>:0x00007fa1896c7280>"
      }
    },
    {
      "id": 1194,
      "event": "return",
      "thread_id": 70165874327560,
      "parent_id": 1193,
      "elapsed": 0.000008,
      "return_value": {
        "class": "Hash",
        "value": "{:read=>[:index, :show], :create=>[:new], :update=>[:edit]}",
        "object_id": 70165966377220
      }
    },
    {
      "id": 1195,
      "event": "call",
      "thread_id": 70165874327560,
      "defined_class": "CanCan::UnauthorizedMessageResolver",
      "method_id": "translate_subject",
      "path": "/Users/kgilpin/.rbenv/versions/2.6.6/lib/ruby/gems/2.6.0/gems/cancancan-3.1.0/lib/cancan/unauthorized_message_resolver.rb",
      "lineno": 15,
      "static": false,
      "parameters": [
        {
          "name": "subject",
          "class": "Class",
          "object_id": 70165967717820,
          "value": "Spree::LegacyUser",
          "kind": "req"
        }
      ],
      "receiver": {
        "class": "Object",
        "object_id": 70165886024000,
        "value": "#<#<Class:0x00007fa191ebcf50>:0x00007fa1896c7280>"
      }
    },
    {
      "id": 1196,
      "event": "call",
      "thread_id": 70165874327560,
      "defined_class": "Spree::LegacyUser",
      "method_id": "model_name",
      "path": "/Users/kgilpin/source/land-of-apps/solidus/core/app/models/spree/legacy_user.rb",
      "lineno": 13,
      "static": true,
      "parameters": [],
      "receiver": {
        "class": "Class",
        "object_id": 70165967717820,
        "value": "Spree::LegacyUser"
      }
    },
    {
      "id": 1197,
      "event": "return",
      "thread_id": 70165874327560,
      "parent_id": 1196,
      "elapsed": 0.00018,
      "return_value": {
        "class": "ActiveModel::Name",
        "value": "user",
        "object_id": 70165966392240
      }
    },
    {
      "id": 1198,
      "event": "call",
      "thread_id": 70165874327560,
      "defined_class": "ActiveRecord::Translation",
      "method_id": "lookup_ancestors",
      "path": "/Users/kgilpin/.rbenv/versions/2.6.6/lib/ruby/gems/2.6.0/gems/activerecord-6.0.3.4/lib/active_record/translation.rb",
      "lineno": 8,
      "static": true,
      "parameters": [],
      "receiver": {
        "class": "Class",
        "object_id": 70165967717820,
        "value": "Spree::LegacyUser"
      }
    },
    {
      "id": 1199,
      "event": "return",
      "thread_id": 70165874327560,
      "parent_id": 1198,
      "elapsed": 0.000026,
      "return_value": {
        "class": "Array",
        "value": "[Spree::LegacyUser(id: integer, crypted_password: string, salt: string, email: string, remember_toke",
        "object_id": 70165966410120
      }
    },
    {
      "id": 1200,
      "event": "call",
      "thread_id": 70165874327560,
      "defined_class": "Spree::LegacyUser",
      "method_id": "model_name",
      "path": "/Users/kgilpin/source/land-of-apps/solidus/core/app/models/spree/legacy_user.rb",
      "lineno": 13,
      "static": true,
      "parameters": [],
      "receiver": {
        "class": "Class",
        "object_id": 70165967717820,
        "value": "Spree::LegacyUser"
      }
    },
    {
      "id": 1201,
      "event": "return",
      "thread_id": 70165874327560,
      "parent_id": 1200,
      "elapsed": 0.000114,
      "return_value": {
        "class": "ActiveModel::Name",
        "value": "user",
        "object_id": 70165966439760
      }
    },
    {
      "id": 1202,
      "event": "call",
      "thread_id": 70165874327560,
      "defined_class": "ActiveRecord::Translation",
      "method_id": "i18n_scope",
      "path": "/Users/kgilpin/.rbenv/versions/2.6.6/lib/ruby/gems/2.6.0/gems/activerecord-6.0.3.4/lib/active_record/translation.rb",
      "lineno": 20,
      "static": true,
      "parameters": [],
      "receiver": {
        "class": "Class",
        "object_id": 70165967717820,
        "value": "Spree::LegacyUser"
      }
    },
    {
      "id": 1203,
      "event": "return",
      "thread_id": 70165874327560,
      "parent_id": 1202,
      "elapsed": 0.000006,
      "return_value": {
        "class": "Symbol",
        "value": "activerecord",
        "object_id": 9224028
      }
    },
    {
      "id": 1204,
      "event": "return",
      "thread_id": 70165874327560,
      "parent_id": 1195,
      "elapsed": 0.00091,
      "return_value": {
        "class": "String",
        "value": "User",
        "object_id": 70165966456900
      }
    },
    {
      "id": 1205,
      "event": "return",
      "thread_id": 70165874327560,
      "parent_id": 1192,
      "elapsed": 0.003872
    },
    {
      "id": 1206,
      "event": "return",
      "thread_id": 70165874327560,
      "parent_id": 1187,
      "elapsed": 0.008926,
      "exceptions": [
        {
          "class": "CanCan::AccessDenied",
          "message": "You are not authorized to access this page.",
          "object_id": 70165966477020,
          "path": "/Users/kgilpin/.rbenv/versions/2.6.6/lib/ruby/gems/2.6.0/gems/cancancan-3.1.0/lib/cancan/ability.rb",
          "lineno": 180
        }
      ]
    },
    {
      "id": 1207,
      "event": "return",
      "thread_id": 70165874327560,
      "parent_id": 1186,
      "elapsed": 0.012329,
      "exceptions": [
        {
          "class": "CanCan::AccessDenied",
          "message": "You are not authorized to access this page.",
          "object_id": 70165966477020,
          "path": "/Users/kgilpin/.rbenv/versions/2.6.6/lib/ruby/gems/2.6.0/gems/cancancan-3.1.0/lib/cancan/ability.rb",
          "lineno": 180
        }
      ]
    },
    {
      "id": 1208,
      "event": "call",
      "thread_id": 70165874327560,
      "defined_class": "Spree::AppConfiguration",
      "method_id": "redirect_back_on_unauthorized",
      "path": "/Users/kgilpin/source/land-of-apps/solidus/core/lib/spree/preferences/preferable_class_methods.rb",
      "lineno": 45,
      "static": false,
      "parameters": [],
      "receiver": {
        "class": "Spree::AppConfiguration",
        "object_id": 70165880790920,
        "value": "#<Spree::AppConfiguration:0x00007fa188ccbf10>"
      }
    },
    {
      "id": 1209,
      "event": "call",
      "thread_id": 70165874327560,
      "defined_class": "Spree::Preferences::Configuration",
      "method_id": "preferences",
      "path": "/Users/kgilpin/source/land-of-apps/solidus/core/lib/spree/preferences/configuration.rb",
      "lineno": 40,
      "static": false,
      "parameters": [],
      "receiver": {
        "class": "Spree::AppConfiguration",
        "object_id": 70165880790920,
        "value": "#<Spree::AppConfiguration:0x00007fa188ccbf10>"
      }
    },
    {
      "id": 1210,
      "event": "return",
      "thread_id": 70165874327560,
      "parent_id": 1209,
      "elapsed": 0.000006,
      "return_value": {
        "class": "Hash",
        "value": "{:address_requires_state=>true, :admin_interface_logo=>\"logo/solidus.svg\", :admin_products_per_page=",
        "object_id": 70165956123620
      }
    },
    {
      "id": 1211,
      "event": "return",
      "thread_id": 70165874327560,
      "parent_id": 1208,
      "elapsed": 0.000194,
      "return_value": {
        "class": "TrueClass",
        "value": "true",
        "object_id": 20
      }
    },
    {
      "id": 1212,
      "event": "call",
      "thread_id": 70165874327560,
      "defined_class": "ActiveRecord::ConnectionHandling",
      "method_id": "connected?",
      "path": "/Users/kgilpin/.rbenv/versions/2.6.6/lib/ruby/gems/2.6.0/gems/activerecord-6.0.3.4/lib/active_record/connection_handling.rb",
      "lineno": 225,
      "static": true,
      "parameters": [],
      "receiver": {
        "class": "Class",
        "object_id": 70165879939200,
        "value": "ActiveRecord::Base"
      }
    },
    {
      "id": 1213,
      "event": "return",
      "thread_id": 70165874327560,
      "parent_id": 1212,
      "elapsed": 0.000035,
      "return_value": {
        "class": "TrueClass",
        "value": "true",
        "object_id": 20
      }
    },
    {
      "id": 1214,
      "event": "return",
      "thread_id": 70165874327560,
      "parent_id": 1135,
      "elapsed": 0.01562,
      "http_server_response": {
        "status": 302
      }
    },
    {
      "id": 1215,
      "event": "call",
      "thread_id": 70165874327560,
      "defined_class": "ActionDispatch::Cookies::CookieJar",
      "method_id": "update",
      "path": "/Users/kgilpin/.rbenv/versions/2.6.6/lib/ruby/gems/2.6.0/gems/actionpack-6.0.3.4/lib/action_dispatch/middleware/cookies.rb",
      "lineno": 333,
      "static": false,
      "parameters": [
        {
          "name": "other_hash",
          "class": "Hash",
          "object_id": 70165886168640,
          "value": "{\"guest_token\"=>\"BAhJIhtyQjhIR1Zzay1kdzVyUUpmR05nWnFBBjoGRUY=--8613ff079d52f9e565ceed9b60cff66501ded",
          "kind": "req"
        }
      ],
      "receiver": {
        "class": "ActionDispatch::Cookies::CookieJar",
        "object_id": 70165886040100,
        "value": "#<ActionDispatch::Cookies::CookieJar:0x00007fa1896cf048>"
      }
    },
    {
      "id": 1216,
      "event": "return",
      "thread_id": 70165874327560,
      "parent_id": 1215,
      "elapsed": 0.000007,
      "return_value": {
        "class": "ActionDispatch::Cookies::CookieJar",
        "value": "#<ActionDispatch::Cookies::CookieJar:0x00007fa1896cf048>",
        "object_id": 70165886040100
      }
    }
  ]
}